solid OpenSCAD_Model
  facet normal -0.427575 -0.90398 0
    outer loop
      vertex -1.14279 -2.06384 -5
      vertex -0.965366 -2.14776 9.1
      vertex -1.14279 -2.06384 9.1
    endloop
  endfacet
  facet normal -0.427575 -0.90398 -0
    outer loop
      vertex -0.965366 -2.14776 9.1
      vertex -1.14279 -2.06384 -5
      vertex -0.965366 -2.14776 -5
    endloop
  endfacet
  facet normal -0.514084 -0.85774 0
    outer loop
      vertex -1.31114 -1.96294 -5
      vertex -1.14279 -2.06384 9.1
      vertex -1.31114 -1.96294 9.1
    endloop
  endfacet
  facet normal -0.514084 -0.85774 -0
    outer loop
      vertex -1.14279 -2.06384 9.1
      vertex -1.31114 -1.96294 -5
      vertex -1.14279 -2.06384 -5
    endloop
  endfacet
  facet normal -0.0489125 0.998803 0
    outer loop
      vertex -0.2 35.3 -5
      vertex -0.396034 35.2904 9.1
      vertex -0.2 35.3 9.1
    endloop
  endfacet
  facet normal -0.0489125 0.998803 0
    outer loop
      vertex -0.396034 35.2904 9.1
      vertex -0.2 35.3 -5
      vertex -0.396034 35.2904 -5
    endloop
  endfacet
  facet normal -0.989182 0.146696 0
    outer loop
      vertex -2.19037 33.496 -5
      vertex -2.16157 33.6902 9.1
      vertex -2.16157 33.6902 -5
    endloop
  endfacet
  facet normal -0.989182 0.146696 0
    outer loop
      vertex -2.16157 33.6902 9.1
      vertex -2.19037 33.496 -5
      vertex -2.19037 33.496 9.1
    endloop
  endfacet
  facet normal 0.0489209 0.998803 -0
    outer loop
      vertex 55.896 35.2904 -5
      vertex 55.7 35.3 9.1
      vertex 55.896 35.2904 9.1
    endloop
  endfacet
  facet normal 0.0489209 0.998803 0
    outer loop
      vertex 55.7 35.3 9.1
      vertex 55.896 35.2904 -5
      vertex 55.7 35.3 -5
    endloop
  endfacet
  facet normal -0.595695 -0.80321 0
    outer loop
      vertex -1.46879 -1.84602 -5
      vertex -1.31114 -1.96294 9.1
      vertex -1.46879 -1.84602 9.1
    endloop
  endfacet
  facet normal -0.595695 -0.80321 -0
    outer loop
      vertex -1.31114 -1.96294 9.1
      vertex -1.46879 -1.84602 -5
      vertex -1.31114 -1.96294 -5
    endloop
  endfacet
  facet normal -0.970035 0.242967 0
    outer loop
      vertex -2.16157 33.6902 -5
      vertex -2.11388 33.8806 9.1
      vertex -2.11388 33.8806 -5
    endloop
  endfacet
  facet normal -0.970035 0.242967 0
    outer loop
      vertex -2.11388 33.8806 9.1
      vertex -2.16157 33.6902 -5
      vertex -2.16157 33.6902 9.1
    endloop
  endfacet
  facet normal 1 0 0
    outer loop
      vertex 57.7 32.4141 8.36977
      vertex 57.7 33.3 9.1
      vertex 57.7 32.45 9.1
    endloop
  endfacet
  facet normal 1 0 0
    outer loop
      vertex 57.7 32.3069 7.64658
      vertex 57.7 33.3 9.1
      vertex 57.7 32.4141 8.36977
    endloop
  endfacet
  facet normal 1 0 0
    outer loop
      vertex 57.7 32.1292 6.93738
      vertex 57.7 33.3 9.1
      vertex 57.7 32.3069 7.64658
    endloop
  endfacet
  facet normal 1 0 0
    outer loop
      vertex 57.7 31.8829 6.24901
      vertex 57.7 33.3 9.1
      vertex 57.7 32.1292 6.93738
    endloop
  endfacet
  facet normal 1 0 0
    outer loop
      vertex 57.7 33.3 9.1
      vertex 57.7 31.8829 6.24901
      vertex 57.7 33.3 -5
    endloop
  endfacet
  facet normal 1 -0 0
    outer loop
      vertex 57.7 31.5703 5.58809
      vertex 57.7 33.3 -5
      vertex 57.7 31.8829 6.24901
    endloop
  endfacet
  facet normal 1 -0 0
    outer loop
      vertex 57.7 31.1944 4.961
      vertex 57.7 33.3 -5
      vertex 57.7 31.5703 5.58809
    endloop
  endfacet
  facet normal 1 -0 0
    outer loop
      vertex 57.7 30.7589 4.37377
      vertex 57.7 33.3 -5
      vertex 57.7 31.1944 4.961
    endloop
  endfacet
  facet normal 1 -0 0
    outer loop
      vertex 57.7 30.2679 3.83205
      vertex 57.7 33.3 -5
      vertex 57.7 30.7589 4.37377
    endloop
  endfacet
  facet normal 1 -0 0
    outer loop
      vertex 57.7 29.7262 3.34107
      vertex 57.7 33.3 -5
      vertex 57.7 30.2679 3.83205
    endloop
  endfacet
  facet normal 1 -0 0
    outer loop
      vertex 57.7 29.139 2.90555
      vertex 57.7 33.3 -5
      vertex 57.7 29.7262 3.34107
    endloop
  endfacet
  facet normal 1 -0 0
    outer loop
      vertex 57.7 28.5119 2.52969
      vertex 57.7 33.3 -5
      vertex 57.7 29.139 2.90555
    endloop
  endfacet
  facet normal 1 -0 0
    outer loop
      vertex 57.7 27.851 2.2171
      vertex 57.7 33.3 -5
      vertex 57.7 28.5119 2.52969
    endloop
  endfacet
  facet normal 1 -0 0
    outer loop
      vertex 57.7 27.1626 1.97079
      vertex 57.7 33.3 -5
      vertex 57.7 27.851 2.2171
    endloop
  endfacet
  facet normal 1 -0 0
    outer loop
      vertex 57.7 26.4534 1.79315
      vertex 57.7 33.3 -5
      vertex 57.7 27.1626 1.97079
    endloop
  endfacet
  facet normal 1 -0 0
    outer loop
      vertex 57.7 25.7302 1.68587
      vertex 57.7 33.3 -5
      vertex 57.7 26.4534 1.79315
    endloop
  endfacet
  facet normal 1 -0 0
    outer loop
      vertex 57.7 25 1.65
      vertex 57.7 33.3 -5
      vertex 57.7 25.7302 1.68587
    endloop
  endfacet
  facet normal 1 0 0
    outer loop
      vertex 57.7 24.2698 1.68587
      vertex 57.7 33.3 -5
      vertex 57.7 25 1.65
    endloop
  endfacet
  facet normal 1 0 0
    outer loop
      vertex 57.7 23.5466 1.79315
      vertex 57.7 33.3 -5
      vertex 57.7 24.2698 1.68587
    endloop
  endfacet
  facet normal 1 0 0
    outer loop
      vertex 57.7 22.8374 1.97079
      vertex 57.7 33.3 -5
      vertex 57.7 23.5466 1.79315
    endloop
  endfacet
  facet normal 1 0 0
    outer loop
      vertex 57.7 10.1626 1.97079
      vertex 57.7 22.8374 1.97079
      vertex 57.7 22.149 2.2171
    endloop
  endfacet
  facet normal 1 0 0
    outer loop
      vertex 57.7 10.851 2.2171
      vertex 57.7 22.149 2.2171
      vertex 57.7 21.4881 2.52969
    endloop
  endfacet
  facet normal 1 0 0
    outer loop
      vertex 57.7 11.5119 2.52969
      vertex 57.7 21.4881 2.52969
      vertex 57.7 20.861 2.90555
    endloop
  endfacet
  facet normal 1 -0 0
    outer loop
      vertex 57.7 15.45 9.1
      vertex 57.7 17.5859 8.36977
      vertex 57.7 17.55 9.1
    endloop
  endfacet
  facet normal 1 0 0
    outer loop
      vertex 57.7 15.4141 8.36977
      vertex 57.7 17.5859 8.36977
      vertex 57.7 15.45 9.1
    endloop
  endfacet
  facet normal 1 0 0
    outer loop
      vertex 57.7 17.5859 8.36977
      vertex 57.7 15.4141 8.36977
      vertex 57.7 17.6931 7.64658
    endloop
  endfacet
  facet normal 1 0 0
    outer loop
      vertex 57.7 15.3068 7.64658
      vertex 57.7 17.6931 7.64658
      vertex 57.7 15.4141 8.36977
    endloop
  endfacet
  facet normal 1 0 0
    outer loop
      vertex 57.7 17.6931 7.64658
      vertex 57.7 15.3068 7.64658
      vertex 57.7 17.8708 6.93738
    endloop
  endfacet
  facet normal 1 0 0
    outer loop
      vertex 57.7 15.1292 6.93738
      vertex 57.7 17.8708 6.93738
      vertex 57.7 15.3068 7.64658
    endloop
  endfacet
  facet normal 1 0 0
    outer loop
      vertex 57.7 17.8708 6.93738
      vertex 57.7 15.1292 6.93738
      vertex 57.7 18.1171 6.24901
    endloop
  endfacet
  facet normal 1 0 0
    outer loop
      vertex 57.7 14.8829 6.24901
      vertex 57.7 18.1171 6.24901
      vertex 57.7 15.1292 6.93738
    endloop
  endfacet
  facet normal 1 0 0
    outer loop
      vertex 57.7 18.1171 6.24901
      vertex 57.7 14.8829 6.24901
      vertex 57.7 18.4297 5.58809
    endloop
  endfacet
  facet normal 1 0 0
    outer loop
      vertex 57.7 14.5703 5.58809
      vertex 57.7 18.4297 5.58809
      vertex 57.7 14.8829 6.24901
    endloop
  endfacet
  facet normal 1 0 0
    outer loop
      vertex 57.7 18.4297 5.58809
      vertex 57.7 14.5703 5.58809
      vertex 57.7 18.8055 4.961
    endloop
  endfacet
  facet normal 1 0 0
    outer loop
      vertex 57.7 14.1944 4.961
      vertex 57.7 18.8055 4.961
      vertex 57.7 14.5703 5.58809
    endloop
  endfacet
  facet normal 1 0 0
    outer loop
      vertex 57.7 18.8055 4.961
      vertex 57.7 14.1944 4.961
      vertex 57.7 19.2411 4.37377
    endloop
  endfacet
  facet normal 1 0 0
    outer loop
      vertex 57.7 13.7589 4.37377
      vertex 57.7 19.2411 4.37377
      vertex 57.7 14.1944 4.961
    endloop
  endfacet
  facet normal 1 0 0
    outer loop
      vertex 57.7 19.2411 4.37377
      vertex 57.7 13.7589 4.37377
      vertex 57.7 19.7321 3.83205
    endloop
  endfacet
  facet normal 1 0 0
    outer loop
      vertex 57.7 13.2679 3.83205
      vertex 57.7 19.7321 3.83205
      vertex 57.7 13.7589 4.37377
    endloop
  endfacet
  facet normal 1 0 0
    outer loop
      vertex 57.7 19.7321 3.83205
      vertex 57.7 13.2679 3.83205
      vertex 57.7 20.2738 3.34107
    endloop
  endfacet
  facet normal 1 0 0
    outer loop
      vertex 57.7 12.7262 3.34107
      vertex 57.7 20.2738 3.34107
      vertex 57.7 13.2679 3.83205
    endloop
  endfacet
  facet normal 1 0 0
    outer loop
      vertex 57.7 20.2738 3.34107
      vertex 57.7 12.7262 3.34107
      vertex 57.7 20.861 2.90555
    endloop
  endfacet
  facet normal 1 0 0
    outer loop
      vertex 57.7 12.139 2.90555
      vertex 57.7 20.861 2.90555
      vertex 57.7 12.7262 3.34107
    endloop
  endfacet
  facet normal 1 0 0
    outer loop
      vertex 57.7 11.5119 2.52969
      vertex 57.7 20.861 2.90555
      vertex 57.7 12.139 2.90555
    endloop
  endfacet
  facet normal 1 0 0
    outer loop
      vertex 57.7 21.4881 2.52969
      vertex 57.7 11.5119 2.52969
      vertex 57.7 10.851 2.2171
    endloop
  endfacet
  facet normal 1 0 0
    outer loop
      vertex 57.7 22.149 2.2171
      vertex 57.7 10.851 2.2171
      vertex 57.7 10.1626 1.97079
    endloop
  endfacet
  facet normal 1 0 0
    outer loop
      vertex 57.7 22.8374 1.97079
      vertex 57.7 10.1626 1.97079
      vertex 57.7 33.3 -5
    endloop
  endfacet
  facet normal 1 0 0
    outer loop
      vertex 57.7 -0.299999 -5
      vertex 57.7 10.1626 1.97079
      vertex 57.7 9.45342 1.79315
    endloop
  endfacet
  facet normal 1 0 0
    outer loop
      vertex 57.7 -0.299999 -5
      vertex 57.7 9.45342 1.79315
      vertex 57.7 8.73023 1.68587
    endloop
  endfacet
  facet normal 1 0 0
    outer loop
      vertex 57.7 -0.299999 -5
      vertex 57.7 8.73023 1.68587
      vertex 57.7 8 1.65
    endloop
  endfacet
  facet normal 1 0 0
    outer loop
      vertex 57.7 -0.299999 -5
      vertex 57.7 8 1.65
      vertex 57.7 7.26977 1.68587
    endloop
  endfacet
  facet normal 1 0 0
    outer loop
      vertex 57.7 -0.299999 -5
      vertex 57.7 7.26977 1.68587
      vertex 57.7 6.54658 1.79315
    endloop
  endfacet
  facet normal 1 0 0
    outer loop
      vertex 57.7 -0.299999 -5
      vertex 57.7 6.54658 1.79315
      vertex 57.7 5.83738 1.97079
    endloop
  endfacet
  facet normal 1 -0 0
    outer loop
      vertex 57.7 -0.299999 9.1
      vertex 57.7 0.585874 8.36977
      vertex 57.7 0.549999 9.1
    endloop
  endfacet
  facet normal 1 0 0
    outer loop
      vertex 57.7 -0.299999 9.1
      vertex 57.7 0.69315 7.64658
      vertex 57.7 0.585874 8.36977
    endloop
  endfacet
  facet normal 1 0 0
    outer loop
      vertex 57.7 -0.299999 9.1
      vertex 57.7 0.870794 6.93738
      vertex 57.7 0.69315 7.64658
    endloop
  endfacet
  facet normal 1 0 0
    outer loop
      vertex 57.7 -0.299999 9.1
      vertex 57.7 1.1171 6.24901
      vertex 57.7 0.870794 6.93738
    endloop
  endfacet
  facet normal 1 0 0
    outer loop
      vertex 57.7 -0.299999 -5
      vertex 57.7 1.1171 6.24901
      vertex 57.7 -0.299999 9.1
    endloop
  endfacet
  facet normal 1 0 0
    outer loop
      vertex 57.7 10.1626 1.97079
      vertex 57.7 -0.299999 -5
      vertex 57.7 33.3 -5
    endloop
  endfacet
  facet normal 1 0 0
    outer loop
      vertex 57.7 5.14901 2.2171
      vertex 57.7 -0.299999 -5
      vertex 57.7 5.83738 1.97079
    endloop
  endfacet
  facet normal 1 0 0
    outer loop
      vertex 57.7 4.48809 2.52969
      vertex 57.7 -0.299999 -5
      vertex 57.7 5.14901 2.2171
    endloop
  endfacet
  facet normal 1 0 0
    outer loop
      vertex 57.7 3.861 2.90555
      vertex 57.7 -0.299999 -5
      vertex 57.7 4.48809 2.52969
    endloop
  endfacet
  facet normal 1 0 0
    outer loop
      vertex 57.7 3.27377 3.34107
      vertex 57.7 -0.299999 -5
      vertex 57.7 3.861 2.90555
    endloop
  endfacet
  facet normal 1 0 0
    outer loop
      vertex 57.7 2.73205 3.83205
      vertex 57.7 -0.299999 -5
      vertex 57.7 3.27377 3.34107
    endloop
  endfacet
  facet normal 1 0 0
    outer loop
      vertex 57.7 2.24107 4.37377
      vertex 57.7 -0.299999 -5
      vertex 57.7 2.73205 3.83205
    endloop
  endfacet
  facet normal 1 0 0
    outer loop
      vertex 57.7 1.80555 4.961
      vertex 57.7 -0.299999 -5
      vertex 57.7 2.24107 4.37377
    endloop
  endfacet
  facet normal 1 0 0
    outer loop
      vertex 57.7 1.42969 5.58809
      vertex 57.7 -0.299999 -5
      vertex 57.7 1.80555 4.961
    endloop
  endfacet
  facet normal 1 0 0
    outer loop
      vertex 57.7 1.1171 6.24901
      vertex 57.7 -0.299999 -5
      vertex 57.7 1.42969 5.58809
    endloop
  endfacet
  facet normal -0.243028 0.970019 0
    outer loop
      vertex -0.59018 35.2616 -5
      vertex -0.780569 35.2139 9.1
      vertex -0.59018 35.2616 9.1
    endloop
  endfacet
  facet normal -0.243028 0.970019 0
    outer loop
      vertex -0.780569 35.2139 9.1
      vertex -0.59018 35.2616 -5
      vertex -0.780569 35.2139 -5
    endloop
  endfacet
  facet normal -0.857673 0.514196 0
    outer loop
      vertex -1.96384 34.2428 -5
      vertex -1.86294 34.4111 9.1
      vertex -1.86294 34.4111 -5
    endloop
  endfacet
  facet normal -0.857673 0.514196 0
    outer loop
      vertex -1.86294 34.4111 9.1
      vertex -1.96384 34.2428 -5
      vertex -1.96384 34.2428 9.1
    endloop
  endfacet
  facet normal 0.803259 -0.59563 0
    outer loop
      vertex 57.246 -1.56879 9.1
      vertex 57.3629 -1.41114 -5
      vertex 57.3629 -1.41114 9.1
    endloop
  endfacet
  facet normal 0.803259 -0.59563 0
    outer loop
      vertex 57.3629 -1.41114 -5
      vertex 57.246 -1.56879 9.1
      vertex 57.246 -1.56879 -5
    endloop
  endfacet
  facet normal 0.740954 -0.671556 0
    outer loop
      vertex 57.1142 -1.71421 9.1
      vertex 57.246 -1.56879 -5
      vertex 57.246 -1.56879 9.1
    endloop
  endfacet
  facet normal 0.740954 -0.671556 0
    outer loop
      vertex 57.246 -1.56879 -5
      vertex 57.1142 -1.71421 9.1
      vertex 57.1142 -1.71421 -5
    endloop
  endfacet
  facet normal 0.427622 -0.903958 0
    outer loop
      vertex 56.4654 -2.14776 -5
      vertex 56.6428 -2.06384 9.1
      vertex 56.4654 -2.14776 9.1
    endloop
  endfacet
  facet normal 0.427622 -0.903958 0
    outer loop
      vertex 56.6428 -2.06384 9.1
      vertex 56.4654 -2.14776 -5
      vertex 56.6428 -2.06384 -5
    endloop
  endfacet
  facet normal 0 -1 0
    outer loop
      vertex -0.2 -2.3 -5
      vertex 55.7 -2.3 9.1
      vertex -0.2 -2.3 9.1
    endloop
  endfacet
  facet normal 0 -1 -0
    outer loop
      vertex 55.7 -2.3 9.1
      vertex -0.2 -2.3 -5
      vertex 55.7 -2.3 -5
    endloop
  endfacet
  facet normal -0.903958 0.427622 0
    outer loop
      vertex -2.04776 34.0654 -5
      vertex -1.96384 34.2428 9.1
      vertex -1.96384 34.2428 -5
    endloop
  endfacet
  facet normal -0.903958 0.427622 0
    outer loop
      vertex -1.96384 34.2428 9.1
      vertex -2.04776 34.0654 -5
      vertex -2.04776 34.0654 9.1
    endloop
  endfacet
  facet normal -0.80321 -0.595695 0
    outer loop
      vertex -1.74602 -1.56879 -5
      vertex -1.86294 -1.41114 9.1
      vertex -1.86294 -1.41114 -5
    endloop
  endfacet
  facet normal -0.80321 -0.595695 0
    outer loop
      vertex -1.86294 -1.41114 9.1
      vertex -1.74602 -1.56879 -5
      vertex -1.74602 -1.56879 9.1
    endloop
  endfacet
  facet normal -0.85774 -0.514084 0
    outer loop
      vertex -1.86294 -1.41114 -5
      vertex -1.96384 -1.24279 9.1
      vertex -1.96384 -1.24279 -5
    endloop
  endfacet
  facet normal -0.85774 -0.514084 0
    outer loop
      vertex -1.96384 -1.24279 9.1
      vertex -1.86294 -1.41114 -5
      vertex -1.86294 -1.41114 9.1
    endloop
  endfacet
  facet normal -1 0 0
    outer loop
      vertex -2.2 23.0703 5.58809
      vertex -2.2 33.3 9.1
      vertex -2.2 33.3 -5
    endloop
  endfacet
  facet normal -1 -0 0
    outer loop
      vertex -2.2 33.3 9.1
      vertex -2.2 23.9141 8.36977
      vertex -2.2 23.95 9.1
    endloop
  endfacet
  facet normal -1 0 0
    outer loop
      vertex -2.2 33.3 9.1
      vertex -2.2 23.8069 7.64658
      vertex -2.2 23.9141 8.36977
    endloop
  endfacet
  facet normal -1 0 0
    outer loop
      vertex -2.2 33.3 9.1
      vertex -2.2 23.6292 6.93738
      vertex -2.2 23.8069 7.64658
    endloop
  endfacet
  facet normal -1 0 0
    outer loop
      vertex -2.2 33.3 9.1
      vertex -2.2 23.3829 6.24901
      vertex -2.2 23.6292 6.93738
    endloop
  endfacet
  facet normal -1 0 0
    outer loop
      vertex -2.2 33.3 9.1
      vertex -2.2 23.0703 5.58809
      vertex -2.2 23.3829 6.24901
    endloop
  endfacet
  facet normal -1 0 0
    outer loop
      vertex -2.2 33.3 -5
      vertex -2.2 22.6944 4.961
      vertex -2.2 23.0703 5.58809
    endloop
  endfacet
  facet normal -1 0 0
    outer loop
      vertex -2.2 33.3 -5
      vertex -2.2 22.2589 4.37377
      vertex -2.2 22.6944 4.961
    endloop
  endfacet
  facet normal -1 0 0
    outer loop
      vertex -2.2 33.3 -5
      vertex -2.2 21.7679 3.83205
      vertex -2.2 22.2589 4.37377
    endloop
  endfacet
  facet normal -1 0 0
    outer loop
      vertex -2.2 33.3 -5
      vertex -2.2 21.2262 3.34107
      vertex -2.2 21.7679 3.83205
    endloop
  endfacet
  facet normal -1 0 0
    outer loop
      vertex -2.2 33.3 -5
      vertex -2.2 20.639 2.90555
      vertex -2.2 21.2262 3.34107
    endloop
  endfacet
  facet normal -1 0 0
    outer loop
      vertex -2.2 33.3 -5
      vertex -2.2 20.0119 2.52969
      vertex -2.2 20.639 2.90555
    endloop
  endfacet
  facet normal -1 0 0
    outer loop
      vertex -2.2 33.3 -5
      vertex -2.2 19.351 2.2171
      vertex -2.2 20.0119 2.52969
    endloop
  endfacet
  facet normal -1 0 0
    outer loop
      vertex -2.2 33.3 -5
      vertex -2.2 18.6626 1.97079
      vertex -2.2 19.351 2.2171
    endloop
  endfacet
  facet normal -1 0 0
    outer loop
      vertex -2.2 33.3 -5
      vertex -2.2 17.9534 1.79315
      vertex -2.2 18.6626 1.97079
    endloop
  endfacet
  facet normal -1 0 0
    outer loop
      vertex -2.2 33.3 -5
      vertex -2.2 17.2302 1.68587
      vertex -2.2 17.9534 1.79315
    endloop
  endfacet
  facet normal -1 0 0
    outer loop
      vertex -2.2 33.3 -5
      vertex -2.2 16.5 1.65
      vertex -2.2 17.2302 1.68587
    endloop
  endfacet
  facet normal -1 0 0
    outer loop
      vertex -2.2 -0.299999 -5
      vertex -2.2 16.5 1.65
      vertex -2.2 33.3 -5
    endloop
  endfacet
  facet normal -1 -0 0
    outer loop
      vertex -2.2 16.5 1.65
      vertex -2.2 -0.299999 -5
      vertex -2.2 15.7698 1.68587
    endloop
  endfacet
  facet normal -1 -0 0
    outer loop
      vertex -2.2 15.7698 1.68587
      vertex -2.2 -0.299999 -5
      vertex -2.2 15.0466 1.79315
    endloop
  endfacet
  facet normal -1 -0 0
    outer loop
      vertex -2.2 15.0466 1.79315
      vertex -2.2 -0.299999 -5
      vertex -2.2 14.3374 1.97079
    endloop
  endfacet
  facet normal -1 -0 0
    outer loop
      vertex -2.2 14.3374 1.97079
      vertex -2.2 -0.299999 -5
      vertex -2.2 13.649 2.2171
    endloop
  endfacet
  facet normal -1 0 0
    outer loop
      vertex -2.2 -0.299999 -5
      vertex -2.2 12.9881 2.52969
      vertex -2.2 13.649 2.2171
    endloop
  endfacet
  facet normal -1 0 0
    outer loop
      vertex -2.2 -0.299999 -5
      vertex -2.2 12.361 2.90555
      vertex -2.2 12.9881 2.52969
    endloop
  endfacet
  facet normal -1 0 0
    outer loop
      vertex -2.2 -0.299999 -5
      vertex -2.2 11.7738 3.34107
      vertex -2.2 12.361 2.90555
    endloop
  endfacet
  facet normal -1 0 0
    outer loop
      vertex -2.2 -0.299999 -5
      vertex -2.2 11.2321 3.83205
      vertex -2.2 11.7738 3.34107
    endloop
  endfacet
  facet normal -1 0 0
    outer loop
      vertex -2.2 -0.299999 -5
      vertex -2.2 10.7411 4.37377
      vertex -2.2 11.2321 3.83205
    endloop
  endfacet
  facet normal -1 0 0
    outer loop
      vertex -2.2 -0.299999 -5
      vertex -2.2 10.3056 4.961
      vertex -2.2 10.7411 4.37377
    endloop
  endfacet
  facet normal -1 0 0
    outer loop
      vertex -2.2 -0.299999 -5
      vertex -2.2 9.92969 5.58809
      vertex -2.2 10.3056 4.961
    endloop
  endfacet
  facet normal -1 0 0
    outer loop
      vertex -2.2 -0.299999 9.1
      vertex -2.2 9.92969 5.58809
      vertex -2.2 -0.299999 -5
    endloop
  endfacet
  facet normal -1 0 0
    outer loop
      vertex -2.2 9.92969 5.58809
      vertex -2.2 -0.299999 9.1
      vertex -2.2 9.6171 6.24901
    endloop
  endfacet
  facet normal -1 0 0
    outer loop
      vertex -2.2 9.6171 6.24901
      vertex -2.2 -0.299999 9.1
      vertex -2.2 9.37079 6.93738
    endloop
  endfacet
  facet normal -1 0 0
    outer loop
      vertex -2.2 9.37079 6.93738
      vertex -2.2 -0.299999 9.1
      vertex -2.2 9.19315 7.64658
    endloop
  endfacet
  facet normal -1 0 0
    outer loop
      vertex -2.2 9.19315 7.64658
      vertex -2.2 -0.299999 9.1
      vertex -2.2 9.08587 8.36977
    endloop
  endfacet
  facet normal -1 0 0
    outer loop
      vertex -2.2 9.08587 8.36977
      vertex -2.2 -0.299999 9.1
      vertex -2.2 9.05 9.1
    endloop
  endfacet
  facet normal -0.941548 0.336879 0
    outer loop
      vertex -2.11388 33.8806 -5
      vertex -2.04776 34.0654 9.1
      vertex -2.04776 34.0654 -5
    endloop
  endfacet
  facet normal -0.941548 0.336879 0
    outer loop
      vertex -2.04776 34.0654 9.1
      vertex -2.11388 33.8806 -5
      vertex -2.11388 33.8806 9.1
    endloop
  endfacet
  facet normal 0.0490735 -0.998795 0
    outer loop
      vertex 55.7 -2.3 -5
      vertex 55.896 -2.29037 9.1
      vertex 55.7 -2.3 9.1
    endloop
  endfacet
  facet normal 0.0490735 -0.998795 0
    outer loop
      vertex 55.896 -2.29037 9.1
      vertex 55.7 -2.3 -5
      vertex 55.896 -2.29037 -5
    endloop
  endfacet
  facet normal -0.59563 0.803259 0
    outer loop
      vertex -1.31114 34.9629 -5
      vertex -1.46879 34.846 9.1
      vertex -1.31114 34.9629 9.1
    endloop
  endfacet
  facet normal -0.59563 0.803259 0
    outer loop
      vertex -1.46879 34.846 9.1
      vertex -1.31114 34.9629 -5
      vertex -1.46879 34.846 -5
    endloop
  endfacet
  facet normal 0.740908 0.671607 0
    outer loop
      vertex 57.246 34.5688 9.1
      vertex 57.1142 34.7142 -5
      vertex 57.1142 34.7142 9.1
    endloop
  endfacet
  facet normal 0.740908 0.671607 0
    outer loop
      vertex 57.1142 34.7142 -5
      vertex 57.246 34.5688 9.1
      vertex 57.246 34.5688 -5
    endloop
  endfacet
  facet normal 0 1 -0
    outer loop
      vertex 55.7 35.3 -5
      vertex -0.2 35.3 9.1
      vertex 55.7 35.3 9.1
    endloop
  endfacet
  facet normal 0 1 0
    outer loop
      vertex -0.2 35.3 9.1
      vertex 55.7 35.3 -5
      vertex -0.2 35.3 -5
    endloop
  endfacet
  facet normal -0.941549 -0.336877 0
    outer loop
      vertex -2.04776 -1.06537 -5
      vertex -2.11388 -0.880569 9.1
      vertex -2.11388 -0.880569 -5
    endloop
  endfacet
  facet normal -0.941549 -0.336877 0
    outer loop
      vertex -2.11388 -0.880569 9.1
      vertex -2.04776 -1.06537 -5
      vertex -2.04776 -1.06537 9.1
    endloop
  endfacet
  facet normal 0.146696 -0.989182 0
    outer loop
      vertex 55.896 -2.29037 -5
      vertex 56.0902 -2.26157 9.1
      vertex 55.896 -2.29037 9.1
    endloop
  endfacet
  facet normal 0.146696 -0.989182 0
    outer loop
      vertex 56.0902 -2.26157 9.1
      vertex 55.896 -2.29037 -5
      vertex 56.0902 -2.26157 -5
    endloop
  endfacet
  facet normal 0.336788 0.94158 -0
    outer loop
      vertex 56.4654 35.1478 -5
      vertex 56.2806 35.2139 9.1
      vertex 56.4654 35.1478 9.1
    endloop
  endfacet
  facet normal 0.336788 0.94158 0
    outer loop
      vertex 56.2806 35.2139 9.1
      vertex 56.4654 35.1478 -5
      vertex 56.2806 35.2139 -5
    endloop
  endfacet
  facet normal 0.970019 -0.243028 0
    outer loop
      vertex 57.6139 -0.880569 9.1
      vertex 57.6616 -0.69018 -5
      vertex 57.6616 -0.69018 9.1
    endloop
  endfacet
  facet normal 0.970019 -0.243028 0
    outer loop
      vertex 57.6616 -0.69018 -5
      vertex 57.6139 -0.880569 9.1
      vertex 57.6139 -0.880569 -5
    endloop
  endfacet
  facet normal -0.146736 0.989176 0
    outer loop
      vertex -0.396034 35.2904 -5
      vertex -0.59018 35.2616 9.1
      vertex -0.396034 35.2904 9.1
    endloop
  endfacet
  facet normal -0.146736 0.989176 0
    outer loop
      vertex -0.59018 35.2616 9.1
      vertex -0.396034 35.2904 -5
      vertex -0.59018 35.2616 -5
    endloop
  endfacet
  facet normal -0.671584 -0.740928 0
    outer loop
      vertex -1.61421 -1.71421 -5
      vertex -1.46879 -1.84602 9.1
      vertex -1.61421 -1.71421 9.1
    endloop
  endfacet
  facet normal -0.671584 -0.740928 -0
    outer loop
      vertex -1.46879 -1.84602 9.1
      vertex -1.61421 -1.71421 -5
      vertex -1.46879 -1.84602 -5
    endloop
  endfacet
  facet normal -0.903976 -0.427583 0
    outer loop
      vertex -1.96384 -1.24279 -5
      vertex -2.04776 -1.06537 9.1
      vertex -2.04776 -1.06537 -5
    endloop
  endfacet
  facet normal -0.903976 -0.427583 0
    outer loop
      vertex -2.04776 -1.06537 9.1
      vertex -1.96384 -1.24279 -5
      vertex -1.96384 -1.24279 9.1
    endloop
  endfacet
  facet normal -0.514084 0.85774 0
    outer loop
      vertex -1.14279 35.0638 -5
      vertex -1.31114 34.9629 9.1
      vertex -1.14279 35.0638 9.1
    endloop
  endfacet
  facet normal -0.514084 0.85774 0
    outer loop
      vertex -1.31114 34.9629 9.1
      vertex -1.14279 35.0638 -5
      vertex -1.31114 34.9629 -5
    endloop
  endfacet
  facet normal -0.970031 -0.24298 0
    outer loop
      vertex -2.11388 -0.880569 -5
      vertex -2.16157 -0.69018 9.1
      vertex -2.16157 -0.69018 -5
    endloop
  endfacet
  facet normal -0.970031 -0.24298 0
    outer loop
      vertex -2.16157 -0.69018 9.1
      vertex -2.11388 -0.880569 -5
      vertex -2.11388 -0.880569 9.1
    endloop
  endfacet
  facet normal 0.970023 0.243015 0
    outer loop
      vertex 57.6616 33.6902 9.1
      vertex 57.6139 33.8806 -5
      vertex 57.6139 33.8806 9.1
    endloop
  endfacet
  facet normal 0.970023 0.243015 0
    outer loop
      vertex 57.6139 33.8806 -5
      vertex 57.6616 33.6902 9.1
      vertex 57.6616 33.6902 -5
    endloop
  endfacet
  facet normal -0.671556 0.740954 0
    outer loop
      vertex -1.46879 34.846 -5
      vertex -1.61421 34.7142 9.1
      vertex -1.46879 34.846 9.1
    endloop
  endfacet
  facet normal -0.671556 0.740954 0
    outer loop
      vertex -1.61421 34.7142 9.1
      vertex -1.46879 34.846 -5
      vertex -1.61421 34.7142 -5
    endloop
  endfacet
  facet normal 0.80335 0.595508 0
    outer loop
      vertex 57.3629 34.4111 9.1
      vertex 57.246 34.5688 -5
      vertex 57.246 34.5688 9.1
    endloop
  endfacet
  facet normal 0.80335 0.595508 0
    outer loop
      vertex 57.246 34.5688 -5
      vertex 57.3629 34.4111 9.1
      vertex 57.3629 34.4111 -5
    endloop
  endfacet
  facet normal 0.427955 0.9038 -0
    outer loop
      vertex 56.6428 35.0638 -5
      vertex 56.4654 35.1478 9.1
      vertex 56.6428 35.0638 9.1
    endloop
  endfacet
  facet normal 0.427955 0.9038 0
    outer loop
      vertex 56.4654 35.1478 9.1
      vertex 56.6428 35.0638 -5
      vertex 56.4654 35.1478 -5
    endloop
  endfacet
  facet normal -0.24298 -0.970031 0
    outer loop
      vertex -0.780569 -2.21388 -5
      vertex -0.59018 -2.26157 9.1
      vertex -0.780569 -2.21388 9.1
    endloop
  endfacet
  facet normal -0.24298 -0.970031 -0
    outer loop
      vertex -0.59018 -2.26157 9.1
      vertex -0.780569 -2.21388 -5
      vertex -0.59018 -2.26157 -5
    endloop
  endfacet
  facet normal -0.740928 -0.671584 0
    outer loop
      vertex -1.61421 -1.71421 -5
      vertex -1.74602 -1.56879 9.1
      vertex -1.74602 -1.56879 -5
    endloop
  endfacet
  facet normal -0.740928 -0.671584 0
    outer loop
      vertex -1.74602 -1.56879 9.1
      vertex -1.61421 -1.71421 -5
      vertex -1.61421 -1.71421 9.1
    endloop
  endfacet
  facet normal -0.998796 -0.0490647 0
    outer loop
      vertex -2.19037 -0.496034 -5
      vertex -2.2 -0.299999 9.1
      vertex -2.2 -0.299999 -5
    endloop
  endfacet
  facet normal -0.998796 -0.0490647 0
    outer loop
      vertex -2.2 -0.299999 9.1
      vertex -2.19037 -0.496034 -5
      vertex -2.19037 -0.496034 9.1
    endloop
  endfacet
  facet normal 0.941581 -0.336787 0
    outer loop
      vertex 57.5478 -1.06537 9.1
      vertex 57.6139 -0.880569 -5
      vertex 57.6139 -0.880569 9.1
    endloop
  endfacet
  facet normal 0.941581 -0.336787 0
    outer loop
      vertex 57.6139 -0.880569 -5
      vertex 57.5478 -1.06537 9.1
      vertex 57.5478 -1.06537 -5
    endloop
  endfacet
  facet normal 0.989182 0.146696 0
    outer loop
      vertex 57.6904 33.496 9.1
      vertex 57.6616 33.6902 -5
      vertex 57.6616 33.6902 9.1
    endloop
  endfacet
  facet normal 0.989182 0.146696 0
    outer loop
      vertex 57.6616 33.6902 -5
      vertex 57.6904 33.496 9.1
      vertex 57.6904 33.496 -5
    endloop
  endfacet
  facet normal -0.146736 -0.989176 0
    outer loop
      vertex -0.59018 -2.26157 -5
      vertex -0.396034 -2.29037 9.1
      vertex -0.59018 -2.26157 9.1
    endloop
  endfacet
  facet normal -0.146736 -0.989176 -0
    outer loop
      vertex -0.396034 -2.29037 9.1
      vertex -0.59018 -2.26157 -5
      vertex -0.396034 -2.29037 -5
    endloop
  endfacet
  facet normal -0.989176 -0.146736 0
    outer loop
      vertex -2.16157 -0.69018 -5
      vertex -2.19037 -0.496034 9.1
      vertex -2.19037 -0.496034 -5
    endloop
  endfacet
  facet normal -0.989176 -0.146736 0
    outer loop
      vertex -2.19037 -0.496034 9.1
      vertex -2.16157 -0.69018 -5
      vertex -2.16157 -0.69018 9.1
    endloop
  endfacet
  facet normal -0.049065 -0.998796 0
    outer loop
      vertex -0.396034 -2.29037 -5
      vertex -0.2 -2.3 9.1
      vertex -0.396034 -2.29037 9.1
    endloop
  endfacet
  facet normal -0.049065 -0.998796 -0
    outer loop
      vertex -0.2 -2.3 9.1
      vertex -0.396034 -2.29037 -5
      vertex -0.2 -2.3 -5
    endloop
  endfacet
  facet normal 0.671607 0.740908 -0
    outer loop
      vertex 57.1142 34.7142 -5
      vertex 56.9688 34.846 9.1
      vertex 57.1142 34.7142 9.1
    endloop
  endfacet
  facet normal 0.671607 0.740908 0
    outer loop
      vertex 56.9688 34.846 9.1
      vertex 57.1142 34.7142 -5
      vertex 56.9688 34.846 -5
    endloop
  endfacet
  facet normal 0.242967 -0.970035 0
    outer loop
      vertex 56.0902 -2.26157 -5
      vertex 56.2806 -2.21388 9.1
      vertex 56.0902 -2.26157 9.1
    endloop
  endfacet
  facet normal 0.242967 -0.970035 0
    outer loop
      vertex 56.2806 -2.21388 9.1
      vertex 56.0902 -2.26157 -5
      vertex 56.2806 -2.21388 -5
    endloop
  endfacet
  facet normal 0.146696 0.989182 -0
    outer loop
      vertex 56.0902 35.2616 -5
      vertex 55.896 35.2904 9.1
      vertex 56.0902 35.2616 9.1
    endloop
  endfacet
  facet normal 0.146696 0.989182 0
    outer loop
      vertex 55.896 35.2904 9.1
      vertex 56.0902 35.2616 -5
      vertex 55.896 35.2904 -5
    endloop
  endfacet
  facet normal 0.94158 0.336788 0
    outer loop
      vertex 57.6139 33.8806 9.1
      vertex 57.5478 34.0654 -5
      vertex 57.5478 34.0654 9.1
    endloop
  endfacet
  facet normal 0.94158 0.336788 0
    outer loop
      vertex 57.5478 34.0654 -5
      vertex 57.6139 33.8806 9.1
      vertex 57.6139 33.8806 -5
    endloop
  endfacet
  facet normal 0.595508 0.80335 -0
    outer loop
      vertex 56.9688 34.846 -5
      vertex 56.8111 34.9629 9.1
      vertex 56.9688 34.846 9.1
    endloop
  endfacet
  facet normal 0.595508 0.80335 0
    outer loop
      vertex 56.8111 34.9629 9.1
      vertex 56.9688 34.846 -5
      vertex 56.8111 34.9629 -5
    endloop
  endfacet
  facet normal 0 0 -1
    outer loop
      vertex 55.7 -2.3 -5
      vertex 57.7 -0.299999 -5
      vertex 57.6904 -0.496034 -5
    endloop
  endfacet
  facet normal 0 0 -1
    outer loop
      vertex 57.7 -0.299999 -5
      vertex 35 16.5 -5
      vertex 57.7 33.3 -5
    endloop
  endfacet
  facet normal 0 0 -1
    outer loop
      vertex 55.7 -2.3 -5
      vertex 57.6904 -0.496034 -5
      vertex 57.6616 -0.69018 -5
    endloop
  endfacet
  facet normal 0 0 -1
    outer loop
      vertex 34.9894 16.7156 -5
      vertex 57.7 33.3 -5
      vertex 35 16.5 -5
    endloop
  endfacet
  facet normal 0 0 -1
    outer loop
      vertex 55.7 -2.3 -5
      vertex 57.6616 -0.69018 -5
      vertex 57.6139 -0.880569 -5
    endloop
  endfacet
  facet normal 0 0 -1
    outer loop
      vertex 34.9577 16.9292 -5
      vertex 57.7 33.3 -5
      vertex 34.9894 16.7156 -5
    endloop
  endfacet
  facet normal 0 0 -1
    outer loop
      vertex 55.7 -2.3 -5
      vertex 57.6139 -0.880569 -5
      vertex 57.5478 -1.06537 -5
    endloop
  endfacet
  facet normal 0 0 -1
    outer loop
      vertex 34.9053 17.1386 -5
      vertex 57.7 33.3 -5
      vertex 34.9577 16.9292 -5
    endloop
  endfacet
  facet normal 0 0 -1
    outer loop
      vertex 55.7 -2.3 -5
      vertex 57.5478 -1.06537 -5
      vertex 57.4638 -1.24279 -5
    endloop
  endfacet
  facet normal 0 0 -1
    outer loop
      vertex 34.8325 17.3419 -5
      vertex 57.7 33.3 -5
      vertex 34.9053 17.1386 -5
    endloop
  endfacet
  facet normal 0 0 -1
    outer loop
      vertex 55.7 -2.3 -5
      vertex 57.4638 -1.24279 -5
      vertex 57.3629 -1.41114 -5
    endloop
  endfacet
  facet normal 0 0 -1
    outer loop
      vertex 34.7402 17.5371 -5
      vertex 57.7 33.3 -5
      vertex 34.8325 17.3419 -5
    endloop
  endfacet
  facet normal 0 0 -1
    outer loop
      vertex 55.7 -2.3 -5
      vertex 57.3629 -1.41114 -5
      vertex 57.246 -1.56879 -5
    endloop
  endfacet
  facet normal 0 -0 -1
    outer loop
      vertex 55.7 35.3 -5
      vertex 57.7 33.3 -5
      vertex 34.7402 17.5371 -5
    endloop
  endfacet
  facet normal 0 0 -1
    outer loop
      vertex 55.7 -2.3 -5
      vertex 57.246 -1.56879 -5
      vertex 57.1142 -1.71421 -5
    endloop
  endfacet
  facet normal 0 0 -1
    outer loop
      vertex 57.6904 33.496 -5
      vertex 55.7 35.3 -5
      vertex 57.6616 33.6902 -5
    endloop
  endfacet
  facet normal 0 0 -1
    outer loop
      vertex 55.7 -2.3 -5
      vertex 57.1142 -1.71421 -5
      vertex 56.9688 -1.84602 -5
    endloop
  endfacet
  facet normal 0 0 -1
    outer loop
      vertex 57.6616 33.6902 -5
      vertex 55.7 35.3 -5
      vertex 57.6139 33.8806 -5
    endloop
  endfacet
  facet normal 0 0 -1
    outer loop
      vertex 55.7 -2.3 -5
      vertex 56.9688 -1.84602 -5
      vertex 56.8111 -1.96294 -5
    endloop
  endfacet
  facet normal 0 0 -1
    outer loop
      vertex 57.5478 34.0654 -5
      vertex 55.7 35.3 -5
      vertex 57.4638 34.2428 -5
    endloop
  endfacet
  facet normal 0 0 -1
    outer loop
      vertex 55.7 -2.3 -5
      vertex 56.8111 -1.96294 -5
      vertex 56.6428 -2.06384 -5
    endloop
  endfacet
  facet normal 0 0 -1
    outer loop
      vertex 57.4638 34.2428 -5
      vertex 55.7 35.3 -5
      vertex 57.3629 34.4111 -5
    endloop
  endfacet
  facet normal 0 0 -1
    outer loop
      vertex 55.7 -2.3 -5
      vertex 56.6428 -2.06384 -5
      vertex 56.4654 -2.14776 -5
    endloop
  endfacet
  facet normal 0 0 -1
    outer loop
      vertex 57.246 34.5688 -5
      vertex 55.7 35.3 -5
      vertex 57.1142 34.7142 -5
    endloop
  endfacet
  facet normal 0 0 -1
    outer loop
      vertex 55.7 -2.3 -5
      vertex 56.4654 -2.14776 -5
      vertex 56.2806 -2.21388 -5
    endloop
  endfacet
  facet normal 0 0 -1
    outer loop
      vertex 56.9688 34.846 -5
      vertex 55.7 35.3 -5
      vertex 56.8111 34.9629 -5
    endloop
  endfacet
  facet normal 0 0 -1
    outer loop
      vertex 55.7 -2.3 -5
      vertex 56.2806 -2.21388 -5
      vertex 56.0902 -2.26157 -5
    endloop
  endfacet
  facet normal -0 0 -1
    outer loop
      vertex 57.7 -0.299999 -5
      vertex 55.7 -2.3 -5
      vertex 34.7402 15.4629 -5
    endloop
  endfacet
  facet normal 0 0 -1
    outer loop
      vertex 55.7 -2.3 -5
      vertex 56.0902 -2.26157 -5
      vertex 55.896 -2.29037 -5
    endloop
  endfacet
  facet normal 0 0 -1
    outer loop
      vertex 56.8111 34.9629 -5
      vertex 55.7 35.3 -5
      vertex 56.6428 35.0638 -5
    endloop
  endfacet
  facet normal 0 0 -1
    outer loop
      vertex 56.2806 35.2139 -5
      vertex 55.7 35.3 -5
      vertex 56.0902 35.2616 -5
    endloop
  endfacet
  facet normal 0 0 -1
    outer loop
      vertex 56.0902 35.2616 -5
      vertex 55.7 35.3 -5
      vertex 55.896 35.2904 -5
    endloop
  endfacet
  facet normal 0 0 -1
    outer loop
      vertex 56.4654 35.1478 -5
      vertex 55.7 35.3 -5
      vertex 56.2806 35.2139 -5
    endloop
  endfacet
  facet normal 0 0 -1
    outer loop
      vertex 57.7 -0.299999 -5
      vertex 34.9894 16.2844 -5
      vertex 35 16.5 -5
    endloop
  endfacet
  facet normal 0 0 -1
    outer loop
      vertex 57.7 -0.299999 -5
      vertex 34.9577 16.0708 -5
      vertex 34.9894 16.2844 -5
    endloop
  endfacet
  facet normal 0 0 -1
    outer loop
      vertex 57.7 -0.299999 -5
      vertex 34.9053 15.8614 -5
      vertex 34.9577 16.0708 -5
    endloop
  endfacet
  facet normal 0 0 -1
    outer loop
      vertex 57.7 -0.299999 -5
      vertex 34.8325 15.6581 -5
      vertex 34.9053 15.8614 -5
    endloop
  endfacet
  facet normal 0 0 -1
    outer loop
      vertex 57.7 -0.299999 -5
      vertex 34.7402 15.4629 -5
      vertex 34.8325 15.6581 -5
    endloop
  endfacet
  facet normal 0 0 -1
    outer loop
      vertex 55.7 -2.3 -5
      vertex 34.6292 15.2777 -5
      vertex 34.7402 15.4629 -5
    endloop
  endfacet
  facet normal 0 0 -1
    outer loop
      vertex 55.7 -2.3 -5
      vertex 34.5006 15.1043 -5
      vertex 34.6292 15.2777 -5
    endloop
  endfacet
  facet normal 0 0 -1
    outer loop
      vertex 55.7 -2.3 -5
      vertex 34.3556 14.9444 -5
      vertex 34.5006 15.1043 -5
    endloop
  endfacet
  facet normal 0 0 -1
    outer loop
      vertex 55.7 -2.3 -5
      vertex 34.1957 14.7994 -5
      vertex 34.3556 14.9444 -5
    endloop
  endfacet
  facet normal 0 0 -1
    outer loop
      vertex 55.7 -2.3 -5
      vertex 34.0223 14.6708 -5
      vertex 34.1957 14.7994 -5
    endloop
  endfacet
  facet normal 0 0 -1
    outer loop
      vertex 55.7 -2.3 -5
      vertex 33.8371 14.5598 -5
      vertex 34.0223 14.6708 -5
    endloop
  endfacet
  facet normal 0 0 -1
    outer loop
      vertex 55.7 -2.3 -5
      vertex 33.6419 14.4675 -5
      vertex 33.8371 14.5598 -5
    endloop
  endfacet
  facet normal 0 0 -1
    outer loop
      vertex 55.7 -2.3 -5
      vertex 33.4386 14.3947 -5
      vertex 33.6419 14.4675 -5
    endloop
  endfacet
  facet normal 0 0 -1
    outer loop
      vertex 55.7 -2.3 -5
      vertex 33.2292 14.3423 -5
      vertex 33.4386 14.3947 -5
    endloop
  endfacet
  facet normal 0 0 -1
    outer loop
      vertex 55.7 -2.3 -5
      vertex 33.0156 14.3106 -5
      vertex 33.2292 14.3423 -5
    endloop
  endfacet
  facet normal 0 0 -1
    outer loop
      vertex 55.7 -2.3 -5
      vertex 32.8 14.3 -5
      vertex 33.0156 14.3106 -5
    endloop
  endfacet
  facet normal 0 0 -1
    outer loop
      vertex 55.7 -2.3 -5
      vertex 32.5844 14.3106 -5
      vertex 32.8 14.3 -5
    endloop
  endfacet
  facet normal 0 0 -1
    outer loop
      vertex 55.7 -2.3 -5
      vertex 32.3708 14.3423 -5
      vertex 32.5844 14.3106 -5
    endloop
  endfacet
  facet normal 0 0 -1
    outer loop
      vertex 23.2292 14.3423 -5
      vertex 32.3708 14.3423 -5
      vertex 55.7 -2.3 -5
    endloop
  endfacet
  facet normal 0 0 -1
    outer loop
      vertex 32.3708 14.3423 -5
      vertex 23.2292 14.3423 -5
      vertex 32.1614 14.3947 -5
    endloop
  endfacet
  facet normal 0 -0 -1
    outer loop
      vertex 23.4386 14.3947 -5
      vertex 32.1614 14.3947 -5
      vertex 23.2292 14.3423 -5
    endloop
  endfacet
  facet normal 0 0 -1
    outer loop
      vertex 32.1614 14.3947 -5
      vertex 23.4386 14.3947 -5
      vertex 31.9581 14.4675 -5
    endloop
  endfacet
  facet normal 0 0 -1
    outer loop
      vertex 30.6106 16.2844 -5
      vertex 25 16.5 -5
      vertex 30.6 16.5 -5
    endloop
  endfacet
  facet normal 0 0 -1
    outer loop
      vertex 24.9894 16.2844 -5
      vertex 30.6106 16.2844 -5
      vertex 30.6423 16.0708 -5
    endloop
  endfacet
  facet normal 0 0 -1
    outer loop
      vertex 24.9577 16.0708 -5
      vertex 30.6423 16.0708 -5
      vertex 30.6947 15.8614 -5
    endloop
  endfacet
  facet normal 0 0 -1
    outer loop
      vertex 24.9053 15.8614 -5
      vertex 30.6947 15.8614 -5
      vertex 30.7675 15.6581 -5
    endloop
  endfacet
  facet normal 0 0 -1
    outer loop
      vertex 24.8325 15.6581 -5
      vertex 30.7675 15.6581 -5
      vertex 30.8598 15.4629 -5
    endloop
  endfacet
  facet normal 0 0 -1
    outer loop
      vertex 24.7402 15.4629 -5
      vertex 30.8598 15.4629 -5
      vertex 30.9708 15.2777 -5
    endloop
  endfacet
  facet normal 0 0 -1
    outer loop
      vertex 24.6292 15.2777 -5
      vertex 30.9708 15.2777 -5
      vertex 31.0994 15.1043 -5
    endloop
  endfacet
  facet normal 0 0 -1
    outer loop
      vertex 24.5006 15.1043 -5
      vertex 31.0994 15.1043 -5
      vertex 31.2444 14.9444 -5
    endloop
  endfacet
  facet normal 0 0 -1
    outer loop
      vertex 24.3556 14.9444 -5
      vertex 31.2444 14.9444 -5
      vertex 31.4043 14.7994 -5
    endloop
  endfacet
  facet normal 0 0 -1
    outer loop
      vertex 24.1957 14.7994 -5
      vertex 31.4043 14.7994 -5
      vertex 31.5777 14.6708 -5
    endloop
  endfacet
  facet normal 0 -0 -1
    outer loop
      vertex 23.6419 14.4675 -5
      vertex 31.9581 14.4675 -5
      vertex 23.4386 14.3947 -5
    endloop
  endfacet
  facet normal 0 0 -1
    outer loop
      vertex 30.6106 16.2844 -5
      vertex 24.9894 16.2844 -5
      vertex 25 16.5 -5
    endloop
  endfacet
  facet normal 0 0 -1
    outer loop
      vertex 30.6423 16.0708 -5
      vertex 24.9577 16.0708 -5
      vertex 24.9894 16.2844 -5
    endloop
  endfacet
  facet normal 0 0 -1
    outer loop
      vertex 30.6947 15.8614 -5
      vertex 24.9053 15.8614 -5
      vertex 24.9577 16.0708 -5
    endloop
  endfacet
  facet normal 0 0 -1
    outer loop
      vertex 30.7675 15.6581 -5
      vertex 24.8325 15.6581 -5
      vertex 24.9053 15.8614 -5
    endloop
  endfacet
  facet normal 0 0 -1
    outer loop
      vertex 30.8598 15.4629 -5
      vertex 24.7402 15.4629 -5
      vertex 24.8325 15.6581 -5
    endloop
  endfacet
  facet normal 0 0 -1
    outer loop
      vertex 30.9708 15.2777 -5
      vertex 24.6292 15.2777 -5
      vertex 24.7402 15.4629 -5
    endloop
  endfacet
  facet normal 0 0 -1
    outer loop
      vertex 31.0994 15.1043 -5
      vertex 24.5006 15.1043 -5
      vertex 24.6292 15.2777 -5
    endloop
  endfacet
  facet normal 0 0 -1
    outer loop
      vertex 31.2444 14.9444 -5
      vertex 24.3556 14.9444 -5
      vertex 24.5006 15.1043 -5
    endloop
  endfacet
  facet normal 0 0 -1
    outer loop
      vertex 31.4043 14.7994 -5
      vertex 24.1957 14.7994 -5
      vertex 24.3556 14.9444 -5
    endloop
  endfacet
  facet normal 0 0 -1
    outer loop
      vertex 31.5777 14.6708 -5
      vertex 24.0223 14.6708 -5
      vertex 24.1957 14.7994 -5
    endloop
  endfacet
  facet normal -0 0 -1
    outer loop
      vertex 31.5777 14.6708 -5
      vertex 23.8371 14.5598 -5
      vertex 24.0223 14.6708 -5
    endloop
  endfacet
  facet normal 0 0 -1
    outer loop
      vertex 31.7629 14.5598 -5
      vertex 23.8371 14.5598 -5
      vertex 31.5777 14.6708 -5
    endloop
  endfacet
  facet normal 0 -0 -1
    outer loop
      vertex 23.8371 14.5598 -5
      vertex 31.7629 14.5598 -5
      vertex 23.6419 14.4675 -5
    endloop
  endfacet
  facet normal 0 0 -1
    outer loop
      vertex 31.9581 14.4675 -5
      vertex 23.6419 14.4675 -5
      vertex 31.7629 14.5598 -5
    endloop
  endfacet
  facet normal 0 0 -1
    outer loop
      vertex 55.7 -2.3 -5
      vertex 23.0156 14.3106 -5
      vertex 23.2292 14.3423 -5
    endloop
  endfacet
  facet normal 0 0 -1
    outer loop
      vertex -0.2 -2.3 -5
      vertex 23.0156 14.3106 -5
      vertex 55.7 -2.3 -5
    endloop
  endfacet
  facet normal 0 0 -1
    outer loop
      vertex 23.0156 14.3106 -5
      vertex -0.2 -2.3 -5
      vertex 22.8 14.3 -5
    endloop
  endfacet
  facet normal -0 0 -1
    outer loop
      vertex 22.8 14.3 -5
      vertex -0.2 -2.3 -5
      vertex 22.5844 14.3106 -5
    endloop
  endfacet
  facet normal -0 0 -1
    outer loop
      vertex 22.5844 14.3106 -5
      vertex -0.2 -2.3 -5
      vertex 22.3708 14.3423 -5
    endloop
  endfacet
  facet normal -0 0 -1
    outer loop
      vertex 22.3708 14.3423 -5
      vertex -0.2 -2.3 -5
      vertex 22.1614 14.3947 -5
    endloop
  endfacet
  facet normal -0 0 -1
    outer loop
      vertex 22.1614 14.3947 -5
      vertex -0.2 -2.3 -5
      vertex 21.9581 14.4675 -5
    endloop
  endfacet
  facet normal -0 0 -1
    outer loop
      vertex 20.6423 16.0708 -5
      vertex -2.2 -0.299999 -5
      vertex 20.6106 16.2844 -5
    endloop
  endfacet
  facet normal -0 0 -1
    outer loop
      vertex 20.6947 15.8614 -5
      vertex -2.2 -0.299999 -5
      vertex 20.6423 16.0708 -5
    endloop
  endfacet
  facet normal -0 0 -1
    outer loop
      vertex 20.7675 15.6581 -5
      vertex -2.2 -0.299999 -5
      vertex 20.6947 15.8614 -5
    endloop
  endfacet
  facet normal -0 0 -1
    outer loop
      vertex 20.8598 15.4629 -5
      vertex -2.2 -0.299999 -5
      vertex 20.7675 15.6581 -5
    endloop
  endfacet
  facet normal 0 0 -1
    outer loop
      vertex -2.2 -0.299999 -5
      vertex 20.8598 15.4629 -5
      vertex -0.2 -2.3 -5
    endloop
  endfacet
  facet normal -0 0 -1
    outer loop
      vertex 20.9708 15.2777 -5
      vertex -0.2 -2.3 -5
      vertex 20.8598 15.4629 -5
    endloop
  endfacet
  facet normal -0 0 -1
    outer loop
      vertex 21.0994 15.1043 -5
      vertex -0.2 -2.3 -5
      vertex 20.9708 15.2777 -5
    endloop
  endfacet
  facet normal -0 0 -1
    outer loop
      vertex 21.2444 14.9444 -5
      vertex -0.2 -2.3 -5
      vertex 21.0994 15.1043 -5
    endloop
  endfacet
  facet normal -0 0 -1
    outer loop
      vertex 21.4043 14.7994 -5
      vertex -0.2 -2.3 -5
      vertex 21.2444 14.9444 -5
    endloop
  endfacet
  facet normal -0 0 -1
    outer loop
      vertex 21.5777 14.6708 -5
      vertex -0.2 -2.3 -5
      vertex 21.4043 14.7994 -5
    endloop
  endfacet
  facet normal -0 0 -1
    outer loop
      vertex 21.7629 14.5598 -5
      vertex -0.2 -2.3 -5
      vertex 21.5777 14.6708 -5
    endloop
  endfacet
  facet normal -0 0 -1
    outer loop
      vertex 21.9581 14.4675 -5
      vertex -0.2 -2.3 -5
      vertex 21.7629 14.5598 -5
    endloop
  endfacet
  facet normal 0 0 -1
    outer loop
      vertex 56.6428 35.0638 -5
      vertex 55.7 35.3 -5
      vertex 56.4654 35.1478 -5
    endloop
  endfacet
  facet normal 0 0 -1
    outer loop
      vertex 57.1142 34.7142 -5
      vertex 55.7 35.3 -5
      vertex 56.9688 34.846 -5
    endloop
  endfacet
  facet normal 0 0 -1
    outer loop
      vertex 57.3629 34.4111 -5
      vertex 55.7 35.3 -5
      vertex 57.246 34.5688 -5
    endloop
  endfacet
  facet normal 0 0 -1
    outer loop
      vertex 57.6139 33.8806 -5
      vertex 55.7 35.3 -5
      vertex 57.5478 34.0654 -5
    endloop
  endfacet
  facet normal 0 0 -1
    outer loop
      vertex 57.7 33.3 -5
      vertex 55.7 35.3 -5
      vertex 57.6904 33.496 -5
    endloop
  endfacet
  facet normal 0 0 -1
    outer loop
      vertex 34.6292 17.7223 -5
      vertex 55.7 35.3 -5
      vertex 34.7402 17.5371 -5
    endloop
  endfacet
  facet normal 0 0 -1
    outer loop
      vertex 34.5006 17.8957 -5
      vertex 55.7 35.3 -5
      vertex 34.6292 17.7223 -5
    endloop
  endfacet
  facet normal 0 0 -1
    outer loop
      vertex 34.3556 18.0556 -5
      vertex 55.7 35.3 -5
      vertex 34.5006 17.8957 -5
    endloop
  endfacet
  facet normal 0 0 -1
    outer loop
      vertex 34.1957 18.2006 -5
      vertex 55.7 35.3 -5
      vertex 34.3556 18.0556 -5
    endloop
  endfacet
  facet normal 0 0 -1
    outer loop
      vertex 34.0223 18.3292 -5
      vertex 55.7 35.3 -5
      vertex 34.1957 18.2006 -5
    endloop
  endfacet
  facet normal 0 0 -1
    outer loop
      vertex 33.8371 18.4402 -5
      vertex 55.7 35.3 -5
      vertex 34.0223 18.3292 -5
    endloop
  endfacet
  facet normal 0 0 -1
    outer loop
      vertex 33.6419 18.5325 -5
      vertex 55.7 35.3 -5
      vertex 33.8371 18.4402 -5
    endloop
  endfacet
  facet normal 0 0 -1
    outer loop
      vertex 33.4386 18.6053 -5
      vertex 55.7 35.3 -5
      vertex 33.6419 18.5325 -5
    endloop
  endfacet
  facet normal 0 0 -1
    outer loop
      vertex 33.2292 18.6577 -5
      vertex 55.7 35.3 -5
      vertex 33.4386 18.6053 -5
    endloop
  endfacet
  facet normal 0 0 -1
    outer loop
      vertex 33.0156 18.6894 -5
      vertex 55.7 35.3 -5
      vertex 33.2292 18.6577 -5
    endloop
  endfacet
  facet normal 0 0 -1
    outer loop
      vertex 32.8 18.7 -5
      vertex 55.7 35.3 -5
      vertex 33.0156 18.6894 -5
    endloop
  endfacet
  facet normal 0 0 -1
    outer loop
      vertex 32.5844 18.6894 -5
      vertex 55.7 35.3 -5
      vertex 32.8 18.7 -5
    endloop
  endfacet
  facet normal 0 0 -1
    outer loop
      vertex 32.3708 18.6577 -5
      vertex 55.7 35.3 -5
      vertex 32.5844 18.6894 -5
    endloop
  endfacet
  facet normal 0 0 -1
    outer loop
      vertex 23.2292 18.6577 -5
      vertex 32.3708 18.6577 -5
      vertex 32.1614 18.6053 -5
    endloop
  endfacet
  facet normal 0 0 -1
    outer loop
      vertex 23.4386 18.6053 -5
      vertex 32.1614 18.6053 -5
      vertex 31.9581 18.5325 -5
    endloop
  endfacet
  facet normal 0 0 -1
    outer loop
      vertex 23.6419 18.5325 -5
      vertex 31.9581 18.5325 -5
      vertex 31.7629 18.4402 -5
    endloop
  endfacet
  facet normal 0 0 -1
    outer loop
      vertex 23.8371 18.4402 -5
      vertex 31.7629 18.4402 -5
      vertex 31.5777 18.3292 -5
    endloop
  endfacet
  facet normal 0 0 -1
    outer loop
      vertex 25 16.5 -5
      vertex 30.6106 16.7156 -5
      vertex 30.6 16.5 -5
    endloop
  endfacet
  facet normal 0 0 -1
    outer loop
      vertex 24.9894 16.7156 -5
      vertex 30.6106 16.7156 -5
      vertex 25 16.5 -5
    endloop
  endfacet
  facet normal 0 0 -1
    outer loop
      vertex 30.6106 16.7156 -5
      vertex 24.9894 16.7156 -5
      vertex 30.6423 16.9292 -5
    endloop
  endfacet
  facet normal 0 0 -1
    outer loop
      vertex 24.9577 16.9292 -5
      vertex 30.6423 16.9292 -5
      vertex 24.9894 16.7156 -5
    endloop
  endfacet
  facet normal 0 0 -1
    outer loop
      vertex 30.6423 16.9292 -5
      vertex 24.9577 16.9292 -5
      vertex 30.6947 17.1386 -5
    endloop
  endfacet
  facet normal 0 0 -1
    outer loop
      vertex 24.9053 17.1386 -5
      vertex 30.6947 17.1386 -5
      vertex 24.9577 16.9292 -5
    endloop
  endfacet
  facet normal 0 0 -1
    outer loop
      vertex 30.6947 17.1386 -5
      vertex 24.9053 17.1386 -5
      vertex 30.7675 17.3419 -5
    endloop
  endfacet
  facet normal 0 0 -1
    outer loop
      vertex 24.8325 17.3419 -5
      vertex 30.7675 17.3419 -5
      vertex 24.9053 17.1386 -5
    endloop
  endfacet
  facet normal 0 0 -1
    outer loop
      vertex 30.7675 17.3419 -5
      vertex 24.8325 17.3419 -5
      vertex 30.8598 17.5371 -5
    endloop
  endfacet
  facet normal 0 0 -1
    outer loop
      vertex 24.7402 17.5371 -5
      vertex 30.8598 17.5371 -5
      vertex 24.8325 17.3419 -5
    endloop
  endfacet
  facet normal 0 0 -1
    outer loop
      vertex 30.8598 17.5371 -5
      vertex 24.7402 17.5371 -5
      vertex 30.9708 17.7223 -5
    endloop
  endfacet
  facet normal 0 0 -1
    outer loop
      vertex 24.6292 17.7223 -5
      vertex 30.9708 17.7223 -5
      vertex 24.7402 17.5371 -5
    endloop
  endfacet
  facet normal 0 0 -1
    outer loop
      vertex 30.9708 17.7223 -5
      vertex 24.6292 17.7223 -5
      vertex 31.0994 17.8957 -5
    endloop
  endfacet
  facet normal 0 0 -1
    outer loop
      vertex 24.5006 17.8957 -5
      vertex 31.0994 17.8957 -5
      vertex 24.6292 17.7223 -5
    endloop
  endfacet
  facet normal 0 0 -1
    outer loop
      vertex 31.0994 17.8957 -5
      vertex 24.5006 17.8957 -5
      vertex 31.2444 18.0556 -5
    endloop
  endfacet
  facet normal 0 0 -1
    outer loop
      vertex 24.3556 18.0556 -5
      vertex 31.2444 18.0556 -5
      vertex 24.5006 17.8957 -5
    endloop
  endfacet
  facet normal 0 0 -1
    outer loop
      vertex 31.2444 18.0556 -5
      vertex 24.3556 18.0556 -5
      vertex 31.4043 18.2006 -5
    endloop
  endfacet
  facet normal 0 0 -1
    outer loop
      vertex 24.1957 18.2006 -5
      vertex 31.4043 18.2006 -5
      vertex 24.3556 18.0556 -5
    endloop
  endfacet
  facet normal 0 0 -1
    outer loop
      vertex 31.4043 18.2006 -5
      vertex 24.1957 18.2006 -5
      vertex 31.5777 18.3292 -5
    endloop
  endfacet
  facet normal 0 0 -1
    outer loop
      vertex 24.0223 18.3292 -5
      vertex 31.5777 18.3292 -5
      vertex 24.1957 18.2006 -5
    endloop
  endfacet
  facet normal 0 0 -1
    outer loop
      vertex 23.8371 18.4402 -5
      vertex 31.5777 18.3292 -5
      vertex 24.0223 18.3292 -5
    endloop
  endfacet
  facet normal 0 0 -1
    outer loop
      vertex 31.7629 18.4402 -5
      vertex 23.8371 18.4402 -5
      vertex 23.6419 18.5325 -5
    endloop
  endfacet
  facet normal 0 0 -1
    outer loop
      vertex 31.9581 18.5325 -5
      vertex 23.6419 18.5325 -5
      vertex 23.4386 18.6053 -5
    endloop
  endfacet
  facet normal 0 0 -1
    outer loop
      vertex 32.1614 18.6053 -5
      vertex 23.4386 18.6053 -5
      vertex 23.2292 18.6577 -5
    endloop
  endfacet
  facet normal 0 0 -1
    outer loop
      vertex 32.3708 18.6577 -5
      vertex 23.2292 18.6577 -5
      vertex 55.7 35.3 -5
    endloop
  endfacet
  facet normal 0 0 -1
    outer loop
      vertex 23.0156 18.6894 -5
      vertex 55.7 35.3 -5
      vertex 23.2292 18.6577 -5
    endloop
  endfacet
  facet normal 0 0 -1
    outer loop
      vertex -0.2 35.3 -5
      vertex 23.0156 18.6894 -5
      vertex 22.8 18.7 -5
    endloop
  endfacet
  facet normal 0 0 -1
    outer loop
      vertex -0.2 35.3 -5
      vertex 22.8 18.7 -5
      vertex 22.5844 18.6894 -5
    endloop
  endfacet
  facet normal 0 0 -1
    outer loop
      vertex -0.2 35.3 -5
      vertex 22.5844 18.6894 -5
      vertex 22.3708 18.6577 -5
    endloop
  endfacet
  facet normal 0 0 -1
    outer loop
      vertex -0.2 35.3 -5
      vertex 22.3708 18.6577 -5
      vertex 22.1614 18.6053 -5
    endloop
  endfacet
  facet normal 0 0 -1
    outer loop
      vertex -0.2 35.3 -5
      vertex 22.1614 18.6053 -5
      vertex 21.9581 18.5325 -5
    endloop
  endfacet
  facet normal 0 0 -1
    outer loop
      vertex -0.2 35.3 -5
      vertex 21.9581 18.5325 -5
      vertex 21.7629 18.4402 -5
    endloop
  endfacet
  facet normal -0 0 -1
    outer loop
      vertex 20.6106 16.2844 -5
      vertex -2.2 -0.299999 -5
      vertex 20.6 16.5 -5
    endloop
  endfacet
  facet normal 0 0 -1
    outer loop
      vertex -2.2 33.3 -5
      vertex 20.6 16.5 -5
      vertex -2.2 -0.299999 -5
    endloop
  endfacet
  facet normal 0 0 -1
    outer loop
      vertex 20.6 16.5 -5
      vertex -2.2 33.3 -5
      vertex 20.6106 16.7156 -5
    endloop
  endfacet
  facet normal 0 0 -1
    outer loop
      vertex 20.6106 16.7156 -5
      vertex -2.2 33.3 -5
      vertex 20.6423 16.9292 -5
    endloop
  endfacet
  facet normal 0 0 -1
    outer loop
      vertex 20.6423 16.9292 -5
      vertex -2.2 33.3 -5
      vertex 20.6947 17.1386 -5
    endloop
  endfacet
  facet normal 0 0 -1
    outer loop
      vertex 20.6947 17.1386 -5
      vertex -2.2 33.3 -5
      vertex 20.7675 17.3419 -5
    endloop
  endfacet
  facet normal 0 0 -1
    outer loop
      vertex 20.7675 17.3419 -5
      vertex -2.2 33.3 -5
      vertex 20.8598 17.5371 -5
    endloop
  endfacet
  facet normal 0 -0 -1
    outer loop
      vertex -0.2 35.3 -5
      vertex 20.8598 17.5371 -5
      vertex -2.2 33.3 -5
    endloop
  endfacet
  facet normal 0 0 -1
    outer loop
      vertex 23.0156 18.6894 -5
      vertex -0.2 35.3 -5
      vertex 55.7 35.3 -5
    endloop
  endfacet
  facet normal 0 0 -1
    outer loop
      vertex 21.5777 18.3292 -5
      vertex -0.2 35.3 -5
      vertex 21.7629 18.4402 -5
    endloop
  endfacet
  facet normal 0 0 -1
    outer loop
      vertex 21.4043 18.2006 -5
      vertex -0.2 35.3 -5
      vertex 21.5777 18.3292 -5
    endloop
  endfacet
  facet normal 0 0 -1
    outer loop
      vertex 21.2444 18.0556 -5
      vertex -0.2 35.3 -5
      vertex 21.4043 18.2006 -5
    endloop
  endfacet
  facet normal 0 0 -1
    outer loop
      vertex 20.8598 17.5371 -5
      vertex -0.2 35.3 -5
      vertex 20.9708 17.7223 -5
    endloop
  endfacet
  facet normal 0 0 -1
    outer loop
      vertex -2.2 -0.299999 -5
      vertex -0.2 -2.3 -5
      vertex -0.396034 -2.29037 -5
    endloop
  endfacet
  facet normal 0 0 -1
    outer loop
      vertex 20.9708 17.7223 -5
      vertex -0.2 35.3 -5
      vertex 21.0994 17.8957 -5
    endloop
  endfacet
  facet normal 0 0 -1
    outer loop
      vertex -2.2 -0.299999 -5
      vertex -0.396034 -2.29037 -5
      vertex -0.59018 -2.26157 -5
    endloop
  endfacet
  facet normal 0 0 -1
    outer loop
      vertex 21.0994 17.8957 -5
      vertex -0.2 35.3 -5
      vertex 21.2444 18.0556 -5
    endloop
  endfacet
  facet normal 0 0 -1
    outer loop
      vertex -2.2 -0.299999 -5
      vertex -0.59018 -2.26157 -5
      vertex -0.780569 -2.21388 -5
    endloop
  endfacet
  facet normal 0 0 -1
    outer loop
      vertex -0.2 35.3 -5
      vertex -2.2 33.3 -5
      vertex -0.396034 35.2904 -5
    endloop
  endfacet
  facet normal 0 0 -1
    outer loop
      vertex -2.2 -0.299999 -5
      vertex -0.780569 -2.21388 -5
      vertex -0.965366 -2.14776 -5
    endloop
  endfacet
  facet normal 0 0 -1
    outer loop
      vertex -0.396034 35.2904 -5
      vertex -2.2 33.3 -5
      vertex -0.59018 35.2616 -5
    endloop
  endfacet
  facet normal 0 0 -1
    outer loop
      vertex -2.2 -0.299999 -5
      vertex -0.965366 -2.14776 -5
      vertex -1.14279 -2.06384 -5
    endloop
  endfacet
  facet normal 0 0 -1
    outer loop
      vertex -0.59018 35.2616 -5
      vertex -2.2 33.3 -5
      vertex -0.780569 35.2139 -5
    endloop
  endfacet
  facet normal 0 0 -1
    outer loop
      vertex -2.2 -0.299999 -5
      vertex -1.14279 -2.06384 -5
      vertex -1.31114 -1.96294 -5
    endloop
  endfacet
  facet normal 0 0 -1
    outer loop
      vertex -0.780569 35.2139 -5
      vertex -2.2 33.3 -5
      vertex -0.965366 35.1478 -5
    endloop
  endfacet
  facet normal 0 0 -1
    outer loop
      vertex -2.2 -0.299999 -5
      vertex -1.31114 -1.96294 -5
      vertex -1.46879 -1.84602 -5
    endloop
  endfacet
  facet normal 0 0 -1
    outer loop
      vertex -0.965366 35.1478 -5
      vertex -2.2 33.3 -5
      vertex -1.14279 35.0638 -5
    endloop
  endfacet
  facet normal 0 0 -1
    outer loop
      vertex -2.2 -0.299999 -5
      vertex -1.46879 -1.84602 -5
      vertex -1.61421 -1.71421 -5
    endloop
  endfacet
  facet normal 0 0 -1
    outer loop
      vertex -1.14279 35.0638 -5
      vertex -2.2 33.3 -5
      vertex -1.31114 34.9629 -5
    endloop
  endfacet
  facet normal 0 0 -1
    outer loop
      vertex -2.2 -0.299999 -5
      vertex -1.61421 -1.71421 -5
      vertex -1.74602 -1.56879 -5
    endloop
  endfacet
  facet normal 0 0 -1
    outer loop
      vertex -1.31114 34.9629 -5
      vertex -2.2 33.3 -5
      vertex -1.46879 34.846 -5
    endloop
  endfacet
  facet normal 0 0 -1
    outer loop
      vertex -2.2 -0.299999 -5
      vertex -1.74602 -1.56879 -5
      vertex -1.86294 -1.41114 -5
    endloop
  endfacet
  facet normal 0 0 -1
    outer loop
      vertex -1.46879 34.846 -5
      vertex -2.2 33.3 -5
      vertex -1.61421 34.7142 -5
    endloop
  endfacet
  facet normal 0 0 -1
    outer loop
      vertex -2.2 -0.299999 -5
      vertex -1.86294 -1.41114 -5
      vertex -1.96384 -1.24279 -5
    endloop
  endfacet
  facet normal 0 0 -1
    outer loop
      vertex -1.61421 34.7142 -5
      vertex -2.2 33.3 -5
      vertex -1.74602 34.5688 -5
    endloop
  endfacet
  facet normal 0 0 -1
    outer loop
      vertex -2.2 -0.299999 -5
      vertex -1.96384 -1.24279 -5
      vertex -2.04776 -1.06537 -5
    endloop
  endfacet
  facet normal 0 0 -1
    outer loop
      vertex -1.74602 34.5688 -5
      vertex -2.2 33.3 -5
      vertex -1.86294 34.4111 -5
    endloop
  endfacet
  facet normal 0 0 -1
    outer loop
      vertex -2.2 -0.299999 -5
      vertex -2.04776 -1.06537 -5
      vertex -2.11388 -0.880569 -5
    endloop
  endfacet
  facet normal 0 0 -1
    outer loop
      vertex -1.86294 34.4111 -5
      vertex -2.2 33.3 -5
      vertex -1.96384 34.2428 -5
    endloop
  endfacet
  facet normal 0 0 -1
    outer loop
      vertex -2.2 -0.299999 -5
      vertex -2.11388 -0.880569 -5
      vertex -2.16157 -0.69018 -5
    endloop
  endfacet
  facet normal 0 0 -1
    outer loop
      vertex -1.96384 34.2428 -5
      vertex -2.2 33.3 -5
      vertex -2.04776 34.0654 -5
    endloop
  endfacet
  facet normal 0 0 -1
    outer loop
      vertex -2.2 -0.299999 -5
      vertex -2.16157 -0.69018 -5
      vertex -2.19037 -0.496034 -5
    endloop
  endfacet
  facet normal 0 0 -1
    outer loop
      vertex -2.04776 34.0654 -5
      vertex -2.2 33.3 -5
      vertex -2.11388 33.8806 -5
    endloop
  endfacet
  facet normal 0 0 -1
    outer loop
      vertex -2.11388 33.8806 -5
      vertex -2.2 33.3 -5
      vertex -2.16157 33.6902 -5
    endloop
  endfacet
  facet normal 0 0 -1
    outer loop
      vertex -2.16157 33.6902 -5
      vertex -2.2 33.3 -5
      vertex -2.19037 33.496 -5
    endloop
  endfacet
  facet normal -0.427908 0.903822 0
    outer loop
      vertex -0.965366 35.1478 -5
      vertex -1.14279 35.0638 9.1
      vertex -0.965366 35.1478 9.1
    endloop
  endfacet
  facet normal -0.427908 0.903822 0
    outer loop
      vertex -1.14279 35.0638 9.1
      vertex -0.965366 35.1478 -5
      vertex -1.14279 35.0638 -5
    endloop
  endfacet
  facet normal -0.803301 0.595573 0
    outer loop
      vertex -1.86294 34.4111 -5
      vertex -1.74602 34.5688 9.1
      vertex -1.74602 34.5688 -5
    endloop
  endfacet
  facet normal -0.803301 0.595573 0
    outer loop
      vertex -1.74602 34.5688 9.1
      vertex -1.86294 34.4111 -5
      vertex -1.86294 34.4111 9.1
    endloop
  endfacet
  facet normal 0.998803 0.0489209 0
    outer loop
      vertex 57.7 33.3 9.1
      vertex 57.6904 33.496 -5
      vertex 57.6904 33.496 9.1
    endloop
  endfacet
  facet normal 0.998803 0.0489209 0
    outer loop
      vertex 57.6904 33.496 -5
      vertex 57.7 33.3 9.1
      vertex 57.7 33.3 -5
    endloop
  endfacet
  facet normal 0.903819 -0.427916 0
    outer loop
      vertex 57.4638 -1.24279 9.1
      vertex 57.5478 -1.06537 -5
      vertex 57.5478 -1.06537 9.1
    endloop
  endfacet
  facet normal 0.903819 -0.427916 0
    outer loop
      vertex 57.5478 -1.06537 -5
      vertex 57.4638 -1.24279 9.1
      vertex 57.4638 -1.24279 -5
    endloop
  endfacet
  facet normal 0.514196 -0.857673 0
    outer loop
      vertex 56.6428 -2.06384 -5
      vertex 56.8111 -1.96294 9.1
      vertex 56.6428 -2.06384 9.1
    endloop
  endfacet
  facet normal 0.514196 -0.857673 0
    outer loop
      vertex 56.8111 -1.96294 9.1
      vertex 56.6428 -2.06384 -5
      vertex 56.8111 -1.96294 -5
    endloop
  endfacet
  facet normal 0.989176 -0.146736 0
    outer loop
      vertex 57.6616 -0.69018 9.1
      vertex 57.6904 -0.496034 -5
      vertex 57.6904 -0.496034 9.1
    endloop
  endfacet
  facet normal 0.989176 -0.146736 0
    outer loop
      vertex 57.6904 -0.496034 -5
      vertex 57.6616 -0.69018 9.1
      vertex 57.6616 -0.69018 -5
    endloop
  endfacet
  facet normal -0.740882 0.671635 0
    outer loop
      vertex -1.74602 34.5688 -5
      vertex -1.61421 34.7142 9.1
      vertex -1.61421 34.7142 -5
    endloop
  endfacet
  facet normal -0.740882 0.671635 0
    outer loop
      vertex -1.61421 34.7142 9.1
      vertex -1.74602 34.5688 -5
      vertex -1.74602 34.5688 9.1
    endloop
  endfacet
  facet normal -0.336883 -0.941546 0
    outer loop
      vertex -0.965366 -2.14776 -5
      vertex -0.780569 -2.21388 9.1
      vertex -0.965366 -2.14776 9.1
    endloop
  endfacet
  facet normal -0.336883 -0.941546 -0
    outer loop
      vertex -0.780569 -2.21388 9.1
      vertex -0.965366 -2.14776 -5
      vertex -0.780569 -2.21388 -5
    endloop
  endfacet
  facet normal 0.85774 -0.514084 0
    outer loop
      vertex 57.3629 -1.41114 9.1
      vertex 57.4638 -1.24279 -5
      vertex 57.4638 -1.24279 9.1
    endloop
  endfacet
  facet normal 0.85774 -0.514084 0
    outer loop
      vertex 57.4638 -1.24279 -5
      vertex 57.3629 -1.41114 9.1
      vertex 57.3629 -1.41114 -5
    endloop
  endfacet
  facet normal 0.336879 -0.941548 0
    outer loop
      vertex 56.2806 -2.21388 -5
      vertex 56.4654 -2.14776 9.1
      vertex 56.2806 -2.21388 9.1
    endloop
  endfacet
  facet normal 0.336879 -0.941548 0
    outer loop
      vertex 56.4654 -2.14776 9.1
      vertex 56.2806 -2.21388 -5
      vertex 56.4654 -2.14776 -5
    endloop
  endfacet
  facet normal 0.671635 -0.740882 0
    outer loop
      vertex 56.9688 -1.84602 -5
      vertex 57.1142 -1.71421 9.1
      vertex 56.9688 -1.84602 9.1
    endloop
  endfacet
  facet normal 0.671635 -0.740882 0
    outer loop
      vertex 57.1142 -1.71421 9.1
      vertex 56.9688 -1.84602 -5
      vertex 57.1142 -1.71421 -5
    endloop
  endfacet
  facet normal 0.595573 -0.803301 0
    outer loop
      vertex 56.8111 -1.96294 -5
      vertex 56.9688 -1.84602 9.1
      vertex 56.8111 -1.96294 9.1
    endloop
  endfacet
  facet normal 0.595573 -0.803301 0
    outer loop
      vertex 56.9688 -1.84602 9.1
      vertex 56.8111 -1.96294 -5
      vertex 56.9688 -1.84602 -5
    endloop
  endfacet
  facet normal -0.336793 0.941579 0
    outer loop
      vertex -0.780569 35.2139 -5
      vertex -0.965366 35.1478 9.1
      vertex -0.780569 35.2139 9.1
    endloop
  endfacet
  facet normal -0.336793 0.941579 0
    outer loop
      vertex -0.965366 35.1478 9.1
      vertex -0.780569 35.2139 -5
      vertex -0.965366 35.1478 -5
    endloop
  endfacet
  facet normal 0.857673 0.514196 0
    outer loop
      vertex 57.4638 34.2428 9.1
      vertex 57.3629 34.4111 -5
      vertex 57.3629 34.4111 9.1
    endloop
  endfacet
  facet normal 0.857673 0.514196 0
    outer loop
      vertex 57.3629 34.4111 -5
      vertex 57.4638 34.2428 9.1
      vertex 57.4638 34.2428 -5
    endloop
  endfacet
  facet normal -0.998795 0.0490735 0
    outer loop
      vertex -2.2 33.3 -5
      vertex -2.19037 33.496 9.1
      vertex -2.19037 33.496 -5
    endloop
  endfacet
  facet normal -0.998795 0.0490735 0
    outer loop
      vertex -2.19037 33.496 9.1
      vertex -2.2 33.3 -5
      vertex -2.2 33.3 9.1
    endloop
  endfacet
  facet normal 0.243015 0.970023 -0
    outer loop
      vertex 56.2806 35.2139 -5
      vertex 56.0902 35.2616 9.1
      vertex 56.2806 35.2139 9.1
    endloop
  endfacet
  facet normal 0.243015 0.970023 0
    outer loop
      vertex 56.0902 35.2616 9.1
      vertex 56.2806 35.2139 -5
      vertex 56.0902 35.2616 -5
    endloop
  endfacet
  facet normal 0.9038 0.427955 0
    outer loop
      vertex 57.5478 34.0654 9.1
      vertex 57.4638 34.2428 -5
      vertex 57.4638 34.2428 9.1
    endloop
  endfacet
  facet normal 0.9038 0.427955 0
    outer loop
      vertex 57.4638 34.2428 -5
      vertex 57.5478 34.0654 9.1
      vertex 57.5478 34.0654 -5
    endloop
  endfacet
  facet normal 0.998803 -0.0489122 0
    outer loop
      vertex 57.6904 -0.496034 9.1
      vertex 57.7 -0.299999 -5
      vertex 57.7 -0.299999 9.1
    endloop
  endfacet
  facet normal 0.998803 -0.0489122 0
    outer loop
      vertex 57.7 -0.299999 -5
      vertex 57.6904 -0.496034 9.1
      vertex 57.6904 -0.496034 -5
    endloop
  endfacet
  facet normal 0.514196 0.857673 -0
    outer loop
      vertex 56.8111 34.9629 -5
      vertex 56.6428 35.0638 9.1
      vertex 56.8111 34.9629 9.1
    endloop
  endfacet
  facet normal 0.514196 0.857673 0
    outer loop
      vertex 56.6428 35.0638 9.1
      vertex 56.8111 34.9629 -5
      vertex 56.6428 35.0638 -5
    endloop
  endfacet
  facet normal -0 0 1
    outer loop
      vertex -2.2 9.05 9.1
      vertex -0.299999 8.75 9.1
      vertex -0.299999 9.05 9.1
    endloop
  endfacet
  facet normal 0 0 1
    outer loop
      vertex -0.299999 8.75 9.1
      vertex -2.2 -0.299999 9.1
      vertex -0.396034 -2.29037 9.1
    endloop
  endfacet
  facet normal 0 0 1
    outer loop
      vertex -0.396034 -2.29037 9.1
      vertex -2.2 -0.299999 9.1
      vertex -0.59018 -2.26157 9.1
    endloop
  endfacet
  facet normal 0 0 1
    outer loop
      vertex -0.59018 -2.26157 9.1
      vertex -2.2 -0.299999 9.1
      vertex -0.780569 -2.21388 9.1
    endloop
  endfacet
  facet normal 0 0 1
    outer loop
      vertex -0.780569 -2.21388 9.1
      vertex -2.2 -0.299999 9.1
      vertex -0.965366 -2.14776 9.1
    endloop
  endfacet
  facet normal 0 0 1
    outer loop
      vertex -0.965366 -2.14776 9.1
      vertex -2.2 -0.299999 9.1
      vertex -1.14279 -2.06384 9.1
    endloop
  endfacet
  facet normal 0 0 1
    outer loop
      vertex -1.14279 -2.06384 9.1
      vertex -2.2 -0.299999 9.1
      vertex -1.31114 -1.96294 9.1
    endloop
  endfacet
  facet normal 0 0 1
    outer loop
      vertex -1.31114 -1.96294 9.1
      vertex -2.2 -0.299999 9.1
      vertex -1.46879 -1.84602 9.1
    endloop
  endfacet
  facet normal 0 0 1
    outer loop
      vertex -1.46879 -1.84602 9.1
      vertex -2.2 -0.299999 9.1
      vertex -1.61421 -1.71421 9.1
    endloop
  endfacet
  facet normal 0 0 1
    outer loop
      vertex -1.61421 -1.71421 9.1
      vertex -2.2 -0.299999 9.1
      vertex -1.74602 -1.56879 9.1
    endloop
  endfacet
  facet normal 0 0 1
    outer loop
      vertex -1.74602 -1.56879 9.1
      vertex -2.2 -0.299999 9.1
      vertex -1.86294 -1.41114 9.1
    endloop
  endfacet
  facet normal 0 0 1
    outer loop
      vertex -1.86294 -1.41114 9.1
      vertex -2.2 -0.299999 9.1
      vertex -1.96384 -1.24279 9.1
    endloop
  endfacet
  facet normal 0 0 1
    outer loop
      vertex -1.96384 -1.24279 9.1
      vertex -2.2 -0.299999 9.1
      vertex -2.04776 -1.06537 9.1
    endloop
  endfacet
  facet normal 0 0 1
    outer loop
      vertex -2.04776 -1.06537 9.1
      vertex -2.2 -0.299999 9.1
      vertex -2.11388 -0.880569 9.1
    endloop
  endfacet
  facet normal 0 0 1
    outer loop
      vertex -2.11388 -0.880569 9.1
      vertex -2.2 -0.299999 9.1
      vertex -2.16157 -0.69018 9.1
    endloop
  endfacet
  facet normal 0 0 1
    outer loop
      vertex -0.299999 8.75 9.1
      vertex -2.2 9.05 9.1
      vertex -2.2 -0.299999 9.1
    endloop
  endfacet
  facet normal 0 0 1
    outer loop
      vertex -2.16157 -0.69018 9.1
      vertex -2.2 -0.299999 9.1
      vertex -2.19037 -0.496034 9.1
    endloop
  endfacet
  facet normal -0 0 1
    outer loop
      vertex -0.299999 8.75 9.1
      vertex -0.2 0.5 9.1
      vertex -0.2 8.75 9.1
    endloop
  endfacet
  facet normal 0 0 1
    outer loop
      vertex -0.2 0.5 9.1
      vertex -0.299999 8.75 9.1
      vertex -0.396034 -2.29037 9.1
    endloop
  endfacet
  facet normal 0 0 1
    outer loop
      vertex -0.2 0.5 9.1
      vertex -0.396034 -2.29037 9.1
      vertex -0.2 -2.3 9.1
    endloop
  endfacet
  facet normal -0 0 1
    outer loop
      vertex 55.8 0.25 9.1
      vertex 57.7 -0.299999 9.1
      vertex 57.7 0.549999 9.1
    endloop
  endfacet
  facet normal 0 0 1
    outer loop
      vertex 57.7 -0.299999 9.1
      vertex 55.8 0.25 9.1
      vertex 57.6904 -0.496034 9.1
    endloop
  endfacet
  facet normal 0 0 1
    outer loop
      vertex 57.6904 -0.496034 9.1
      vertex 55.8 0.25 9.1
      vertex 57.6616 -0.69018 9.1
    endloop
  endfacet
  facet normal 0 0 1
    outer loop
      vertex 57.6616 -0.69018 9.1
      vertex 55.8 0.25 9.1
      vertex 57.6139 -0.880569 9.1
    endloop
  endfacet
  facet normal 0 0 1
    outer loop
      vertex 57.6139 -0.880569 9.1
      vertex 55.8 0.25 9.1
      vertex 57.5478 -1.06537 9.1
    endloop
  endfacet
  facet normal 0 0 1
    outer loop
      vertex 57.5478 -1.06537 9.1
      vertex 55.8 0.25 9.1
      vertex 57.4638 -1.24279 9.1
    endloop
  endfacet
  facet normal -0 0 1
    outer loop
      vertex 55.5184 -0.007514 9.1
      vertex 57.4638 -1.24279 9.1
      vertex 55.8 0.25 9.1
    endloop
  endfacet
  facet normal 0 0 1
    outer loop
      vertex 57.4638 -1.24279 9.1
      vertex 55.5184 -0.007514 9.1
      vertex 57.3629 -1.41114 9.1
    endloop
  endfacet
  facet normal 0 0 1
    outer loop
      vertex 57.3629 -1.41114 9.1
      vertex 55.5184 -0.007514 9.1
      vertex 57.246 -1.56879 9.1
    endloop
  endfacet
  facet normal -0 0 1
    outer loop
      vertex 55.4657 -0.0656853 9.1
      vertex 57.246 -1.56879 9.1
      vertex 55.5184 -0.007514 9.1
    endloop
  endfacet
  facet normal 0 0 1
    outer loop
      vertex 57.246 -1.56879 9.1
      vertex 55.4657 -0.0656853 9.1
      vertex 57.1142 -1.71421 9.1
    endloop
  endfacet
  facet normal 0 0 1
    outer loop
      vertex 57.1142 -1.71421 9.1
      vertex 55.4657 -0.0656853 9.1
      vertex 56.9688 -1.84602 9.1
    endloop
  endfacet
  facet normal -0 0 1
    outer loop
      vertex 55.4075 -0.118408 9.1
      vertex 56.9688 -1.84602 9.1
      vertex 55.4657 -0.0656853 9.1
    endloop
  endfacet
  facet normal 0 0 1
    outer loop
      vertex 56.9688 -1.84602 9.1
      vertex 55.4075 -0.118408 9.1
      vertex 56.8111 -1.96294 9.1
    endloop
  endfacet
  facet normal 0 0 1
    outer loop
      vertex 56.8111 -1.96294 9.1
      vertex 55.4075 -0.118408 9.1
      vertex 56.6428 -2.06384 9.1
    endloop
  endfacet
  facet normal 0 0 1
    outer loop
      vertex 55.8 0.25 9.1
      vertex 57.7 0.549999 9.1
      vertex 55.8 0.549999 9.1
    endloop
  endfacet
  facet normal 0 0 1
    outer loop
      vertex 56.6428 -2.06384 9.1
      vertex 55.4075 -0.118408 9.1
      vertex 56.4654 -2.14776 9.1
    endloop
  endfacet
  facet normal -0 0 1
    outer loop
      vertex 55.3445 -0.165175 9.1
      vertex 56.4654 -2.14776 9.1
      vertex 55.4075 -0.118408 9.1
    endloop
  endfacet
  facet normal 0 0 1
    outer loop
      vertex 55.6391 0.193852 9.1
      vertex 55.8 0.25 9.1
      vertex 55.6592 0.25 9.1
    endloop
  endfacet
  facet normal 0 0 1
    outer loop
      vertex 55.6055 0.122882 9.1
      vertex 55.8 0.25 9.1
      vertex 55.6391 0.193852 9.1
    endloop
  endfacet
  facet normal 0 0 1
    outer loop
      vertex 55.5652 0.0555429 9.1
      vertex 55.8 0.25 9.1
      vertex 55.6055 0.122882 9.1
    endloop
  endfacet
  facet normal 0 0 1
    outer loop
      vertex 55.5184 -0.007514 9.1
      vertex 55.8 0.25 9.1
      vertex 55.5652 0.0555429 9.1
    endloop
  endfacet
  facet normal 0 0 1
    outer loop
      vertex 56.4654 -2.14776 9.1
      vertex 55.3445 -0.165175 9.1
      vertex 56.2806 -2.21388 9.1
    endloop
  endfacet
  facet normal 0 0 1
    outer loop
      vertex 56.2806 -2.21388 9.1
      vertex 55.3445 -0.165175 9.1
      vertex 56.0902 -2.26157 9.1
    endloop
  endfacet
  facet normal -0 0 1
    outer loop
      vertex 55.2771 -0.205537 9.1
      vertex 56.0902 -2.26157 9.1
      vertex 55.3445 -0.165175 9.1
    endloop
  endfacet
  facet normal 0 0 1
    outer loop
      vertex 56.0902 -2.26157 9.1
      vertex 55.2771 -0.205537 9.1
      vertex 55.896 -2.29037 9.1
    endloop
  endfacet
  facet normal 0 0 1
    outer loop
      vertex 55.896 -2.29037 9.1
      vertex 55.2771 -0.205537 9.1
      vertex 55.7 -2.3 9.1
    endloop
  endfacet
  facet normal -0 0 1
    outer loop
      vertex 55.2061 -0.239103 9.1
      vertex 55.7 -2.3 9.1
      vertex 55.2771 -0.205537 9.1
    endloop
  endfacet
  facet normal -0 0 1
    outer loop
      vertex 55.1322 -0.265552 9.1
      vertex 55.7 -2.3 9.1
      vertex 55.2061 -0.239103 9.1
    endloop
  endfacet
  facet normal -0 0 1
    outer loop
      vertex 55.0561 -0.284628 9.1
      vertex 55.7 -2.3 9.1
      vertex 55.1322 -0.265552 9.1
    endloop
  endfacet
  facet normal -0 0 1
    outer loop
      vertex 54.9784 -0.296147 9.1
      vertex 55.7 -2.3 9.1
      vertex 55.0561 -0.284628 9.1
    endloop
  endfacet
  facet normal -0 0 1
    outer loop
      vertex 54.9 -0.299999 9.1
      vertex 55.7 -2.3 9.1
      vertex 54.9784 -0.296147 9.1
    endloop
  endfacet
  facet normal -0 0 1
    outer loop
      vertex 0.599999 -0.299999 9.1
      vertex 55.7 -2.3 9.1
      vertex 54.9 -0.299999 9.1
    endloop
  endfacet
  facet normal 0 0 1
    outer loop
      vertex 0.599999 -0.299999 9.1
      vertex -0.2 -2.3 9.1
      vertex 55.7 -2.3 9.1
    endloop
  endfacet
  facet normal 0 0 1
    outer loop
      vertex 0.521585 -0.296147 9.1
      vertex -0.2 -2.3 9.1
      vertex 0.599999 -0.299999 9.1
    endloop
  endfacet
  facet normal 0 0 1
    outer loop
      vertex 0.443927 -0.284628 9.1
      vertex -0.2 -2.3 9.1
      vertex 0.521585 -0.296147 9.1
    endloop
  endfacet
  facet normal 0 0 1
    outer loop
      vertex 0.367772 -0.265552 9.1
      vertex -0.2 -2.3 9.1
      vertex 0.443927 -0.284628 9.1
    endloop
  endfacet
  facet normal 0 0 1
    outer loop
      vertex 0.293853 -0.239103 9.1
      vertex -0.2 -2.3 9.1
      vertex 0.367772 -0.265552 9.1
    endloop
  endfacet
  facet normal 0 0 1
    outer loop
      vertex 0.222882 -0.205537 9.1
      vertex -0.2 -2.3 9.1
      vertex 0.293853 -0.239103 9.1
    endloop
  endfacet
  facet normal 0 0 1
    outer loop
      vertex 0.155543 -0.165175 9.1
      vertex -0.2 -2.3 9.1
      vertex 0.222882 -0.205537 9.1
    endloop
  endfacet
  facet normal 0 0 1
    outer loop
      vertex 0.0924845 -0.118408 9.1
      vertex -0.2 -2.3 9.1
      vertex 0.155543 -0.165175 9.1
    endloop
  endfacet
  facet normal 0 0 1
    outer loop
      vertex 0.0343142 -0.0656853 9.1
      vertex -0.2 -2.3 9.1
      vertex 0.0924845 -0.118408 9.1
    endloop
  endfacet
  facet normal 0 0 1
    outer loop
      vertex -0.0184078 -0.007514 9.1
      vertex -0.2 -2.3 9.1
      vertex 0.0343142 -0.0656853 9.1
    endloop
  endfacet
  facet normal 0 0 1
    outer loop
      vertex -0.0651751 0.0555429 9.1
      vertex -0.2 -2.3 9.1
      vertex -0.0184078 -0.007514 9.1
    endloop
  endfacet
  facet normal 0 0 1
    outer loop
      vertex -0.105536 0.122882 9.1
      vertex -0.2 -2.3 9.1
      vertex -0.0651751 0.0555429 9.1
    endloop
  endfacet
  facet normal 0 0 1
    outer loop
      vertex -0.139103 0.193852 9.1
      vertex -0.2 -2.3 9.1
      vertex -0.105536 0.122882 9.1
    endloop
  endfacet
  facet normal 0 0 1
    outer loop
      vertex -0.165552 0.267772 9.1
      vertex -0.2 -2.3 9.1
      vertex -0.139103 0.193852 9.1
    endloop
  endfacet
  facet normal 0 0 1
    outer loop
      vertex -0.184628 0.343927 9.1
      vertex -0.2 -2.3 9.1
      vertex -0.165552 0.267772 9.1
    endloop
  endfacet
  facet normal 0 0 1
    outer loop
      vertex -0.196147 0.421586 9.1
      vertex -0.2 -2.3 9.1
      vertex -0.184628 0.343927 9.1
    endloop
  endfacet
  facet normal 0 0 1
    outer loop
      vertex -0.2 -2.3 9.1
      vertex -0.196147 0.421586 9.1
      vertex -0.2 0.5 9.1
    endloop
  endfacet
  facet normal 0 0 1
    outer loop
      vertex 55.2771 33.2055 9.1
      vertex 55.896 35.2904 9.1
      vertex 55.7 35.3 9.1
    endloop
  endfacet
  facet normal 0 0 1
    outer loop
      vertex 55.896 35.2904 9.1
      vertex 55.5184 33.0075 9.1
      vertex 55.8 32.75 9.1
    endloop
  endfacet
  facet normal 0 0 1
    outer loop
      vertex 55.8 32.75 9.1
      vertex 55.6391 32.8061 9.1
      vertex 55.6592 32.75 9.1
    endloop
  endfacet
  facet normal 0 0 1
    outer loop
      vertex 55.8 32.75 9.1
      vertex 55.6055 32.8771 9.1
      vertex 55.6391 32.8061 9.1
    endloop
  endfacet
  facet normal 0 0 1
    outer loop
      vertex 55.8 32.75 9.1
      vertex 55.5652 32.9445 9.1
      vertex 55.6055 32.8771 9.1
    endloop
  endfacet
  facet normal 0 0 1
    outer loop
      vertex 55.8 32.75 9.1
      vertex 55.5184 33.0075 9.1
      vertex 55.5652 32.9445 9.1
    endloop
  endfacet
  facet normal 0 0 1
    outer loop
      vertex 55.896 35.2904 9.1
      vertex 55.4657 33.0657 9.1
      vertex 55.5184 33.0075 9.1
    endloop
  endfacet
  facet normal 0 0 1
    outer loop
      vertex 55.896 35.2904 9.1
      vertex 55.4075 33.1184 9.1
      vertex 55.4657 33.0657 9.1
    endloop
  endfacet
  facet normal 0 0 1
    outer loop
      vertex 55.896 35.2904 9.1
      vertex 55.3445 33.1652 9.1
      vertex 55.4075 33.1184 9.1
    endloop
  endfacet
  facet normal 0 0 1
    outer loop
      vertex 55.896 35.2904 9.1
      vertex 55.2771 33.2055 9.1
      vertex 55.3445 33.1652 9.1
    endloop
  endfacet
  facet normal 0 0 1
    outer loop
      vertex 55.7 35.3 9.1
      vertex 55.2061 33.2391 9.1
      vertex 55.2771 33.2055 9.1
    endloop
  endfacet
  facet normal 0 0 1
    outer loop
      vertex 55.7 35.3 9.1
      vertex 55.1322 33.2656 9.1
      vertex 55.2061 33.2391 9.1
    endloop
  endfacet
  facet normal 0 0 1
    outer loop
      vertex 55.7 35.3 9.1
      vertex 55.0561 33.2846 9.1
      vertex 55.1322 33.2656 9.1
    endloop
  endfacet
  facet normal 0 0 1
    outer loop
      vertex 55.7 35.3 9.1
      vertex 54.9784 33.2961 9.1
      vertex 55.0561 33.2846 9.1
    endloop
  endfacet
  facet normal 0 0 1
    outer loop
      vertex 55.7 35.3 9.1
      vertex 54.9 33.3 9.1
      vertex 54.9784 33.2961 9.1
    endloop
  endfacet
  facet normal 0 0 1
    outer loop
      vertex 55.7 35.3 9.1
      vertex 0.599999 33.3 9.1
      vertex 54.9 33.3 9.1
    endloop
  endfacet
  facet normal -0 0 1
    outer loop
      vertex -0.2 35.3 9.1
      vertex 0.599999 33.3 9.1
      vertex 55.7 35.3 9.1
    endloop
  endfacet
  facet normal 0 0 1
    outer loop
      vertex -0.2 35.3 9.1
      vertex 0.521585 33.2961 9.1
      vertex 0.599999 33.3 9.1
    endloop
  endfacet
  facet normal 0 0 1
    outer loop
      vertex -0.2 35.3 9.1
      vertex 0.443927 33.2846 9.1
      vertex 0.521585 33.2961 9.1
    endloop
  endfacet
  facet normal 0 0 1
    outer loop
      vertex -0.2 35.3 9.1
      vertex 0.367772 33.2656 9.1
      vertex 0.443927 33.2846 9.1
    endloop
  endfacet
  facet normal 0 0 1
    outer loop
      vertex -0.2 35.3 9.1
      vertex 0.293853 33.2391 9.1
      vertex 0.367772 33.2656 9.1
    endloop
  endfacet
  facet normal 0 0 1
    outer loop
      vertex -0.2 35.3 9.1
      vertex 0.222882 33.2055 9.1
      vertex 0.293853 33.2391 9.1
    endloop
  endfacet
  facet normal -0 0 1
    outer loop
      vertex -0.396034 35.2904 9.1
      vertex 0.222882 33.2055 9.1
      vertex -0.2 35.3 9.1
    endloop
  endfacet
  facet normal -0 0 1
    outer loop
      vertex -0.59018 35.2616 9.1
      vertex 0.222882 33.2055 9.1
      vertex -0.396034 35.2904 9.1
    endloop
  endfacet
  facet normal 0 0 1
    outer loop
      vertex 0.222882 33.2055 9.1
      vertex -0.59018 35.2616 9.1
      vertex 0.155543 33.1652 9.1
    endloop
  endfacet
  facet normal -0 0 1
    outer loop
      vertex -0.780569 35.2139 9.1
      vertex 0.155543 33.1652 9.1
      vertex -0.59018 35.2616 9.1
    endloop
  endfacet
  facet normal -0 0 1
    outer loop
      vertex -0.965366 35.1478 9.1
      vertex 0.155543 33.1652 9.1
      vertex -0.780569 35.2139 9.1
    endloop
  endfacet
  facet normal 0 0 1
    outer loop
      vertex 0.155543 33.1652 9.1
      vertex -0.965366 35.1478 9.1
      vertex 0.0924845 33.1184 9.1
    endloop
  endfacet
  facet normal -0 0 1
    outer loop
      vertex -1.14279 35.0638 9.1
      vertex 0.0924845 33.1184 9.1
      vertex -0.965366 35.1478 9.1
    endloop
  endfacet
  facet normal -0 0 1
    outer loop
      vertex -1.31114 34.9629 9.1
      vertex 0.0924845 33.1184 9.1
      vertex -1.14279 35.0638 9.1
    endloop
  endfacet
  facet normal -0 0 1
    outer loop
      vertex -1.46879 34.846 9.1
      vertex 0.0924845 33.1184 9.1
      vertex -1.31114 34.9629 9.1
    endloop
  endfacet
  facet normal 0 0 1
    outer loop
      vertex 0.0924845 33.1184 9.1
      vertex -1.46879 34.846 9.1
      vertex 0.0343142 33.0657 9.1
    endloop
  endfacet
  facet normal -0 0 1
    outer loop
      vertex -1.61421 34.7142 9.1
      vertex 0.0343142 33.0657 9.1
      vertex -1.46879 34.846 9.1
    endloop
  endfacet
  facet normal -0 0 1
    outer loop
      vertex -1.74602 34.5688 9.1
      vertex 0.0343142 33.0657 9.1
      vertex -1.61421 34.7142 9.1
    endloop
  endfacet
  facet normal 0 0 1
    outer loop
      vertex -2.2 23.95 9.1
      vertex -0.2 32.5 9.1
      vertex -2.2 33.3 9.1
    endloop
  endfacet
  facet normal 0 0 1
    outer loop
      vertex 0.0343142 33.0657 9.1
      vertex -1.74602 34.5688 9.1
      vertex -0.0184078 33.0075 9.1
    endloop
  endfacet
  facet normal 0 0 1
    outer loop
      vertex -0.2 32.5 9.1
      vertex -0.299999 24.25 9.1
      vertex -0.2 24.25 9.1
    endloop
  endfacet
  facet normal -0 0 1
    outer loop
      vertex -1.86294 34.4111 9.1
      vertex -0.0184078 33.0075 9.1
      vertex -1.74602 34.5688 9.1
    endloop
  endfacet
  facet normal -0 0 1
    outer loop
      vertex -1.96384 34.2428 9.1
      vertex -0.0184078 33.0075 9.1
      vertex -1.86294 34.4111 9.1
    endloop
  endfacet
  facet normal 0 0 1
    outer loop
      vertex -0.0184078 33.0075 9.1
      vertex -1.96384 34.2428 9.1
      vertex -0.0651751 32.9445 9.1
    endloop
  endfacet
  facet normal -0 0 1
    outer loop
      vertex -2.04776 34.0654 9.1
      vertex -0.0651751 32.9445 9.1
      vertex -1.96384 34.2428 9.1
    endloop
  endfacet
  facet normal -0 0 1
    outer loop
      vertex -2.11388 33.8806 9.1
      vertex -0.0651751 32.9445 9.1
      vertex -2.04776 34.0654 9.1
    endloop
  endfacet
  facet normal -0 0 1
    outer loop
      vertex -2.16157 33.6902 9.1
      vertex -0.0651751 32.9445 9.1
      vertex -2.11388 33.8806 9.1
    endloop
  endfacet
  facet normal 0 0 1
    outer loop
      vertex -0.0651751 32.9445 9.1
      vertex -2.16157 33.6902 9.1
      vertex -0.105536 32.8771 9.1
    endloop
  endfacet
  facet normal -0 0 1
    outer loop
      vertex -2.19037 33.496 9.1
      vertex -0.105536 32.8771 9.1
      vertex -2.16157 33.6902 9.1
    endloop
  endfacet
  facet normal -0 0 1
    outer loop
      vertex -2.2 33.3 9.1
      vertex -0.105536 32.8771 9.1
      vertex -2.19037 33.496 9.1
    endloop
  endfacet
  facet normal 0 0 1
    outer loop
      vertex -0.105536 32.8771 9.1
      vertex -2.2 33.3 9.1
      vertex -0.139103 32.8061 9.1
    endloop
  endfacet
  facet normal 0 0 1
    outer loop
      vertex -0.139103 32.8061 9.1
      vertex -2.2 33.3 9.1
      vertex -0.165552 32.7322 9.1
    endloop
  endfacet
  facet normal 0 0 1
    outer loop
      vertex -0.165552 32.7322 9.1
      vertex -2.2 33.3 9.1
      vertex -0.184628 32.6561 9.1
    endloop
  endfacet
  facet normal 0 0 1
    outer loop
      vertex -0.184628 32.6561 9.1
      vertex -2.2 33.3 9.1
      vertex -0.196147 32.5784 9.1
    endloop
  endfacet
  facet normal 0 0 1
    outer loop
      vertex -0.196147 32.5784 9.1
      vertex -2.2 33.3 9.1
      vertex -0.2 32.5 9.1
    endloop
  endfacet
  facet normal 0 0 1
    outer loop
      vertex -0.2 32.5 9.1
      vertex -2.2 23.95 9.1
      vertex -0.299999 24.25 9.1
    endloop
  endfacet
  facet normal 0 0 1
    outer loop
      vertex -0.299999 24.25 9.1
      vertex -2.2 23.95 9.1
      vertex -0.299999 23.95 9.1
    endloop
  endfacet
  facet normal 0 0 1
    outer loop
      vertex 55.8 32.75 9.1
      vertex 57.7 33.3 9.1
      vertex 57.6904 33.496 9.1
    endloop
  endfacet
  facet normal 0 0 1
    outer loop
      vertex 55.8 32.75 9.1
      vertex 57.6904 33.496 9.1
      vertex 57.6616 33.6902 9.1
    endloop
  endfacet
  facet normal 0 0 1
    outer loop
      vertex 55.8 32.75 9.1
      vertex 57.6616 33.6902 9.1
      vertex 57.6139 33.8806 9.1
    endloop
  endfacet
  facet normal 0 0 1
    outer loop
      vertex 55.8 32.75 9.1
      vertex 57.6139 33.8806 9.1
      vertex 57.5478 34.0654 9.1
    endloop
  endfacet
  facet normal 0 0 1
    outer loop
      vertex 55.8 32.75 9.1
      vertex 57.5478 34.0654 9.1
      vertex 57.4638 34.2428 9.1
    endloop
  endfacet
  facet normal 0 0 1
    outer loop
      vertex 55.8 32.75 9.1
      vertex 57.4638 34.2428 9.1
      vertex 57.3629 34.4111 9.1
    endloop
  endfacet
  facet normal 0 0 1
    outer loop
      vertex 55.8 32.75 9.1
      vertex 57.3629 34.4111 9.1
      vertex 57.246 34.5688 9.1
    endloop
  endfacet
  facet normal 0 0 1
    outer loop
      vertex 55.8 32.75 9.1
      vertex 57.246 34.5688 9.1
      vertex 57.1142 34.7142 9.1
    endloop
  endfacet
  facet normal 0 0 1
    outer loop
      vertex 55.8 32.75 9.1
      vertex 57.1142 34.7142 9.1
      vertex 56.9688 34.846 9.1
    endloop
  endfacet
  facet normal 0 0 1
    outer loop
      vertex 55.8 32.75 9.1
      vertex 56.9688 34.846 9.1
      vertex 56.8111 34.9629 9.1
    endloop
  endfacet
  facet normal 0 0 1
    outer loop
      vertex 55.8 32.75 9.1
      vertex 56.8111 34.9629 9.1
      vertex 56.6428 35.0638 9.1
    endloop
  endfacet
  facet normal 0 0 1
    outer loop
      vertex 55.8 32.75 9.1
      vertex 56.6428 35.0638 9.1
      vertex 56.4654 35.1478 9.1
    endloop
  endfacet
  facet normal 0 0 1
    outer loop
      vertex 55.8 32.75 9.1
      vertex 56.4654 35.1478 9.1
      vertex 56.2806 35.2139 9.1
    endloop
  endfacet
  facet normal 0 0 1
    outer loop
      vertex 55.8 32.75 9.1
      vertex 56.2806 35.2139 9.1
      vertex 56.0902 35.2616 9.1
    endloop
  endfacet
  facet normal 0 0 1
    outer loop
      vertex 55.8 32.75 9.1
      vertex 56.0902 35.2616 9.1
      vertex 55.896 35.2904 9.1
    endloop
  endfacet
  facet normal 0 0 1
    outer loop
      vertex 57.7 33.3 9.1
      vertex 55.8 32.75 9.1
      vertex 57.7 32.45 9.1
    endloop
  endfacet
  facet normal 0 0 1
    outer loop
      vertex 57.7 32.45 9.1
      vertex 55.8 32.75 9.1
      vertex 55.8 32.45 9.1
    endloop
  endfacet
  facet normal -0 0 1
    outer loop
      vertex 55.7 17.25 9.1
      vertex 55.8 15.75 9.1
      vertex 55.8 17.25 9.1
    endloop
  endfacet
  facet normal 0 0 1
    outer loop
      vertex 55.8 15.75 9.1
      vertex 55.7 17.25 9.1
      vertex 55.7 15.75 9.1
    endloop
  endfacet
  facet normal 0 0 1
    outer loop
      vertex 55.8 17.25 9.1
      vertex 57.7 17.55 9.1
      vertex 55.8 17.55 9.1
    endloop
  endfacet
  facet normal 0 0 1
    outer loop
      vertex 57.7 17.55 9.1
      vertex 55.8 17.25 9.1
      vertex 57.7 15.45 9.1
    endloop
  endfacet
  facet normal -0 0 1
    outer loop
      vertex 55.8 15.75 9.1
      vertex 57.7 15.45 9.1
      vertex 55.8 17.25 9.1
    endloop
  endfacet
  facet normal 0 0 1
    outer loop
      vertex 57.7 15.45 9.1
      vertex 55.8 15.75 9.1
      vertex 55.8 15.45 9.1
    endloop
  endfacet
  facet normal -0.427758 -0.903893 0
    outer loop
      vertex 55.2061 33.2391 -3
      vertex 55.2771 33.2055 9.09
      vertex 55.2061 33.2391 9.09
    endloop
  endfacet
  facet normal -0.427758 -0.903893 -0
    outer loop
      vertex 55.2771 33.2055 9.09
      vertex 55.2061 33.2391 -3
      vertex 55.2771 33.2055 -3
    endloop
  endfacet
  facet normal 0.427758 0.903893 -0
    outer loop
      vertex 55.2771 33.2055 9.1
      vertex 55.2061 33.2391 10.5
      vertex 55.2771 33.2055 10.5
    endloop
  endfacet
  facet normal 0.427758 0.903893 0
    outer loop
      vertex 55.2061 33.2391 10.5
      vertex 55.2771 33.2055 9.1
      vertex 55.2061 33.2391 9.1
    endloop
  endfacet
  facet normal -0.0490735 0.998795 0
    outer loop
      vertex 54.9784 -0.296147 -3
      vertex 54.9 -0.299999 9.09
      vertex 54.9784 -0.296147 9.09
    endloop
  endfacet
  facet normal -0.0490735 0.998795 0
    outer loop
      vertex 54.9 -0.299999 9.09
      vertex 54.9784 -0.296147 -3
      vertex 54.9 -0.299999 -3
    endloop
  endfacet
  facet normal 0.0490735 -0.998795 0
    outer loop
      vertex 54.9 -0.299999 9.1
      vertex 54.9784 -0.296147 10.5
      vertex 54.9 -0.299999 10.5
    endloop
  endfacet
  facet normal 0.0490735 -0.998795 0
    outer loop
      vertex 54.9784 -0.296147 10.5
      vertex 54.9 -0.299999 9.1
      vertex 54.9784 -0.296147 9.1
    endloop
  endfacet
  facet normal 0 1 -0
    outer loop
      vertex 54.9 -0.299999 -3
      vertex 0.599999 -0.299999 9.09
      vertex 54.9 -0.299999 9.09
    endloop
  endfacet
  facet normal 0 1 0
    outer loop
      vertex 0.599999 -0.299999 9.09
      vertex 54.9 -0.299999 -3
      vertex 0.599999 -0.299999 -3
    endloop
  endfacet
  facet normal 0 -1 0
    outer loop
      vertex 0.599999 -0.299999 9.1
      vertex 54.9 -0.299999 10.5
      vertex 0.599999 -0.299999 10.5
    endloop
  endfacet
  facet normal 0 -1 -0
    outer loop
      vertex 54.9 -0.299999 10.5
      vertex 0.599999 -0.299999 9.1
      vertex 54.9 -0.299999 9.1
    endloop
  endfacet
  facet normal 0.671402 -0.741094 0
    outer loop
      vertex 0.0343142 33.0657 -3
      vertex 0.0924845 33.1184 9.09
      vertex 0.0343142 33.0657 9.09
    endloop
  endfacet
  facet normal 0.671402 -0.741094 0
    outer loop
      vertex 0.0924845 33.1184 9.09
      vertex 0.0343142 33.0657 -3
      vertex 0.0924845 33.1184 -3
    endloop
  endfacet
  facet normal -0.671402 0.741094 0
    outer loop
      vertex 0.0924845 33.1184 9.1
      vertex 0.0343142 33.0657 10.5
      vertex 0.0924845 33.1184 10.5
    endloop
  endfacet
  facet normal -0.671402 0.741094 0
    outer loop
      vertex 0.0343142 33.0657 10.5
      vertex 0.0924845 33.1184 9.1
      vertex 0.0343142 33.0657 9.1
    endloop
  endfacet
  facet normal 0 -1 0
    outer loop
      vertex 0.599999 33.3 -3
      vertex 54.9 33.3 9.09
      vertex 0.599999 33.3 9.09
    endloop
  endfacet
  facet normal 0 -1 -0
    outer loop
      vertex 54.9 33.3 9.09
      vertex 0.599999 33.3 -3
      vertex 54.9 33.3 -3
    endloop
  endfacet
  facet normal 0 1 -0
    outer loop
      vertex 54.9 33.3 9.1
      vertex 0.599999 33.3 10.5
      vertex 54.9 33.3 10.5
    endloop
  endfacet
  facet normal 0 1 0
    outer loop
      vertex 0.599999 33.3 10.5
      vertex 54.9 33.3 9.1
      vertex 0.599999 33.3 9.1
    endloop
  endfacet
  facet normal 0.427901 -0.903826 0
    outer loop
      vertex 0.222882 33.2055 -3
      vertex 0.293853 33.2391 9.09
      vertex 0.222882 33.2055 9.09
    endloop
  endfacet
  facet normal 0.427901 -0.903826 0
    outer loop
      vertex 0.293853 33.2391 9.09
      vertex 0.222882 33.2055 -3
      vertex 0.293853 33.2391 -3
    endloop
  endfacet
  facet normal -0.427901 0.903826 0
    outer loop
      vertex 0.293853 33.2391 9.1
      vertex 0.222882 33.2055 10.5
      vertex 0.293853 33.2391 10.5
    endloop
  endfacet
  facet normal -0.427901 0.903826 0
    outer loop
      vertex 0.222882 33.2055 10.5
      vertex 0.293853 33.2391 9.1
      vertex 0.222882 33.2055 9.1
    endloop
  endfacet
  facet normal 0.0496746 -0.998765 0
    outer loop
      vertex 0.521585 33.2961 -3
      vertex 0.599999 33.3 9.09
      vertex 0.521585 33.2961 9.09
    endloop
  endfacet
  facet normal 0.0496746 -0.998765 0
    outer loop
      vertex 0.599999 33.3 9.09
      vertex 0.521585 33.2961 -3
      vertex 0.599999 33.3 -3
    endloop
  endfacet
  facet normal -0.0496746 0.998765 0
    outer loop
      vertex 0.599999 33.3 9.1
      vertex 0.521585 33.2961 10.5
      vertex 0.599999 33.3 10.5
    endloop
  endfacet
  facet normal -0.0496746 0.998765 0
    outer loop
      vertex 0.521585 33.2961 10.5
      vertex 0.599999 33.3 9.1
      vertex 0.521585 33.2961 9.1
    endloop
  endfacet
  facet normal 0.514108 0.857725 -0
    outer loop
      vertex 0.222882 -0.205537 -3
      vertex 0.155543 -0.165175 9.09
      vertex 0.222882 -0.205537 9.09
    endloop
  endfacet
  facet normal 0.514108 0.857725 0
    outer loop
      vertex 0.155543 -0.165175 9.09
      vertex 0.222882 -0.205537 -3
      vertex 0.155543 -0.165175 -3
    endloop
  endfacet
  facet normal -0.514108 -0.857725 0
    outer loop
      vertex 0.155543 -0.165175 9.1
      vertex 0.222882 -0.205537 10.5
      vertex 0.155543 -0.165175 10.5
    endloop
  endfacet
  facet normal -0.514108 -0.857725 -0
    outer loop
      vertex 0.222882 -0.205537 10.5
      vertex 0.155543 -0.165175 9.1
      vertex 0.222882 -0.205537 9.1
    endloop
  endfacet
  facet normal -0.596053 0.802945 0
    outer loop
      vertex 55.4075 -0.118408 -3
      vertex 55.3445 -0.165175 9.09
      vertex 55.4075 -0.118408 9.09
    endloop
  endfacet
  facet normal -0.596053 0.802945 0
    outer loop
      vertex 55.3445 -0.165175 9.09
      vertex 55.4075 -0.118408 -3
      vertex 55.3445 -0.165175 -3
    endloop
  endfacet
  facet normal 0.596053 -0.802945 0
    outer loop
      vertex 55.3445 -0.165175 9.1
      vertex 55.4075 -0.118408 10.5
      vertex 55.3445 -0.165175 10.5
    endloop
  endfacet
  facet normal 0.596053 -0.802945 0
    outer loop
      vertex 55.4075 -0.118408 10.5
      vertex 55.3445 -0.165175 9.1
      vertex 55.4075 -0.118408 9.1
    endloop
  endfacet
  facet normal 0.595696 0.80321 -0
    outer loop
      vertex 0.155543 -0.165175 -3
      vertex 0.0924845 -0.118408 9.09
      vertex 0.155543 -0.165175 9.09
    endloop
  endfacet
  facet normal 0.595696 0.80321 0
    outer loop
      vertex 0.0924845 -0.118408 9.09
      vertex 0.155543 -0.165175 -3
      vertex 0.0924845 -0.118408 -3
    endloop
  endfacet
  facet normal -0.595696 -0.80321 0
    outer loop
      vertex 0.0924845 -0.118408 9.1
      vertex 0.155543 -0.165175 10.5
      vertex 0.0924845 -0.118408 10.5
    endloop
  endfacet
  facet normal -0.595696 -0.80321 -0
    outer loop
      vertex 0.155543 -0.165175 10.5
      vertex 0.0924845 -0.118408 9.1
      vertex 0.155543 -0.165175 9.1
    endloop
  endfacet
  facet normal 0.513527 -0.858074 0
    outer loop
      vertex 0.155543 33.1652 -3
      vertex 0.222882 33.2055 9.09
      vertex 0.155543 33.1652 9.09
    endloop
  endfacet
  facet normal 0.513527 -0.858074 0
    outer loop
      vertex 0.222882 33.2055 9.09
      vertex 0.155543 33.1652 -3
      vertex 0.222882 33.2055 -3
    endloop
  endfacet
  facet normal -0.513527 0.858074 0
    outer loop
      vertex 0.222882 33.2055 9.1
      vertex 0.155543 33.1652 10.5
      vertex 0.222882 33.2055 10.5
    endloop
  endfacet
  facet normal -0.513527 0.858074 0
    outer loop
      vertex 0.155543 33.1652 10.5
      vertex 0.222882 33.2055 9.1
      vertex 0.155543 33.1652 9.1
    endloop
  endfacet
  facet normal -0.741264 -0.671213 0
    outer loop
      vertex 55.5184 33.0075 -3
      vertex 55.4657 33.0657 9.09
      vertex 55.4657 33.0657 -3
    endloop
  endfacet
  facet normal -0.741264 -0.671213 0
    outer loop
      vertex 55.4657 33.0657 9.09
      vertex 55.5184 33.0075 -3
      vertex 55.5184 33.0075 9.09
    endloop
  endfacet
  facet normal 0.741264 0.671213 0
    outer loop
      vertex 55.5184 33.0075 10.5
      vertex 55.4657 33.0657 9.1
      vertex 55.4657 33.0657 10.5
    endloop
  endfacet
  facet normal 0.741264 0.671213 0
    outer loop
      vertex 55.4657 33.0657 9.1
      vertex 55.5184 33.0075 10.5
      vertex 55.5184 33.0075 9.1
    endloop
  endfacet
  facet normal 1 0 0
    outer loop
      vertex -0.2 8.75 9.09
      vertex -0.2 0.5 9.09
      vertex -0.2 8.75 1.5
    endloop
  endfacet
  facet normal 1 0 0
    outer loop
      vertex -0.2 24.25 1.5
      vertex -0.2 32.5 9.09
      vertex -0.2 24.25 9.09
    endloop
  endfacet
  facet normal 1 0 0
    outer loop
      vertex -0.2 32.5 9.09
      vertex -0.2 24.25 1.5
      vertex -0.2 32.5 -3
    endloop
  endfacet
  facet normal 1 -0 0
    outer loop
      vertex -0.2 8.75 1.5
      vertex -0.2 32.5 -3
      vertex -0.2 24.25 1.5
    endloop
  endfacet
  facet normal 1 0 0
    outer loop
      vertex -0.2 8.75 1.5
      vertex -0.2 0.5 -3
      vertex -0.2 32.5 -3
    endloop
  endfacet
  facet normal 1 0 0
    outer loop
      vertex -0.2 0.5 -3
      vertex -0.2 8.75 1.5
      vertex -0.2 0.5 9.09
    endloop
  endfacet
  facet normal -1 0 0
    outer loop
      vertex -0.2 0.5 9.1
      vertex -0.2 8.75 10.5
      vertex -0.2 8.75 9.1
    endloop
  endfacet
  facet normal -1 -0 0
    outer loop
      vertex -0.2 8.75 10.5
      vertex -0.2 0.5 9.1
      vertex -0.2 0.5 10.5
    endloop
  endfacet
  facet normal -1 0 0
    outer loop
      vertex -0.2 24.25 9.1
      vertex -0.2 32.5 10.5
      vertex -0.2 32.5 9.1
    endloop
  endfacet
  facet normal -1 -0 0
    outer loop
      vertex -0.2 32.5 10.5
      vertex -0.2 24.25 9.1
      vertex -0.2 24.25 10.5
    endloop
  endfacet
  facet normal -0.671213 -0.741264 0
    outer loop
      vertex 55.4075 33.1184 -3
      vertex 55.4657 33.0657 9.09
      vertex 55.4075 33.1184 9.09
    endloop
  endfacet
  facet normal -0.671213 -0.741264 -0
    outer loop
      vertex 55.4657 33.0657 9.09
      vertex 55.4075 33.1184 -3
      vertex 55.4657 33.0657 -3
    endloop
  endfacet
  facet normal 0.671213 0.741264 -0
    outer loop
      vertex 55.4657 33.0657 9.1
      vertex 55.4075 33.1184 10.5
      vertex 55.4657 33.0657 10.5
    endloop
  endfacet
  facet normal 0.671213 0.741264 0
    outer loop
      vertex 55.4075 33.1184 10.5
      vertex 55.4657 33.0657 9.1
      vertex 55.4075 33.1184 9.1
    endloop
  endfacet
  facet normal -0.858278 -0.513184 0
    outer loop
      vertex 55.6055 32.8771 -3
      vertex 55.5652 32.9445 9.09
      vertex 55.5652 32.9445 -3
    endloop
  endfacet
  facet normal -0.858278 -0.513184 0
    outer loop
      vertex 55.5652 32.9445 9.09
      vertex 55.6055 32.8771 -3
      vertex 55.6055 32.8771 9.09
    endloop
  endfacet
  facet normal 0.858278 0.513184 0
    outer loop
      vertex 55.6055 32.8771 10.5
      vertex 55.5652 32.9445 9.1
      vertex 55.5652 32.9445 10.5
    endloop
  endfacet
  facet normal 0.858278 0.513184 0
    outer loop
      vertex 55.5652 32.9445 9.1
      vertex 55.6055 32.8771 10.5
      vertex 55.6055 32.8771 9.1
    endloop
  endfacet
  facet normal 0.904056 -0.427415 0
    outer loop
      vertex -0.139103 32.8061 9.09
      vertex -0.105536 32.8771 -3
      vertex -0.105536 32.8771 9.09
    endloop
  endfacet
  facet normal 0.904056 -0.427415 0
    outer loop
      vertex -0.105536 32.8771 -3
      vertex -0.139103 32.8061 9.09
      vertex -0.139103 32.8061 -3
    endloop
  endfacet
  facet normal -0.904056 0.427415 0
    outer loop
      vertex -0.139103 32.8061 9.1
      vertex -0.105536 32.8771 10.5
      vertex -0.105536 32.8771 9.1
    endloop
  endfacet
  facet normal -0.904056 0.427415 0
    outer loop
      vertex -0.105536 32.8771 10.5
      vertex -0.139103 32.8061 9.1
      vertex -0.139103 32.8061 10.5
    endloop
  endfacet
  facet normal -0.513766 0.857931 0
    outer loop
      vertex 55.3445 -0.165175 -3
      vertex 55.2771 -0.205537 9.09
      vertex 55.3445 -0.165175 9.09
    endloop
  endfacet
  facet normal -0.513766 0.857931 0
    outer loop
      vertex 55.2771 -0.205537 9.09
      vertex 55.3445 -0.165175 -3
      vertex 55.2771 -0.205537 -3
    endloop
  endfacet
  facet normal 0.513766 -0.857931 0
    outer loop
      vertex 55.2771 -0.205537 9.1
      vertex 55.3445 -0.165175 10.5
      vertex 55.2771 -0.205537 10.5
    endloop
  endfacet
  facet normal 0.513766 -0.857931 0
    outer loop
      vertex 55.3445 -0.165175 10.5
      vertex 55.2771 -0.205537 9.1
      vertex 55.3445 -0.165175 9.1
    endloop
  endfacet
  facet normal -0.513184 -0.858278 0
    outer loop
      vertex 55.2771 33.2055 -3
      vertex 55.3445 33.1652 9.09
      vertex 55.2771 33.2055 9.09
    endloop
  endfacet
  facet normal -0.513184 -0.858278 -0
    outer loop
      vertex 55.3445 33.1652 9.09
      vertex 55.2771 33.2055 -3
      vertex 55.3445 33.1652 -3
    endloop
  endfacet
  facet normal 0.513184 0.858278 -0
    outer loop
      vertex 55.3445 33.1652 9.1
      vertex 55.2771 33.2055 10.5
      vertex 55.3445 33.1652 10.5
    endloop
  endfacet
  facet normal 0.513184 0.858278 0
    outer loop
      vertex 55.2771 33.2055 10.5
      vertex 55.3445 33.1652 9.1
      vertex 55.2771 33.2055 9.1
    endloop
  endfacet
  facet normal 0.242982 0.970031 -0
    outer loop
      vertex 0.443927 -0.284628 -3
      vertex 0.367772 -0.265552 9.09
      vertex 0.443927 -0.284628 9.09
    endloop
  endfacet
  facet normal 0.242982 0.970031 0
    outer loop
      vertex 0.367772 -0.265552 9.09
      vertex 0.443927 -0.284628 -3
      vertex 0.367772 -0.265552 -3
    endloop
  endfacet
  facet normal -0.242982 -0.970031 0
    outer loop
      vertex 0.367772 -0.265552 9.1
      vertex 0.443927 -0.284628 10.5
      vertex 0.367772 -0.265552 10.5
    endloop
  endfacet
  facet normal -0.242982 -0.970031 -0
    outer loop
      vertex 0.443927 -0.284628 10.5
      vertex 0.367772 -0.265552 9.1
      vertex 0.443927 -0.284628 9.1
    endloop
  endfacet
  facet normal -0.802744 -0.596324 0
    outer loop
      vertex 55.5652 32.9445 -3
      vertex 55.5184 33.0075 9.09
      vertex 55.5184 33.0075 -3
    endloop
  endfacet
  facet normal -0.802744 -0.596324 0
    outer loop
      vertex 55.5184 33.0075 9.09
      vertex 55.5652 32.9445 -3
      vertex 55.5652 32.9445 9.09
    endloop
  endfacet
  facet normal 0.802744 0.596324 0
    outer loop
      vertex 55.5652 32.9445 10.5
      vertex 55.5184 33.0075 9.1
      vertex 55.5184 33.0075 10.5
    endloop
  endfacet
  facet normal 0.802744 0.596324 0
    outer loop
      vertex 55.5184 33.0075 9.1
      vertex 55.5652 32.9445 10.5
      vertex 55.5652 32.9445 9.1
    endloop
  endfacet
  facet normal -1 0 0
    outer loop
      vertex 55.7 32.5 -3
      vertex 55.7 17.25 1.5
      vertex 55.7 32.5 1.5
    endloop
  endfacet
  facet normal -1 0 0
    outer loop
      vertex 55.7 17.25 1.5
      vertex 55.7 15.75 1.5
      vertex 55.7 17.25 9.09
    endloop
  endfacet
  facet normal -1 0 0
    outer loop
      vertex 55.7 32.5 -3
      vertex 55.7 15.75 1.5
      vertex 55.7 17.25 1.5
    endloop
  endfacet
  facet normal -1 0 0
    outer loop
      vertex 55.7 0.5 -3
      vertex 55.7 15.75 1.5
      vertex 55.7 32.5 -3
    endloop
  endfacet
  facet normal -1 -0 0
    outer loop
      vertex 55.7 15.75 1.5
      vertex 55.7 0.5 -3
      vertex 55.7 0.5 1.5
    endloop
  endfacet
  facet normal -1 -0 0
    outer loop
      vertex 55.7 17.25 9.09
      vertex 55.7 15.75 1.5
      vertex 55.7 15.75 9.09
    endloop
  endfacet
  facet normal 1 -0 0
    outer loop
      vertex 55.7 15.75 10.5
      vertex 55.7 17.25 9.1
      vertex 55.7 17.25 10.5
    endloop
  endfacet
  facet normal 1 0 0
    outer loop
      vertex 55.7 17.25 9.1
      vertex 55.7 15.75 10.5
      vertex 55.7 15.75 9.1
    endloop
  endfacet
  facet normal 0.146725 0.989177 -0
    outer loop
      vertex 0.521585 -0.296147 -3
      vertex 0.443927 -0.284628 9.09
      vertex 0.521585 -0.296147 9.09
    endloop
  endfacet
  facet normal 0.146725 0.989177 0
    outer loop
      vertex 0.443927 -0.284628 9.09
      vertex 0.521585 -0.296147 -3
      vertex 0.443927 -0.284628 -3
    endloop
  endfacet
  facet normal -0.146725 -0.989177 0
    outer loop
      vertex 0.443927 -0.284628 9.1
      vertex 0.521585 -0.296147 10.5
      vertex 0.443927 -0.284628 10.5
    endloop
  endfacet
  facet normal -0.146725 -0.989177 -0
    outer loop
      vertex 0.521585 -0.296147 10.5
      vertex 0.443927 -0.284628 9.1
      vertex 0.521585 -0.296147 9.1
    endloop
  endfacet
  facet normal 0.595967 -0.803009 0
    outer loop
      vertex 0.0924845 33.1184 -3
      vertex 0.155543 33.1652 9.09
      vertex 0.0924845 33.1184 9.09
    endloop
  endfacet
  facet normal 0.595967 -0.803009 0
    outer loop
      vertex 0.155543 33.1652 9.09
      vertex 0.0924845 33.1184 -3
      vertex 0.155543 33.1652 -3
    endloop
  endfacet
  facet normal -0.595967 0.803009 0
    outer loop
      vertex 0.155543 33.1652 9.1
      vertex 0.0924845 33.1184 10.5
      vertex 0.155543 33.1652 10.5
    endloop
  endfacet
  facet normal -0.595967 0.803009 0
    outer loop
      vertex 0.0924845 33.1184 10.5
      vertex 0.155543 33.1652 9.1
      vertex 0.0924845 33.1184 9.1
    endloop
  endfacet
  facet normal 0.336894 0.941543 -0
    outer loop
      vertex 0.367772 -0.265552 -3
      vertex 0.293853 -0.239103 9.09
      vertex 0.367772 -0.265552 9.09
    endloop
  endfacet
  facet normal 0.336894 0.941543 0
    outer loop
      vertex 0.293853 -0.239103 9.09
      vertex 0.367772 -0.265552 -3
      vertex 0.293853 -0.239103 -3
    endloop
  endfacet
  facet normal -0.336894 -0.941543 0
    outer loop
      vertex 0.293853 -0.239103 9.1
      vertex 0.367772 -0.265552 10.5
      vertex 0.293853 -0.239103 10.5
    endloop
  endfacet
  facet normal -0.336894 -0.941543 -0
    outer loop
      vertex 0.367772 -0.265552 10.5
      vertex 0.293853 -0.239103 9.1
      vertex 0.367772 -0.265552 9.1
    endloop
  endfacet
  facet normal -0.970259 0.242071 0
    outer loop
      vertex 55.6656 0.267772 -3
      vertex 55.6846 0.343927 1.5
      vertex 55.6846 0.343927 -3
    endloop
  endfacet
  facet normal -0.970259 0.242071 0
    outer loop
      vertex 55.6846 0.343927 1.5
      vertex 55.6656 0.267772 -3
      vertex 55.6656 0.267772 1.5
    endloop
  endfacet
  facet normal 0.941544 0.33689 0
    outer loop
      vertex -0.139103 0.193852 9.09
      vertex -0.165552 0.267772 -3
      vertex -0.165552 0.267772 9.09
    endloop
  endfacet
  facet normal 0.941544 0.33689 0
    outer loop
      vertex -0.165552 0.267772 -3
      vertex -0.139103 0.193852 9.09
      vertex -0.139103 0.193852 -3
    endloop
  endfacet
  facet normal -0.941544 -0.33689 0
    outer loop
      vertex -0.139103 0.193852 9.1
      vertex -0.165552 0.267772 10.5
      vertex -0.165552 0.267772 9.1
    endloop
  endfacet
  facet normal -0.941544 -0.33689 0
    outer loop
      vertex -0.165552 0.267772 10.5
      vertex -0.139103 0.193852 9.1
      vertex -0.139103 0.193852 10.5
    endloop
  endfacet
  facet normal 0.857937 -0.513755 0
    outer loop
      vertex -0.105536 32.8771 9.09
      vertex -0.0651751 32.9445 -3
      vertex -0.0651751 32.9445 9.09
    endloop
  endfacet
  facet normal 0.857937 -0.513755 0
    outer loop
      vertex -0.0651751 32.9445 -3
      vertex -0.105536 32.8771 9.09
      vertex -0.105536 32.8771 -3
    endloop
  endfacet
  facet normal -0.857937 0.513755 0
    outer loop
      vertex -0.105536 32.8771 9.1
      vertex -0.0651751 32.9445 10.5
      vertex -0.0651751 32.9445 9.1
    endloop
  endfacet
  facet normal -0.857937 0.513755 0
    outer loop
      vertex -0.0651751 32.9445 10.5
      vertex -0.105536 32.8771 9.1
      vertex -0.105536 32.8771 10.5
    endloop
  endfacet
  facet normal -0.741099 0.671395 0
    outer loop
      vertex 55.4657 -0.0656853 -3
      vertex 55.5184 -0.007514 9.09
      vertex 55.5184 -0.007514 -3
    endloop
  endfacet
  facet normal -0.741099 0.671395 0
    outer loop
      vertex 55.5184 -0.007514 9.09
      vertex 55.4657 -0.0656853 -3
      vertex 55.4657 -0.0656853 9.09
    endloop
  endfacet
  facet normal 0.741099 -0.671395 0
    outer loop
      vertex 55.4657 -0.0656853 10.5
      vertex 55.5184 -0.007514 9.1
      vertex 55.5184 -0.007514 10.5
    endloop
  endfacet
  facet normal 0.741099 -0.671395 0
    outer loop
      vertex 55.5184 -0.007514 9.1
      vertex 55.4657 -0.0656853 10.5
      vertex 55.4657 -0.0656853 9.1
    endloop
  endfacet
  facet normal 0.146488 -0.989212 0
    outer loop
      vertex 0.443927 33.2846 -3
      vertex 0.521585 33.2961 9.09
      vertex 0.443927 33.2846 9.09
    endloop
  endfacet
  facet normal 0.146488 -0.989212 0
    outer loop
      vertex 0.521585 33.2961 9.09
      vertex 0.443927 33.2846 -3
      vertex 0.521585 33.2961 -3
    endloop
  endfacet
  facet normal -0.146488 0.989212 0
    outer loop
      vertex 0.521585 33.2961 9.1
      vertex 0.443927 33.2846 10.5
      vertex 0.521585 33.2961 10.5
    endloop
  endfacet
  facet normal -0.146488 0.989212 0
    outer loop
      vertex 0.443927 33.2846 10.5
      vertex 0.521585 33.2961 9.1
      vertex 0.443927 33.2846 9.1
    endloop
  endfacet
  facet normal 0.427547 0.903993 -0
    outer loop
      vertex 0.293853 -0.239103 -3
      vertex 0.222882 -0.205537 9.09
      vertex 0.293853 -0.239103 9.09
    endloop
  endfacet
  facet normal 0.427547 0.903993 0
    outer loop
      vertex 0.222882 -0.205537 9.09
      vertex 0.293853 -0.239103 -3
      vertex 0.222882 -0.205537 -3
    endloop
  endfacet
  facet normal -0.427547 -0.903993 0
    outer loop
      vertex 0.222882 -0.205537 9.1
      vertex 0.293853 -0.239103 10.5
      vertex 0.222882 -0.205537 10.5
    endloop
  endfacet
  facet normal -0.427547 -0.903993 -0
    outer loop
      vertex 0.293853 -0.239103 10.5
      vertex 0.222882 -0.205537 9.1
      vertex 0.293853 -0.239103 9.1
    endloop
  endfacet
  facet normal 0.741125 -0.671367 0
    outer loop
      vertex -0.0184078 33.0075 9.09
      vertex 0.0343142 33.0657 -3
      vertex 0.0343142 33.0657 9.09
    endloop
  endfacet
  facet normal 0.741125 -0.671367 0
    outer loop
      vertex 0.0343142 33.0657 -3
      vertex -0.0184078 33.0075 9.09
      vertex -0.0184078 33.0075 -3
    endloop
  endfacet
  facet normal -0.741125 0.671367 0
    outer loop
      vertex -0.0184078 33.0075 9.1
      vertex 0.0343142 33.0657 10.5
      vertex 0.0343142 33.0657 9.1
    endloop
  endfacet
  facet normal -0.741125 0.671367 0
    outer loop
      vertex 0.0343142 33.0657 10.5
      vertex -0.0184078 33.0075 9.1
      vertex -0.0184078 33.0075 10.5
    endloop
  endfacet
  facet normal 0.802943 -0.596055 0
    outer loop
      vertex -0.0651751 32.9445 9.09
      vertex -0.0184078 33.0075 -3
      vertex -0.0184078 33.0075 9.09
    endloop
  endfacet
  facet normal 0.802943 -0.596055 0
    outer loop
      vertex -0.0184078 33.0075 -3
      vertex -0.0651751 32.9445 9.09
      vertex -0.0651751 32.9445 -3
    endloop
  endfacet
  facet normal -0.802943 0.596055 0
    outer loop
      vertex -0.0651751 32.9445 9.1
      vertex -0.0184078 33.0075 10.5
      vertex -0.0184078 33.0075 9.1
    endloop
  endfacet
  facet normal -0.802943 0.596055 0
    outer loop
      vertex -0.0184078 33.0075 10.5
      vertex -0.0651751 32.9445 9.1
      vertex -0.0651751 32.9445 10.5
    endloop
  endfacet
  facet normal 0.857732 0.514097 0
    outer loop
      vertex -0.0651751 0.0555429 9.09
      vertex -0.105536 0.122882 -3
      vertex -0.105536 0.122882 9.09
    endloop
  endfacet
  facet normal 0.857732 0.514097 0
    outer loop
      vertex -0.105536 0.122882 -3
      vertex -0.0651751 0.0555429 9.09
      vertex -0.0651751 0.0555429 -3
    endloop
  endfacet
  facet normal -0.857732 -0.514097 0
    outer loop
      vertex -0.0651751 0.0555429 9.1
      vertex -0.105536 0.122882 10.5
      vertex -0.105536 0.122882 9.1
    endloop
  endfacet
  facet normal -0.857732 -0.514097 0
    outer loop
      vertex -0.105536 0.122882 10.5
      vertex -0.0651751 0.0555429 9.1
      vertex -0.0651751 0.0555429 10.5
    endloop
  endfacet
  facet normal 0.33747 -0.941336 0
    outer loop
      vertex 0.293853 33.2391 -3
      vertex 0.367772 33.2656 9.09
      vertex 0.293853 33.2391 9.09
    endloop
  endfacet
  facet normal 0.33747 -0.941336 0
    outer loop
      vertex 0.367772 33.2656 9.09
      vertex 0.293853 33.2391 -3
      vertex 0.367772 33.2656 -3
    endloop
  endfacet
  facet normal -0.33747 0.941336 0
    outer loop
      vertex 0.367772 33.2656 9.1
      vertex 0.293853 33.2391 10.5
      vertex 0.367772 33.2656 10.5
    endloop
  endfacet
  facet normal -0.33747 0.941336 0
    outer loop
      vertex 0.293853 33.2391 10.5
      vertex 0.367772 33.2656 9.1
      vertex 0.293853 33.2391 9.1
    endloop
  endfacet
  facet normal -0.596324 -0.802744 0
    outer loop
      vertex 55.3445 33.1652 -3
      vertex 55.4075 33.1184 9.09
      vertex 55.3445 33.1652 9.09
    endloop
  endfacet
  facet normal -0.596324 -0.802744 -0
    outer loop
      vertex 55.4075 33.1184 9.09
      vertex 55.3445 33.1652 -3
      vertex 55.4075 33.1184 -3
    endloop
  endfacet
  facet normal 0.596324 0.802744 -0
    outer loop
      vertex 55.4075 33.1184 9.1
      vertex 55.3445 33.1652 10.5
      vertex 55.4075 33.1184 10.5
    endloop
  endfacet
  facet normal 0.596324 0.802744 0
    outer loop
      vertex 55.3445 33.1652 10.5
      vertex 55.4075 33.1184 9.1
      vertex 55.3445 33.1652 9.1
    endloop
  endfacet
  facet normal -0.998765 -0.0496835 0
    outer loop
      vertex 55.7 32.5 -3
      vertex 55.6961 32.5784 1.5
      vertex 55.6961 32.5784 -3
    endloop
  endfacet
  facet normal -0.998765 -0.0496835 0
    outer loop
      vertex 55.6961 32.5784 1.5
      vertex 55.7 32.5 -3
      vertex 55.7 32.5 1.5
    endloop
  endfacet
  facet normal -0.903823 0.427906 0
    outer loop
      vertex 55.6055 0.122882 -3
      vertex 55.6391 0.193852 9.09
      vertex 55.6391 0.193852 -3
    endloop
  endfacet
  facet normal -0.903823 0.427906 0
    outer loop
      vertex 55.6391 0.193852 9.09
      vertex 55.6055 0.122882 -3
      vertex 55.6055 0.122882 9.09
    endloop
  endfacet
  facet normal 0.903823 -0.427906 0
    outer loop
      vertex 55.6055 0.122882 10.5
      vertex 55.6391 0.193852 9.1
      vertex 55.6391 0.193852 10.5
    endloop
  endfacet
  facet normal 0.903823 -0.427906 0
    outer loop
      vertex 55.6391 0.193852 9.1
      vertex 55.6055 0.122882 10.5
      vertex 55.6055 0.122882 9.1
    endloop
  endfacet
  facet normal 0.67156 0.74095 -0
    outer loop
      vertex 0.0924845 -0.118408 -3
      vertex 0.0343142 -0.0656853 9.09
      vertex 0.0924845 -0.118408 9.09
    endloop
  endfacet
  facet normal 0.67156 0.74095 0
    outer loop
      vertex 0.0343142 -0.0656853 9.09
      vertex 0.0924845 -0.118408 -3
      vertex 0.0343142 -0.0656853 -3
    endloop
  endfacet
  facet normal -0.67156 -0.74095 0
    outer loop
      vertex 0.0343142 -0.0656853 9.1
      vertex 0.0924845 -0.118408 10.5
      vertex 0.0343142 -0.0656853 10.5
    endloop
  endfacet
  facet normal -0.67156 -0.74095 -0
    outer loop
      vertex 0.0924845 -0.118408 10.5
      vertex 0.0343142 -0.0656853 9.1
      vertex 0.0924845 -0.118408 9.1
    endloop
  endfacet
  facet normal -0.243147 0.969989 0
    outer loop
      vertex 55.1322 -0.265552 -3
      vertex 55.0561 -0.284628 9.09
      vertex 55.1322 -0.265552 9.09
    endloop
  endfacet
  facet normal -0.243147 0.969989 0
    outer loop
      vertex 55.0561 -0.284628 9.09
      vertex 55.1322 -0.265552 -3
      vertex 55.0561 -0.284628 -3
    endloop
  endfacet
  facet normal 0.243147 -0.969989 0
    outer loop
      vertex 55.0561 -0.284628 9.1
      vertex 55.1322 -0.265552 10.5
      vertex 55.0561 -0.284628 10.5
    endloop
  endfacet
  facet normal 0.243147 -0.969989 0
    outer loop
      vertex 55.1322 -0.265552 10.5
      vertex 55.0561 -0.284628 9.1
      vertex 55.1322 -0.265552 9.1
    endloop
  endfacet
  facet normal -0.336971 0.941515 0
    outer loop
      vertex 55.2061 -0.239103 -3
      vertex 55.1322 -0.265552 9.09
      vertex 55.2061 -0.239103 9.09
    endloop
  endfacet
  facet normal -0.336971 0.941515 0
    outer loop
      vertex 55.1322 -0.265552 9.09
      vertex 55.2061 -0.239103 -3
      vertex 55.1322 -0.265552 -3
    endloop
  endfacet
  facet normal 0.336971 -0.941515 0
    outer loop
      vertex 55.1322 -0.265552 9.1
      vertex 55.2061 -0.239103 10.5
      vertex 55.1322 -0.265552 10.5
    endloop
  endfacet
  facet normal 0.336971 -0.941515 0
    outer loop
      vertex 55.2061 -0.239103 10.5
      vertex 55.1322 -0.265552 9.1
      vertex 55.2061 -0.239103 9.1
    endloop
  endfacet
  facet normal -0.970217 -0.242236 0
    outer loop
      vertex 55.6846 32.6561 -3
      vertex 55.6656 32.7322 1.5
      vertex 55.6656 32.7322 -3
    endloop
  endfacet
  facet normal -0.970217 -0.242236 0
    outer loop
      vertex 55.6656 32.7322 1.5
      vertex 55.6846 32.6561 -3
      vertex 55.6846 32.6561 1.5
    endloop
  endfacet
  facet normal 0.242071 -0.970259 0
    outer loop
      vertex 0.367772 33.2656 -3
      vertex 0.443927 33.2846 9.09
      vertex 0.367772 33.2656 9.09
    endloop
  endfacet
  facet normal 0.242071 -0.970259 0
    outer loop
      vertex 0.443927 33.2846 9.09
      vertex 0.367772 33.2656 -3
      vertex 0.443927 33.2846 -3
    endloop
  endfacet
  facet normal -0.242071 0.970259 0
    outer loop
      vertex 0.443927 33.2846 9.1
      vertex 0.367772 33.2656 10.5
      vertex 0.443927 33.2846 10.5
    endloop
  endfacet
  facet normal -0.242071 0.970259 0
    outer loop
      vertex 0.367772 33.2656 10.5
      vertex 0.443927 33.2846 9.1
      vertex 0.367772 33.2656 9.1
    endloop
  endfacet
  facet normal -0.940852 0.338817 0
    outer loop
      vertex 55.6656 0.267772 -3
      vertex 55.6592 0.25 1.5
      vertex 55.6656 0.267772 1.5
    endloop
  endfacet
  facet normal -0.941338 0.337466 -6.02769e-06
    outer loop
      vertex 55.6391 0.193852 -3
      vertex 55.6592 0.25 1.5
      vertex 55.6656 0.267772 -3
    endloop
  endfacet
  facet normal -0.941491 0.337037 0
    outer loop
      vertex 55.6391 0.193852 9.09
      vertex 55.6592 0.25 1.5
      vertex 55.6391 0.193852 -3
    endloop
  endfacet
  facet normal -0.941491 0.337037 0
    outer loop
      vertex 55.6592 0.25 1.5
      vertex 55.6391 0.193852 9.09
      vertex 55.6592 0.25 9.09
    endloop
  endfacet
  facet normal 0.941491 -0.337037 0
    outer loop
      vertex 55.6391 0.193852 10.5
      vertex 55.6592 0.25 9.1
      vertex 55.6592 0.25 10.5
    endloop
  endfacet
  facet normal 0.941491 -0.337037 0
    outer loop
      vertex 55.6592 0.25 9.1
      vertex 55.6391 0.193852 10.5
      vertex 55.6391 0.193852 9.1
    endloop
  endfacet
  facet normal 0.989189 -0.146647 0
    outer loop
      vertex -0.196147 32.5784 9.09
      vertex -0.184628 32.6561 -3
      vertex -0.184628 32.6561 9.09
    endloop
  endfacet
  facet normal 0.989189 -0.146647 0
    outer loop
      vertex -0.184628 32.6561 -3
      vertex -0.196147 32.5784 9.09
      vertex -0.196147 32.5784 -3
    endloop
  endfacet
  facet normal -0.989189 0.146647 0
    outer loop
      vertex -0.196147 32.5784 9.1
      vertex -0.184628 32.6561 10.5
      vertex -0.184628 32.6561 9.1
    endloop
  endfacet
  facet normal -0.989189 0.146647 0
    outer loop
      vertex -0.184628 32.6561 10.5
      vertex -0.196147 32.5784 9.1
      vertex -0.196147 32.5784 10.5
    endloop
  endfacet
  facet normal 0.0490647 0.998796 -0
    outer loop
      vertex 0.599999 -0.299999 -3
      vertex 0.521585 -0.296147 9.09
      vertex 0.599999 -0.299999 9.09
    endloop
  endfacet
  facet normal 0.0490647 0.998796 0
    outer loop
      vertex 0.521585 -0.296147 9.09
      vertex 0.599999 -0.299999 -3
      vertex 0.521585 -0.296147 -3
    endloop
  endfacet
  facet normal -0.0490647 -0.998796 0
    outer loop
      vertex 0.521585 -0.296147 9.1
      vertex 0.599999 -0.299999 10.5
      vertex 0.521585 -0.296147 10.5
    endloop
  endfacet
  facet normal -0.0490647 -0.998796 -0
    outer loop
      vertex 0.599999 -0.299999 10.5
      vertex 0.521585 -0.296147 9.1
      vertex 0.599999 -0.299999 9.1
    endloop
  endfacet
  facet normal 0.970031 0.242982 0
    outer loop
      vertex -0.165552 0.267772 9.09
      vertex -0.184628 0.343927 -3
      vertex -0.184628 0.343927 9.09
    endloop
  endfacet
  facet normal 0.970031 0.242982 0
    outer loop
      vertex -0.184628 0.343927 -3
      vertex -0.165552 0.267772 9.09
      vertex -0.165552 0.267772 -3
    endloop
  endfacet
  facet normal -0.970031 -0.242982 0
    outer loop
      vertex -0.165552 0.267772 9.1
      vertex -0.184628 0.343927 10.5
      vertex -0.184628 0.343927 9.1
    endloop
  endfacet
  facet normal -0.970031 -0.242982 0
    outer loop
      vertex -0.184628 0.343927 10.5
      vertex -0.165552 0.267772 9.1
      vertex -0.165552 0.267772 10.5
    endloop
  endfacet
  facet normal 0.998795 -0.0490862 0
    outer loop
      vertex -0.2 32.5 9.09
      vertex -0.196147 32.5784 -3
      vertex -0.196147 32.5784 9.09
    endloop
  endfacet
  facet normal 0.998795 -0.0490862 0
    outer loop
      vertex -0.196147 32.5784 -3
      vertex -0.2 32.5 9.09
      vertex -0.2 32.5 -3
    endloop
  endfacet
  facet normal -0.998795 0.0490862 0
    outer loop
      vertex -0.2 32.5 9.1
      vertex -0.196147 32.5784 10.5
      vertex -0.196147 32.5784 9.1
    endloop
  endfacet
  facet normal -0.998795 0.0490862 0
    outer loop
      vertex -0.196147 32.5784 10.5
      vertex -0.2 32.5 9.1
      vertex -0.2 32.5 10.5
    endloop
  endfacet
  facet normal 0 0 1
    outer loop
      vertex 54.9 33.3 -3
      vertex 55.7 32.5 -3
      vertex 55.6961 32.5784 -3
    endloop
  endfacet
  facet normal 0 0 1
    outer loop
      vertex 55.7 32.5 -3
      vertex 35.3 16.5 -3
      vertex 55.7 0.5 -3
    endloop
  endfacet
  facet normal 0 0 1
    outer loop
      vertex 54.9 33.3 -3
      vertex 55.6961 32.5784 -3
      vertex 55.6846 32.6561 -3
    endloop
  endfacet
  facet normal -0 0 1
    outer loop
      vertex 35.288 16.255 -3
      vertex 55.7 0.5 -3
      vertex 35.3 16.5 -3
    endloop
  endfacet
  facet normal 0 0 1
    outer loop
      vertex 54.9 33.3 -3
      vertex 55.6846 32.6561 -3
      vertex 55.6656 32.7322 -3
    endloop
  endfacet
  facet normal -0 0 1
    outer loop
      vertex 35.252 16.0123 -3
      vertex 55.7 0.5 -3
      vertex 35.288 16.255 -3
    endloop
  endfacet
  facet normal 0 0 1
    outer loop
      vertex 54.9 33.3 -3
      vertex 55.6656 32.7322 -3
      vertex 55.6391 32.8061 -3
    endloop
  endfacet
  facet normal -0 0 1
    outer loop
      vertex 35.1924 15.7743 -3
      vertex 55.7 0.5 -3
      vertex 35.252 16.0123 -3
    endloop
  endfacet
  facet normal 0 0 1
    outer loop
      vertex 54.9 33.3 -3
      vertex 55.6391 32.8061 -3
      vertex 55.6055 32.8771 -3
    endloop
  endfacet
  facet normal -0 0 1
    outer loop
      vertex 35.1097 15.5433 -3
      vertex 55.7 0.5 -3
      vertex 35.1924 15.7743 -3
    endloop
  endfacet
  facet normal 0 0 1
    outer loop
      vertex 54.9 33.3 -3
      vertex 55.6055 32.8771 -3
      vertex 55.5652 32.9445 -3
    endloop
  endfacet
  facet normal -0 0 1
    outer loop
      vertex 35.0048 15.3215 -3
      vertex 55.7 0.5 -3
      vertex 35.1097 15.5433 -3
    endloop
  endfacet
  facet normal 0 0 1
    outer loop
      vertex 54.9 33.3 -3
      vertex 55.5652 32.9445 -3
      vertex 55.5184 33.0075 -3
    endloop
  endfacet
  facet normal 0 -0 1
    outer loop
      vertex 54.9 -0.299999 -3
      vertex 55.7 0.5 -3
      vertex 35.0048 15.3215 -3
    endloop
  endfacet
  facet normal 0 0 1
    outer loop
      vertex 54.9 33.3 -3
      vertex 55.5184 33.0075 -3
      vertex 55.4657 33.0657 -3
    endloop
  endfacet
  facet normal 0 0 1
    outer loop
      vertex 55.6961 0.421586 -3
      vertex 54.9 -0.299999 -3
      vertex 55.6846 0.343927 -3
    endloop
  endfacet
  facet normal 0 0 1
    outer loop
      vertex 54.9 33.3 -3
      vertex 55.4657 33.0657 -3
      vertex 55.4075 33.1184 -3
    endloop
  endfacet
  facet normal 0 0 1
    outer loop
      vertex 55.6656 0.267772 -3
      vertex 54.9 -0.299999 -3
      vertex 55.6391 0.193852 -3
    endloop
  endfacet
  facet normal 0 0 1
    outer loop
      vertex 54.9 33.3 -3
      vertex 55.4075 33.1184 -3
      vertex 55.3445 33.1652 -3
    endloop
  endfacet
  facet normal 0 0 1
    outer loop
      vertex 55.6391 0.193852 -3
      vertex 54.9 -0.299999 -3
      vertex 55.6055 0.122882 -3
    endloop
  endfacet
  facet normal 0 0 1
    outer loop
      vertex 54.9 33.3 -3
      vertex 55.3445 33.1652 -3
      vertex 55.2771 33.2055 -3
    endloop
  endfacet
  facet normal 0 0 1
    outer loop
      vertex 55.5652 0.0555429 -3
      vertex 54.9 -0.299999 -3
      vertex 55.5184 -0.007514 -3
    endloop
  endfacet
  facet normal 0 0 1
    outer loop
      vertex 54.9 33.3 -3
      vertex 55.2771 33.2055 -3
      vertex 55.2061 33.2391 -3
    endloop
  endfacet
  facet normal 0 0 1
    outer loop
      vertex 55.4657 -0.0656853 -3
      vertex 54.9 -0.299999 -3
      vertex 55.4075 -0.118408 -3
    endloop
  endfacet
  facet normal 0 0 1
    outer loop
      vertex 54.9 33.3 -3
      vertex 55.2061 33.2391 -3
      vertex 55.1322 33.2656 -3
    endloop
  endfacet
  facet normal 0 0 1
    outer loop
      vertex 55.7 32.5 -3
      vertex 54.9 33.3 -3
      vertex 35.0048 17.6785 -3
    endloop
  endfacet
  facet normal 0 0 1
    outer loop
      vertex 54.9 33.3 -3
      vertex 55.1322 33.2656 -3
      vertex 55.0561 33.2846 -3
    endloop
  endfacet
  facet normal 0 0 1
    outer loop
      vertex 55.4075 -0.118408 -3
      vertex 54.9 -0.299999 -3
      vertex 55.3445 -0.165175 -3
    endloop
  endfacet
  facet normal 0 0 1
    outer loop
      vertex 54.9 33.3 -3
      vertex 55.0561 33.2846 -3
      vertex 54.9784 33.2961 -3
    endloop
  endfacet
  facet normal 0 0 1
    outer loop
      vertex 55.2061 -0.239103 -3
      vertex 54.9 -0.299999 -3
      vertex 55.1322 -0.265552 -3
    endloop
  endfacet
  facet normal 0 0 1
    outer loop
      vertex 55.1322 -0.265552 -3
      vertex 54.9 -0.299999 -3
      vertex 55.0561 -0.284628 -3
    endloop
  endfacet
  facet normal 0 0 1
    outer loop
      vertex 55.0561 -0.284628 -3
      vertex 54.9 -0.299999 -3
      vertex 54.9784 -0.296147 -3
    endloop
  endfacet
  facet normal 0 0 1
    outer loop
      vertex 55.2771 -0.205537 -3
      vertex 54.9 -0.299999 -3
      vertex 55.2061 -0.239103 -3
    endloop
  endfacet
  facet normal 0 0 1
    outer loop
      vertex 55.7 32.5 -3
      vertex 35.288 16.745 -3
      vertex 35.3 16.5 -3
    endloop
  endfacet
  facet normal 0 0 1
    outer loop
      vertex 55.7 32.5 -3
      vertex 35.252 16.9877 -3
      vertex 35.288 16.745 -3
    endloop
  endfacet
  facet normal 0 0 1
    outer loop
      vertex 55.7 32.5 -3
      vertex 35.1924 17.2257 -3
      vertex 35.252 16.9877 -3
    endloop
  endfacet
  facet normal 0 0 1
    outer loop
      vertex 55.7 32.5 -3
      vertex 35.1097 17.4567 -3
      vertex 35.1924 17.2257 -3
    endloop
  endfacet
  facet normal 0 0 1
    outer loop
      vertex 55.7 32.5 -3
      vertex 35.0048 17.6785 -3
      vertex 35.1097 17.4567 -3
    endloop
  endfacet
  facet normal 0 0 1
    outer loop
      vertex 54.9 33.3 -3
      vertex 34.8787 17.8889 -3
      vertex 35.0048 17.6785 -3
    endloop
  endfacet
  facet normal 0 0 1
    outer loop
      vertex 54.9 33.3 -3
      vertex 34.7325 18.086 -3
      vertex 34.8787 17.8889 -3
    endloop
  endfacet
  facet normal 0 0 1
    outer loop
      vertex 54.9 33.3 -3
      vertex 34.5678 18.2678 -3
      vertex 34.7325 18.086 -3
    endloop
  endfacet
  facet normal 0 0 1
    outer loop
      vertex 54.9 33.3 -3
      vertex 34.386 18.4325 -3
      vertex 34.5678 18.2678 -3
    endloop
  endfacet
  facet normal 0 0 1
    outer loop
      vertex 54.9 33.3 -3
      vertex 34.1889 18.5787 -3
      vertex 34.386 18.4325 -3
    endloop
  endfacet
  facet normal 0 0 1
    outer loop
      vertex 54.9 33.3 -3
      vertex 33.9785 18.7048 -3
      vertex 34.1889 18.5787 -3
    endloop
  endfacet
  facet normal 0 0 1
    outer loop
      vertex 54.9 33.3 -3
      vertex 33.7567 18.8097 -3
      vertex 33.9785 18.7048 -3
    endloop
  endfacet
  facet normal 0 0 1
    outer loop
      vertex 54.9 33.3 -3
      vertex 33.5257 18.8923 -3
      vertex 33.7567 18.8097 -3
    endloop
  endfacet
  facet normal 0 0 1
    outer loop
      vertex 54.9 33.3 -3
      vertex 33.2877 18.952 -3
      vertex 33.5257 18.8923 -3
    endloop
  endfacet
  facet normal 0 0 1
    outer loop
      vertex 54.9 33.3 -3
      vertex 33.045 18.988 -3
      vertex 33.2877 18.952 -3
    endloop
  endfacet
  facet normal 0 0 1
    outer loop
      vertex 54.9 33.3 -3
      vertex 32.8 19 -3
      vertex 33.045 18.988 -3
    endloop
  endfacet
  facet normal 0 0 1
    outer loop
      vertex 54.9 33.3 -3
      vertex 32.555 18.988 -3
      vertex 32.8 19 -3
    endloop
  endfacet
  facet normal 0 0 1
    outer loop
      vertex 54.9 33.3 -3
      vertex 32.3123 18.952 -3
      vertex 32.555 18.988 -3
    endloop
  endfacet
  facet normal 0 0 1
    outer loop
      vertex 23.2877 18.952 -3
      vertex 32.3123 18.952 -3
      vertex 54.9 33.3 -3
    endloop
  endfacet
  facet normal 0 0 1
    outer loop
      vertex 32.3123 18.952 -3
      vertex 23.2877 18.952 -3
      vertex 32.0743 18.8923 -3
    endloop
  endfacet
  facet normal 0 -0 1
    outer loop
      vertex 23.5257 18.8923 -3
      vertex 32.0743 18.8923 -3
      vertex 23.2877 18.952 -3
    endloop
  endfacet
  facet normal 0 0 1
    outer loop
      vertex 32.0743 18.8923 -3
      vertex 23.5257 18.8923 -3
      vertex 31.8433 18.8097 -3
    endloop
  endfacet
  facet normal 0 0 1
    outer loop
      vertex 30.312 16.745 -3
      vertex 25.3 16.5 -3
      vertex 30.3 16.5 -3
    endloop
  endfacet
  facet normal 0 0 1
    outer loop
      vertex 25.288 16.745 -3
      vertex 30.312 16.745 -3
      vertex 30.348 16.9877 -3
    endloop
  endfacet
  facet normal 0 0 1
    outer loop
      vertex 25.252 16.9877 -3
      vertex 30.348 16.9877 -3
      vertex 30.4076 17.2257 -3
    endloop
  endfacet
  facet normal 0 0 1
    outer loop
      vertex 25.1924 17.2257 -3
      vertex 30.4076 17.2257 -3
      vertex 30.4903 17.4567 -3
    endloop
  endfacet
  facet normal 0 0 1
    outer loop
      vertex 25.1097 17.4567 -3
      vertex 30.4903 17.4567 -3
      vertex 30.5952 17.6785 -3
    endloop
  endfacet
  facet normal 0 0 1
    outer loop
      vertex 25.0048 17.6785 -3
      vertex 30.5952 17.6785 -3
      vertex 30.7213 17.8889 -3
    endloop
  endfacet
  facet normal 0 0 1
    outer loop
      vertex 24.8787 17.8889 -3
      vertex 30.7213 17.8889 -3
      vertex 30.8675 18.086 -3
    endloop
  endfacet
  facet normal 0 0 1
    outer loop
      vertex 24.7325 18.086 -3
      vertex 30.8675 18.086 -3
      vertex 31.0322 18.2678 -3
    endloop
  endfacet
  facet normal 0 0 1
    outer loop
      vertex 24.5678 18.2678 -3
      vertex 31.0322 18.2678 -3
      vertex 31.214 18.4325 -3
    endloop
  endfacet
  facet normal 0 0 1
    outer loop
      vertex 24.386 18.4325 -3
      vertex 31.214 18.4325 -3
      vertex 31.4111 18.5787 -3
    endloop
  endfacet
  facet normal 0 -0 1
    outer loop
      vertex 23.7567 18.8097 -3
      vertex 31.8433 18.8097 -3
      vertex 23.5257 18.8923 -3
    endloop
  endfacet
  facet normal 0 0 1
    outer loop
      vertex 30.312 16.745 -3
      vertex 25.288 16.745 -3
      vertex 25.3 16.5 -3
    endloop
  endfacet
  facet normal 0 0 1
    outer loop
      vertex 30.348 16.9877 -3
      vertex 25.252 16.9877 -3
      vertex 25.288 16.745 -3
    endloop
  endfacet
  facet normal 0 0 1
    outer loop
      vertex 30.4076 17.2257 -3
      vertex 25.1924 17.2257 -3
      vertex 25.252 16.9877 -3
    endloop
  endfacet
  facet normal 0 0 1
    outer loop
      vertex 30.4903 17.4567 -3
      vertex 25.1097 17.4567 -3
      vertex 25.1924 17.2257 -3
    endloop
  endfacet
  facet normal 0 0 1
    outer loop
      vertex 30.5952 17.6785 -3
      vertex 25.0048 17.6785 -3
      vertex 25.1097 17.4567 -3
    endloop
  endfacet
  facet normal 0 0 1
    outer loop
      vertex 30.7213 17.8889 -3
      vertex 24.8787 17.8889 -3
      vertex 25.0048 17.6785 -3
    endloop
  endfacet
  facet normal 0 0 1
    outer loop
      vertex 30.8675 18.086 -3
      vertex 24.7325 18.086 -3
      vertex 24.8787 17.8889 -3
    endloop
  endfacet
  facet normal 0 0 1
    outer loop
      vertex 31.0322 18.2678 -3
      vertex 24.5678 18.2678 -3
      vertex 24.7325 18.086 -3
    endloop
  endfacet
  facet normal 0 0 1
    outer loop
      vertex 31.214 18.4325 -3
      vertex 24.386 18.4325 -3
      vertex 24.5678 18.2678 -3
    endloop
  endfacet
  facet normal 0 0 1
    outer loop
      vertex 31.4111 18.5787 -3
      vertex 24.1889 18.5787 -3
      vertex 24.386 18.4325 -3
    endloop
  endfacet
  facet normal 0 0 1
    outer loop
      vertex 31.4111 18.5787 -3
      vertex 23.9785 18.7048 -3
      vertex 24.1889 18.5787 -3
    endloop
  endfacet
  facet normal 0 0 1
    outer loop
      vertex 31.6215 18.7048 -3
      vertex 23.9785 18.7048 -3
      vertex 31.4111 18.5787 -3
    endloop
  endfacet
  facet normal 0 -0 1
    outer loop
      vertex 23.9785 18.7048 -3
      vertex 31.6215 18.7048 -3
      vertex 23.7567 18.8097 -3
    endloop
  endfacet
  facet normal 0 0 1
    outer loop
      vertex 31.8433 18.8097 -3
      vertex 23.7567 18.8097 -3
      vertex 31.6215 18.7048 -3
    endloop
  endfacet
  facet normal 0 0 1
    outer loop
      vertex 54.9 33.3 -3
      vertex 23.045 18.988 -3
      vertex 23.2877 18.952 -3
    endloop
  endfacet
  facet normal -0 0 1
    outer loop
      vertex 0.599999 33.3 -3
      vertex 23.045 18.988 -3
      vertex 54.9 33.3 -3
    endloop
  endfacet
  facet normal 0 0 1
    outer loop
      vertex 23.045 18.988 -3
      vertex 0.599999 33.3 -3
      vertex 22.8 19 -3
    endloop
  endfacet
  facet normal 0 0 1
    outer loop
      vertex 22.8 19 -3
      vertex 0.599999 33.3 -3
      vertex 22.555 18.988 -3
    endloop
  endfacet
  facet normal 0 0 1
    outer loop
      vertex 22.555 18.988 -3
      vertex 0.599999 33.3 -3
      vertex 22.3123 18.952 -3
    endloop
  endfacet
  facet normal 0 0 1
    outer loop
      vertex 22.3123 18.952 -3
      vertex 0.599999 33.3 -3
      vertex 22.0743 18.8923 -3
    endloop
  endfacet
  facet normal 0 0 1
    outer loop
      vertex 20.348 16.9877 -3
      vertex -0.2 32.5 -3
      vertex 20.312 16.745 -3
    endloop
  endfacet
  facet normal 0 0 1
    outer loop
      vertex 20.4076 17.2257 -3
      vertex -0.2 32.5 -3
      vertex 20.348 16.9877 -3
    endloop
  endfacet
  facet normal 0 0 1
    outer loop
      vertex 20.4903 17.4567 -3
      vertex -0.2 32.5 -3
      vertex 20.4076 17.2257 -3
    endloop
  endfacet
  facet normal 0 0 1
    outer loop
      vertex 20.5952 17.6785 -3
      vertex -0.2 32.5 -3
      vertex 20.4903 17.4567 -3
    endloop
  endfacet
  facet normal -0 0 1
    outer loop
      vertex -0.2 32.5 -3
      vertex 20.5952 17.6785 -3
      vertex 0.599999 33.3 -3
    endloop
  endfacet
  facet normal 0 0 1
    outer loop
      vertex 20.7213 17.8889 -3
      vertex 0.599999 33.3 -3
      vertex 20.5952 17.6785 -3
    endloop
  endfacet
  facet normal 0 0 1
    outer loop
      vertex 20.8675 18.086 -3
      vertex 0.599999 33.3 -3
      vertex 20.7213 17.8889 -3
    endloop
  endfacet
  facet normal 0 0 1
    outer loop
      vertex 21.0322 18.2678 -3
      vertex 0.599999 33.3 -3
      vertex 20.8675 18.086 -3
    endloop
  endfacet
  facet normal 0 0 1
    outer loop
      vertex 21.214 18.4325 -3
      vertex 0.599999 33.3 -3
      vertex 21.0322 18.2678 -3
    endloop
  endfacet
  facet normal 0 0 1
    outer loop
      vertex 21.4111 18.5787 -3
      vertex 0.599999 33.3 -3
      vertex 21.214 18.4325 -3
    endloop
  endfacet
  facet normal 0 0 1
    outer loop
      vertex 21.6215 18.7048 -3
      vertex 0.599999 33.3 -3
      vertex 21.4111 18.5787 -3
    endloop
  endfacet
  facet normal 0 0 1
    outer loop
      vertex 21.8433 18.8097 -3
      vertex 0.599999 33.3 -3
      vertex 21.6215 18.7048 -3
    endloop
  endfacet
  facet normal 0 0 1
    outer loop
      vertex 22.0743 18.8923 -3
      vertex 0.599999 33.3 -3
      vertex 21.8433 18.8097 -3
    endloop
  endfacet
  facet normal 0 0 1
    outer loop
      vertex 55.3445 -0.165175 -3
      vertex 54.9 -0.299999 -3
      vertex 55.2771 -0.205537 -3
    endloop
  endfacet
  facet normal 0 0 1
    outer loop
      vertex 55.5184 -0.007514 -3
      vertex 54.9 -0.299999 -3
      vertex 55.4657 -0.0656853 -3
    endloop
  endfacet
  facet normal 0 0 1
    outer loop
      vertex 55.6055 0.122882 -3
      vertex 54.9 -0.299999 -3
      vertex 55.5652 0.0555429 -3
    endloop
  endfacet
  facet normal 0 0 1
    outer loop
      vertex 55.6846 0.343927 -3
      vertex 54.9 -0.299999 -3
      vertex 55.6656 0.267772 -3
    endloop
  endfacet
  facet normal 0 0 1
    outer loop
      vertex 55.7 0.5 -3
      vertex 54.9 -0.299999 -3
      vertex 55.6961 0.421586 -3
    endloop
  endfacet
  facet normal -0 0 1
    outer loop
      vertex 34.8787 15.1111 -3
      vertex 54.9 -0.299999 -3
      vertex 35.0048 15.3215 -3
    endloop
  endfacet
  facet normal -0 0 1
    outer loop
      vertex 34.7325 14.914 -3
      vertex 54.9 -0.299999 -3
      vertex 34.8787 15.1111 -3
    endloop
  endfacet
  facet normal -0 0 1
    outer loop
      vertex 34.5678 14.7322 -3
      vertex 54.9 -0.299999 -3
      vertex 34.7325 14.914 -3
    endloop
  endfacet
  facet normal -0 0 1
    outer loop
      vertex 34.386 14.5675 -3
      vertex 54.9 -0.299999 -3
      vertex 34.5678 14.7322 -3
    endloop
  endfacet
  facet normal -0 0 1
    outer loop
      vertex 34.1889 14.4213 -3
      vertex 54.9 -0.299999 -3
      vertex 34.386 14.5675 -3
    endloop
  endfacet
  facet normal -0 0 1
    outer loop
      vertex 33.9785 14.2952 -3
      vertex 54.9 -0.299999 -3
      vertex 34.1889 14.4213 -3
    endloop
  endfacet
  facet normal -0 0 1
    outer loop
      vertex 33.7567 14.1903 -3
      vertex 54.9 -0.299999 -3
      vertex 33.9785 14.2952 -3
    endloop
  endfacet
  facet normal -0 0 1
    outer loop
      vertex 33.5257 14.1076 -3
      vertex 54.9 -0.299999 -3
      vertex 33.7567 14.1903 -3
    endloop
  endfacet
  facet normal -0 0 1
    outer loop
      vertex 33.2877 14.048 -3
      vertex 54.9 -0.299999 -3
      vertex 33.5257 14.1076 -3
    endloop
  endfacet
  facet normal -0 0 1
    outer loop
      vertex 33.045 14.012 -3
      vertex 54.9 -0.299999 -3
      vertex 33.2877 14.048 -3
    endloop
  endfacet
  facet normal -0 0 1
    outer loop
      vertex 32.8 14 -3
      vertex 54.9 -0.299999 -3
      vertex 33.045 14.012 -3
    endloop
  endfacet
  facet normal 0 0 1
    outer loop
      vertex 32.555 14.012 -3
      vertex 54.9 -0.299999 -3
      vertex 32.8 14 -3
    endloop
  endfacet
  facet normal 0 0 1
    outer loop
      vertex 32.3123 14.048 -3
      vertex 54.9 -0.299999 -3
      vertex 32.555 14.012 -3
    endloop
  endfacet
  facet normal 0 0 1
    outer loop
      vertex 23.2877 14.048 -3
      vertex 32.3123 14.048 -3
      vertex 32.0743 14.1076 -3
    endloop
  endfacet
  facet normal 0 0 1
    outer loop
      vertex 23.5257 14.1076 -3
      vertex 32.0743 14.1076 -3
      vertex 31.8433 14.1903 -3
    endloop
  endfacet
  facet normal 0 0 1
    outer loop
      vertex 23.7567 14.1903 -3
      vertex 31.8433 14.1903 -3
      vertex 31.6215 14.2952 -3
    endloop
  endfacet
  facet normal 0 0 1
    outer loop
      vertex 23.9785 14.2952 -3
      vertex 31.6215 14.2952 -3
      vertex 31.4111 14.4213 -3
    endloop
  endfacet
  facet normal -0 0 1
    outer loop
      vertex 25.3 16.5 -3
      vertex 30.312 16.255 -3
      vertex 30.3 16.5 -3
    endloop
  endfacet
  facet normal 0 0 1
    outer loop
      vertex 25.288 16.255 -3
      vertex 30.312 16.255 -3
      vertex 25.3 16.5 -3
    endloop
  endfacet
  facet normal 0 0 1
    outer loop
      vertex 30.312 16.255 -3
      vertex 25.288 16.255 -3
      vertex 30.348 16.0123 -3
    endloop
  endfacet
  facet normal 0 0 1
    outer loop
      vertex 25.252 16.0123 -3
      vertex 30.348 16.0123 -3
      vertex 25.288 16.255 -3
    endloop
  endfacet
  facet normal 0 0 1
    outer loop
      vertex 30.348 16.0123 -3
      vertex 25.252 16.0123 -3
      vertex 30.4076 15.7743 -3
    endloop
  endfacet
  facet normal 0 0 1
    outer loop
      vertex 25.1924 15.7743 -3
      vertex 30.4076 15.7743 -3
      vertex 25.252 16.0123 -3
    endloop
  endfacet
  facet normal 0 0 1
    outer loop
      vertex 30.4076 15.7743 -3
      vertex 25.1924 15.7743 -3
      vertex 30.4903 15.5433 -3
    endloop
  endfacet
  facet normal 0 0 1
    outer loop
      vertex 25.1097 15.5433 -3
      vertex 30.4903 15.5433 -3
      vertex 25.1924 15.7743 -3
    endloop
  endfacet
  facet normal 0 0 1
    outer loop
      vertex 30.4903 15.5433 -3
      vertex 25.1097 15.5433 -3
      vertex 30.5952 15.3215 -3
    endloop
  endfacet
  facet normal 0 0 1
    outer loop
      vertex 25.0048 15.3215 -3
      vertex 30.5952 15.3215 -3
      vertex 25.1097 15.5433 -3
    endloop
  endfacet
  facet normal 0 0 1
    outer loop
      vertex 30.5952 15.3215 -3
      vertex 25.0048 15.3215 -3
      vertex 30.7213 15.1111 -3
    endloop
  endfacet
  facet normal 0 0 1
    outer loop
      vertex 24.8787 15.1111 -3
      vertex 30.7213 15.1111 -3
      vertex 25.0048 15.3215 -3
    endloop
  endfacet
  facet normal 0 0 1
    outer loop
      vertex 30.7213 15.1111 -3
      vertex 24.8787 15.1111 -3
      vertex 30.8675 14.914 -3
    endloop
  endfacet
  facet normal 0 0 1
    outer loop
      vertex 24.7325 14.914 -3
      vertex 30.8675 14.914 -3
      vertex 24.8787 15.1111 -3
    endloop
  endfacet
  facet normal 0 0 1
    outer loop
      vertex 30.8675 14.914 -3
      vertex 24.7325 14.914 -3
      vertex 31.0322 14.7322 -3
    endloop
  endfacet
  facet normal 0 0 1
    outer loop
      vertex 24.5678 14.7322 -3
      vertex 31.0322 14.7322 -3
      vertex 24.7325 14.914 -3
    endloop
  endfacet
  facet normal 0 0 1
    outer loop
      vertex 31.0322 14.7322 -3
      vertex 24.5678 14.7322 -3
      vertex 31.214 14.5675 -3
    endloop
  endfacet
  facet normal 0 0 1
    outer loop
      vertex 24.386 14.5675 -3
      vertex 31.214 14.5675 -3
      vertex 24.5678 14.7322 -3
    endloop
  endfacet
  facet normal 0 0 1
    outer loop
      vertex 31.214 14.5675 -3
      vertex 24.386 14.5675 -3
      vertex 31.4111 14.4213 -3
    endloop
  endfacet
  facet normal 0 0 1
    outer loop
      vertex 24.1889 14.4213 -3
      vertex 31.4111 14.4213 -3
      vertex 24.386 14.5675 -3
    endloop
  endfacet
  facet normal 0 0 1
    outer loop
      vertex 23.9785 14.2952 -3
      vertex 31.4111 14.4213 -3
      vertex 24.1889 14.4213 -3
    endloop
  endfacet
  facet normal 0 0 1
    outer loop
      vertex 31.6215 14.2952 -3
      vertex 23.9785 14.2952 -3
      vertex 23.7567 14.1903 -3
    endloop
  endfacet
  facet normal 0 0 1
    outer loop
      vertex 31.8433 14.1903 -3
      vertex 23.7567 14.1903 -3
      vertex 23.5257 14.1076 -3
    endloop
  endfacet
  facet normal 0 0 1
    outer loop
      vertex 32.0743 14.1076 -3
      vertex 23.5257 14.1076 -3
      vertex 23.2877 14.048 -3
    endloop
  endfacet
  facet normal 0 0 1
    outer loop
      vertex 32.3123 14.048 -3
      vertex 23.2877 14.048 -3
      vertex 54.9 -0.299999 -3
    endloop
  endfacet
  facet normal -0 0 1
    outer loop
      vertex 23.045 14.012 -3
      vertex 54.9 -0.299999 -3
      vertex 23.2877 14.048 -3
    endloop
  endfacet
  facet normal 0 0 1
    outer loop
      vertex 0.599999 -0.299999 -3
      vertex 23.045 14.012 -3
      vertex 22.8 14 -3
    endloop
  endfacet
  facet normal 0 0 1
    outer loop
      vertex 0.599999 -0.299999 -3
      vertex 22.8 14 -3
      vertex 22.555 14.012 -3
    endloop
  endfacet
  facet normal 0 0 1
    outer loop
      vertex 0.599999 -0.299999 -3
      vertex 22.555 14.012 -3
      vertex 22.3123 14.048 -3
    endloop
  endfacet
  facet normal 0 0 1
    outer loop
      vertex 0.599999 -0.299999 -3
      vertex 22.3123 14.048 -3
      vertex 22.0743 14.1076 -3
    endloop
  endfacet
  facet normal 0 0 1
    outer loop
      vertex 0.599999 -0.299999 -3
      vertex 22.0743 14.1076 -3
      vertex 21.8433 14.1903 -3
    endloop
  endfacet
  facet normal 0 0 1
    outer loop
      vertex 20.312 16.745 -3
      vertex -0.2 32.5 -3
      vertex 20.3 16.5 -3
    endloop
  endfacet
  facet normal 0 0 1
    outer loop
      vertex -0.2 0.5 -3
      vertex 20.3 16.5 -3
      vertex -0.2 32.5 -3
    endloop
  endfacet
  facet normal 0 0 1
    outer loop
      vertex 20.3 16.5 -3
      vertex -0.2 0.5 -3
      vertex 20.312 16.255 -3
    endloop
  endfacet
  facet normal 0 0 1
    outer loop
      vertex 20.312 16.255 -3
      vertex -0.2 0.5 -3
      vertex 20.348 16.0123 -3
    endloop
  endfacet
  facet normal 0 0 1
    outer loop
      vertex 20.348 16.0123 -3
      vertex -0.2 0.5 -3
      vertex 20.4076 15.7743 -3
    endloop
  endfacet
  facet normal 0 0 1
    outer loop
      vertex 20.4076 15.7743 -3
      vertex -0.2 0.5 -3
      vertex 20.4903 15.5433 -3
    endloop
  endfacet
  facet normal 0 0 1
    outer loop
      vertex 20.4903 15.5433 -3
      vertex -0.2 0.5 -3
      vertex 20.5952 15.3215 -3
    endloop
  endfacet
  facet normal 0 -0 1
    outer loop
      vertex 0.599999 -0.299999 -3
      vertex 20.5952 15.3215 -3
      vertex -0.2 0.5 -3
    endloop
  endfacet
  facet normal 0 0 1
    outer loop
      vertex 23.045 14.012 -3
      vertex 0.599999 -0.299999 -3
      vertex 54.9 -0.299999 -3
    endloop
  endfacet
  facet normal 0 0 1
    outer loop
      vertex 21.6215 14.2952 -3
      vertex 0.599999 -0.299999 -3
      vertex 21.8433 14.1903 -3
    endloop
  endfacet
  facet normal 0 0 1
    outer loop
      vertex 21.4111 14.4213 -3
      vertex 0.599999 -0.299999 -3
      vertex 21.6215 14.2952 -3
    endloop
  endfacet
  facet normal 0 0 1
    outer loop
      vertex 21.214 14.5675 -3
      vertex 0.599999 -0.299999 -3
      vertex 21.4111 14.4213 -3
    endloop
  endfacet
  facet normal 0 0 1
    outer loop
      vertex 21.0322 14.7322 -3
      vertex 0.599999 -0.299999 -3
      vertex 21.214 14.5675 -3
    endloop
  endfacet
  facet normal 0 0 1
    outer loop
      vertex 20.5952 15.3215 -3
      vertex 0.599999 -0.299999 -3
      vertex 20.7213 15.1111 -3
    endloop
  endfacet
  facet normal 0 0 1
    outer loop
      vertex -0.2 32.5 -3
      vertex 0.599999 33.3 -3
      vertex 0.521585 33.2961 -3
    endloop
  endfacet
  facet normal 0 0 1
    outer loop
      vertex 20.7213 15.1111 -3
      vertex 0.599999 -0.299999 -3
      vertex 20.8675 14.914 -3
    endloop
  endfacet
  facet normal 0 0 1
    outer loop
      vertex -0.2 32.5 -3
      vertex 0.521585 33.2961 -3
      vertex 0.443927 33.2846 -3
    endloop
  endfacet
  facet normal 0 0 1
    outer loop
      vertex 20.8675 14.914 -3
      vertex 0.599999 -0.299999 -3
      vertex 21.0322 14.7322 -3
    endloop
  endfacet
  facet normal 0 0 1
    outer loop
      vertex -0.2 32.5 -3
      vertex 0.443927 33.2846 -3
      vertex 0.367772 33.2656 -3
    endloop
  endfacet
  facet normal 0 0 1
    outer loop
      vertex 0.599999 -0.299999 -3
      vertex -0.2 0.5 -3
      vertex 0.521585 -0.296147 -3
    endloop
  endfacet
  facet normal 0 0 1
    outer loop
      vertex -0.2 32.5 -3
      vertex 0.367772 33.2656 -3
      vertex 0.293853 33.2391 -3
    endloop
  endfacet
  facet normal 0 0 1
    outer loop
      vertex 0.521585 -0.296147 -3
      vertex -0.2 0.5 -3
      vertex 0.443927 -0.284628 -3
    endloop
  endfacet
  facet normal 0 0 1
    outer loop
      vertex -0.2 32.5 -3
      vertex 0.293853 33.2391 -3
      vertex 0.222882 33.2055 -3
    endloop
  endfacet
  facet normal 0 0 1
    outer loop
      vertex 0.443927 -0.284628 -3
      vertex -0.2 0.5 -3
      vertex 0.367772 -0.265552 -3
    endloop
  endfacet
  facet normal 0 0 1
    outer loop
      vertex -0.2 32.5 -3
      vertex 0.222882 33.2055 -3
      vertex 0.155543 33.1652 -3
    endloop
  endfacet
  facet normal 0 0 1
    outer loop
      vertex 0.367772 -0.265552 -3
      vertex -0.2 0.5 -3
      vertex 0.293853 -0.239103 -3
    endloop
  endfacet
  facet normal 0 0 1
    outer loop
      vertex -0.2 32.5 -3
      vertex 0.155543 33.1652 -3
      vertex 0.0924845 33.1184 -3
    endloop
  endfacet
  facet normal 0 0 1
    outer loop
      vertex 0.293853 -0.239103 -3
      vertex -0.2 0.5 -3
      vertex 0.222882 -0.205537 -3
    endloop
  endfacet
  facet normal 0 0 1
    outer loop
      vertex -0.2 32.5 -3
      vertex 0.0924845 33.1184 -3
      vertex 0.0343142 33.0657 -3
    endloop
  endfacet
  facet normal 0 0 1
    outer loop
      vertex 0.222882 -0.205537 -3
      vertex -0.2 0.5 -3
      vertex 0.155543 -0.165175 -3
    endloop
  endfacet
  facet normal 0 0 1
    outer loop
      vertex -0.2 32.5 -3
      vertex 0.0343142 33.0657 -3
      vertex -0.0184078 33.0075 -3
    endloop
  endfacet
  facet normal 0 0 1
    outer loop
      vertex 0.155543 -0.165175 -3
      vertex -0.2 0.5 -3
      vertex 0.0924845 -0.118408 -3
    endloop
  endfacet
  facet normal 0 0 1
    outer loop
      vertex -0.2 32.5 -3
      vertex -0.0184078 33.0075 -3
      vertex -0.0651751 32.9445 -3
    endloop
  endfacet
  facet normal 0 0 1
    outer loop
      vertex 0.0924845 -0.118408 -3
      vertex -0.2 0.5 -3
      vertex 0.0343142 -0.0656853 -3
    endloop
  endfacet
  facet normal 0 0 1
    outer loop
      vertex -0.2 32.5 -3
      vertex -0.0651751 32.9445 -3
      vertex -0.105536 32.8771 -3
    endloop
  endfacet
  facet normal 0 0 1
    outer loop
      vertex 0.0343142 -0.0656853 -3
      vertex -0.2 0.5 -3
      vertex -0.0184078 -0.007514 -3
    endloop
  endfacet
  facet normal 0 0 1
    outer loop
      vertex -0.2 32.5 -3
      vertex -0.105536 32.8771 -3
      vertex -0.139103 32.8061 -3
    endloop
  endfacet
  facet normal 0 0 1
    outer loop
      vertex -0.0184078 -0.007514 -3
      vertex -0.2 0.5 -3
      vertex -0.0651751 0.0555429 -3
    endloop
  endfacet
  facet normal 0 0 1
    outer loop
      vertex -0.2 32.5 -3
      vertex -0.139103 32.8061 -3
      vertex -0.165552 32.7322 -3
    endloop
  endfacet
  facet normal 0 0 1
    outer loop
      vertex -0.0651751 0.0555429 -3
      vertex -0.2 0.5 -3
      vertex -0.105536 0.122882 -3
    endloop
  endfacet
  facet normal 0 0 1
    outer loop
      vertex -0.2 32.5 -3
      vertex -0.165552 32.7322 -3
      vertex -0.184628 32.6561 -3
    endloop
  endfacet
  facet normal 0 0 1
    outer loop
      vertex -0.105536 0.122882 -3
      vertex -0.2 0.5 -3
      vertex -0.139103 0.193852 -3
    endloop
  endfacet
  facet normal 0 0 1
    outer loop
      vertex -0.2 32.5 -3
      vertex -0.184628 32.6561 -3
      vertex -0.196147 32.5784 -3
    endloop
  endfacet
  facet normal 0 0 1
    outer loop
      vertex -0.139103 0.193852 -3
      vertex -0.2 0.5 -3
      vertex -0.165552 0.267772 -3
    endloop
  endfacet
  facet normal 0 0 1
    outer loop
      vertex -0.165552 0.267772 -3
      vertex -0.2 0.5 -3
      vertex -0.184628 0.343927 -3
    endloop
  endfacet
  facet normal 0 0 1
    outer loop
      vertex -0.184628 0.343927 -3
      vertex -0.2 0.5 -3
      vertex -0.196147 0.421586 -3
    endloop
  endfacet
  facet normal -0.998765 0.0496746 0
    outer loop
      vertex 55.6961 0.421586 -3
      vertex 55.7 0.5 1.5
      vertex 55.7 0.5 -3
    endloop
  endfacet
  facet normal -0.998765 0.0496746 0
    outer loop
      vertex 55.7 0.5 1.5
      vertex 55.6961 0.421586 -3
      vertex 55.6961 0.421586 1.5
    endloop
  endfacet
  facet normal -0.989213 0.146486 0
    outer loop
      vertex 55.6846 0.343927 -3
      vertex 55.6961 0.421586 1.5
      vertex 55.6961 0.421586 -3
    endloop
  endfacet
  facet normal -0.989213 0.146486 0
    outer loop
      vertex 55.6961 0.421586 1.5
      vertex 55.6846 0.343927 -3
      vertex 55.6846 0.343927 1.5
    endloop
  endfacet
  facet normal -0.337546 -0.941309 0
    outer loop
      vertex 55.1322 33.2656 -3
      vertex 55.2061 33.2391 9.09
      vertex 55.1322 33.2656 9.09
    endloop
  endfacet
  facet normal -0.337546 -0.941309 -0
    outer loop
      vertex 55.2061 33.2391 9.09
      vertex 55.1322 33.2656 -3
      vertex 55.2061 33.2391 -3
    endloop
  endfacet
  facet normal 0.337546 0.941309 -0
    outer loop
      vertex 55.2061 33.2391 9.1
      vertex 55.1322 33.2656 10.5
      vertex 55.2061 33.2391 10.5
    endloop
  endfacet
  facet normal 0.337546 0.941309 0
    outer loop
      vertex 55.1322 33.2656 10.5
      vertex 55.2061 33.2391 9.1
      vertex 55.1322 33.2656 9.1
    endloop
  endfacet
  facet normal -0.242236 -0.970217 0
    outer loop
      vertex 55.0561 33.2846 -3
      vertex 55.1322 33.2656 9.09
      vertex 55.0561 33.2846 9.09
    endloop
  endfacet
  facet normal -0.242236 -0.970217 -0
    outer loop
      vertex 55.1322 33.2656 9.09
      vertex 55.0561 33.2846 -3
      vertex 55.1322 33.2656 -3
    endloop
  endfacet
  facet normal 0.242236 0.970217 -0
    outer loop
      vertex 55.1322 33.2656 9.1
      vertex 55.0561 33.2846 10.5
      vertex 55.1322 33.2656 10.5
    endloop
  endfacet
  facet normal 0.242236 0.970217 0
    outer loop
      vertex 55.0561 33.2846 10.5
      vertex 55.1322 33.2656 9.1
      vertex 55.0561 33.2846 9.1
    endloop
  endfacet
  facet normal -0.146647 0.989189 0
    outer loop
      vertex 55.0561 -0.284628 -3
      vertex 54.9784 -0.296147 9.09
      vertex 55.0561 -0.284628 9.09
    endloop
  endfacet
  facet normal -0.146647 0.989189 0
    outer loop
      vertex 54.9784 -0.296147 9.09
      vertex 55.0561 -0.284628 -3
      vertex 54.9784 -0.296147 -3
    endloop
  endfacet
  facet normal 0.146647 -0.989189 0
    outer loop
      vertex 54.9784 -0.296147 9.1
      vertex 55.0561 -0.284628 10.5
      vertex 54.9784 -0.296147 10.5
    endloop
  endfacet
  facet normal 0.146647 -0.989189 0
    outer loop
      vertex 55.0561 -0.284628 10.5
      vertex 54.9784 -0.296147 9.1
      vertex 55.0561 -0.284628 9.1
    endloop
  endfacet
  facet normal 0.903986 0.427562 0
    outer loop
      vertex -0.105536 0.122882 9.09
      vertex -0.139103 0.193852 -3
      vertex -0.139103 0.193852 9.09
    endloop
  endfacet
  facet normal 0.903986 0.427562 0
    outer loop
      vertex -0.139103 0.193852 -3
      vertex -0.105536 0.122882 9.09
      vertex -0.105536 0.122882 -3
    endloop
  endfacet
  facet normal -0.903986 -0.427562 0
    outer loop
      vertex -0.105536 0.122882 9.1
      vertex -0.139103 0.193852 10.5
      vertex -0.139103 0.193852 9.1
    endloop
  endfacet
  facet normal -0.903986 -0.427562 0
    outer loop
      vertex -0.139103 0.193852 10.5
      vertex -0.105536 0.122882 9.1
      vertex -0.105536 0.122882 10.5
    endloop
  endfacet
  facet normal -0.671372 0.74112 0
    outer loop
      vertex 55.4657 -0.0656853 -3
      vertex 55.4075 -0.118408 9.09
      vertex 55.4657 -0.0656853 9.09
    endloop
  endfacet
  facet normal -0.671372 0.74112 0
    outer loop
      vertex 55.4075 -0.118408 9.09
      vertex 55.4657 -0.0656853 -3
      vertex 55.4075 -0.118408 -3
    endloop
  endfacet
  facet normal 0.671372 -0.74112 0
    outer loop
      vertex 55.4075 -0.118408 9.1
      vertex 55.4657 -0.0656853 10.5
      vertex 55.4075 -0.118408 10.5
    endloop
  endfacet
  facet normal 0.671372 -0.74112 0
    outer loop
      vertex 55.4657 -0.0656853 10.5
      vertex 55.4075 -0.118408 9.1
      vertex 55.4657 -0.0656853 9.1
    endloop
  endfacet
  facet normal -0.427404 0.904061 0
    outer loop
      vertex 55.2771 -0.205537 -3
      vertex 55.2061 -0.239103 9.09
      vertex 55.2771 -0.205537 9.09
    endloop
  endfacet
  facet normal -0.427404 0.904061 0
    outer loop
      vertex 55.2061 -0.239103 9.09
      vertex 55.2771 -0.205537 -3
      vertex 55.2061 -0.239103 -3
    endloop
  endfacet
  facet normal 0.427404 -0.904061 0
    outer loop
      vertex 55.2061 -0.239103 9.1
      vertex 55.2771 -0.205537 10.5
      vertex 55.2061 -0.239103 10.5
    endloop
  endfacet
  facet normal 0.427404 -0.904061 0
    outer loop
      vertex 55.2771 -0.205537 10.5
      vertex 55.2061 -0.239103 9.1
      vertex 55.2771 -0.205537 9.1
    endloop
  endfacet
  facet normal 0.969989 -0.243147 0
    outer loop
      vertex -0.184628 32.6561 9.09
      vertex -0.165552 32.7322 -3
      vertex -0.165552 32.7322 9.09
    endloop
  endfacet
  facet normal 0.969989 -0.243147 0
    outer loop
      vertex -0.165552 32.7322 -3
      vertex -0.184628 32.6561 9.09
      vertex -0.184628 32.6561 -3
    endloop
  endfacet
  facet normal -0.969989 0.243147 0
    outer loop
      vertex -0.184628 32.6561 9.1
      vertex -0.165552 32.7322 10.5
      vertex -0.165552 32.7322 9.1
    endloop
  endfacet
  facet normal -0.969989 0.243147 0
    outer loop
      vertex -0.165552 32.7322 10.5
      vertex -0.184628 32.6561 9.1
      vertex -0.184628 32.6561 10.5
    endloop
  endfacet
  facet normal -0.989224 -0.14641 0
    outer loop
      vertex 55.6961 32.5784 -3
      vertex 55.6846 32.6561 1.5
      vertex 55.6846 32.6561 -3
    endloop
  endfacet
  facet normal -0.989224 -0.14641 0
    outer loop
      vertex 55.6846 32.6561 1.5
      vertex 55.6961 32.5784 -3
      vertex 55.6961 32.5784 1.5
    endloop
  endfacet
  facet normal 0.998795 0.0490774 0
    outer loop
      vertex -0.196147 0.421586 9.09
      vertex -0.2 0.5 -3
      vertex -0.2 0.5 9.09
    endloop
  endfacet
  facet normal 0.998795 0.0490774 0
    outer loop
      vertex -0.2 0.5 -3
      vertex -0.196147 0.421586 9.09
      vertex -0.196147 0.421586 -3
    endloop
  endfacet
  facet normal -0.998795 -0.0490774 0
    outer loop
      vertex -0.196147 0.421586 9.1
      vertex -0.2 0.5 10.5
      vertex -0.2 0.5 9.1
    endloop
  endfacet
  facet normal -0.998795 -0.0490774 0
    outer loop
      vertex -0.2 0.5 10.5
      vertex -0.196147 0.421586 9.1
      vertex -0.196147 0.421586 10.5
    endloop
  endfacet
  facet normal 0.989178 0.146723 0
    outer loop
      vertex -0.184628 0.343927 9.09
      vertex -0.196147 0.421586 -3
      vertex -0.196147 0.421586 9.09
    endloop
  endfacet
  facet normal 0.989178 0.146723 0
    outer loop
      vertex -0.196147 0.421586 -3
      vertex -0.184628 0.343927 9.09
      vertex -0.184628 0.343927 -3
    endloop
  endfacet
  facet normal -0.989178 -0.146723 0
    outer loop
      vertex -0.184628 0.343927 9.1
      vertex -0.196147 0.421586 10.5
      vertex -0.196147 0.421586 9.1
    endloop
  endfacet
  facet normal -0.989178 -0.146723 0
    outer loop
      vertex -0.196147 0.421586 10.5
      vertex -0.184628 0.343927 9.1
      vertex -0.184628 0.343927 10.5
    endloop
  endfacet
  facet normal -0.803001 0.595977 0
    outer loop
      vertex 55.5184 -0.007514 -3
      vertex 55.5652 0.0555429 9.09
      vertex 55.5652 0.0555429 -3
    endloop
  endfacet
  facet normal -0.803001 0.595977 0
    outer loop
      vertex 55.5652 0.0555429 9.09
      vertex 55.5184 -0.007514 -3
      vertex 55.5184 -0.007514 9.09
    endloop
  endfacet
  facet normal 0.803001 -0.595977 0
    outer loop
      vertex 55.5184 -0.007514 10.5
      vertex 55.5652 0.0555429 9.1
      vertex 55.5652 0.0555429 10.5
    endloop
  endfacet
  facet normal 0.803001 -0.595977 0
    outer loop
      vertex 55.5652 0.0555429 9.1
      vertex 55.5184 -0.007514 10.5
      vertex 55.5184 -0.007514 9.1
    endloop
  endfacet
  facet normal 0.941515 -0.336971 0
    outer loop
      vertex -0.165552 32.7322 9.09
      vertex -0.139103 32.8061 -3
      vertex -0.139103 32.8061 9.09
    endloop
  endfacet
  facet normal 0.941515 -0.336971 0
    outer loop
      vertex -0.139103 32.8061 -3
      vertex -0.165552 32.7322 9.09
      vertex -0.165552 32.7322 -3
    endloop
  endfacet
  facet normal -0.941515 0.336971 0
    outer loop
      vertex -0.165552 32.7322 9.1
      vertex -0.139103 32.8061 10.5
      vertex -0.139103 32.8061 9.1
    endloop
  endfacet
  facet normal -0.941515 0.336971 0
    outer loop
      vertex -0.139103 32.8061 10.5
      vertex -0.165552 32.7322 9.1
      vertex -0.165552 32.7322 10.5
    endloop
  endfacet
  facet normal -0.14641 -0.989224 0
    outer loop
      vertex 54.9784 33.2961 -3
      vertex 55.0561 33.2846 9.09
      vertex 54.9784 33.2961 9.09
    endloop
  endfacet
  facet normal -0.14641 -0.989224 -0
    outer loop
      vertex 55.0561 33.2846 9.09
      vertex 54.9784 33.2961 -3
      vertex 55.0561 33.2846 -3
    endloop
  endfacet
  facet normal 0.14641 0.989224 -0
    outer loop
      vertex 55.0561 33.2846 9.1
      vertex 54.9784 33.2961 10.5
      vertex 55.0561 33.2846 10.5
    endloop
  endfacet
  facet normal 0.14641 0.989224 0
    outer loop
      vertex 54.9784 33.2961 10.5
      vertex 55.0561 33.2846 9.1
      vertex 54.9784 33.2961 9.1
    endloop
  endfacet
  facet normal -0.0496835 -0.998765 0
    outer loop
      vertex 54.9 33.3 -3
      vertex 54.9784 33.2961 9.09
      vertex 54.9 33.3 9.09
    endloop
  endfacet
  facet normal -0.0496835 -0.998765 -0
    outer loop
      vertex 54.9784 33.2961 9.09
      vertex 54.9 33.3 -3
      vertex 54.9784 33.2961 -3
    endloop
  endfacet
  facet normal 0.0496835 0.998765 -0
    outer loop
      vertex 54.9784 33.2961 9.1
      vertex 54.9 33.3 10.5
      vertex 54.9784 33.2961 10.5
    endloop
  endfacet
  facet normal 0.0496835 0.998765 0
    outer loop
      vertex 54.9 33.3 10.5
      vertex 54.9784 33.2961 9.1
      vertex 54.9 33.3 9.1
    endloop
  endfacet
  facet normal -0.9414 -0.337293 0
    outer loop
      vertex 55.6391 32.8061 -3
      vertex 55.6592 32.75 1.5
      vertex 55.6391 32.8061 9.09
    endloop
  endfacet
  facet normal -0.941309 -0.337546 -3.56653e-06
    outer loop
      vertex 55.6656 32.7322 -3
      vertex 55.6592 32.75 1.5
      vertex 55.6391 32.8061 -3
    endloop
  endfacet
  facet normal -0.941022 -0.338345 0
    outer loop
      vertex 55.6592 32.75 1.5
      vertex 55.6656 32.7322 -3
      vertex 55.6656 32.7322 1.5
    endloop
  endfacet
  facet normal -0.9414 -0.337293 0
    outer loop
      vertex 55.6391 32.8061 9.09
      vertex 55.6592 32.75 1.5
      vertex 55.6592 32.75 9.09
    endloop
  endfacet
  facet normal 0.9414 0.337293 0
    outer loop
      vertex 55.6592 32.75 10.5
      vertex 55.6391 32.8061 9.1
      vertex 55.6391 32.8061 10.5
    endloop
  endfacet
  facet normal 0.9414 0.337293 0
    outer loop
      vertex 55.6391 32.8061 9.1
      vertex 55.6592 32.75 10.5
      vertex 55.6592 32.75 9.1
    endloop
  endfacet
  facet normal -0.903893 -0.427758 0
    outer loop
      vertex 55.6391 32.8061 -3
      vertex 55.6055 32.8771 9.09
      vertex 55.6055 32.8771 -3
    endloop
  endfacet
  facet normal -0.903893 -0.427758 0
    outer loop
      vertex 55.6055 32.8771 9.09
      vertex 55.6391 32.8061 -3
      vertex 55.6391 32.8061 9.09
    endloop
  endfacet
  facet normal 0.903893 0.427758 0
    outer loop
      vertex 55.6391 32.8061 10.5
      vertex 55.6055 32.8771 9.1
      vertex 55.6055 32.8771 10.5
    endloop
  endfacet
  facet normal 0.903893 0.427758 0
    outer loop
      vertex 55.6055 32.8771 9.1
      vertex 55.6391 32.8061 10.5
      vertex 55.6391 32.8061 9.1
    endloop
  endfacet
  facet normal 0.74096 0.671549 0
    outer loop
      vertex 0.0343142 -0.0656853 9.09
      vertex -0.0184078 -0.007514 -3
      vertex -0.0184078 -0.007514 9.09
    endloop
  endfacet
  facet normal 0.74096 0.671549 0
    outer loop
      vertex -0.0184078 -0.007514 -3
      vertex 0.0343142 -0.0656853 9.09
      vertex 0.0343142 -0.0656853 -3
    endloop
  endfacet
  facet normal -0.74096 -0.671549 0
    outer loop
      vertex 0.0343142 -0.0656853 9.1
      vertex -0.0184078 -0.007514 10.5
      vertex -0.0184078 -0.007514 9.1
    endloop
  endfacet
  facet normal -0.74096 -0.671549 0
    outer loop
      vertex -0.0184078 -0.007514 10.5
      vertex 0.0343142 -0.0656853 9.1
      vertex 0.0343142 -0.0656853 10.5
    endloop
  endfacet
  facet normal -0.858074 0.513526 0
    outer loop
      vertex 55.5652 0.0555429 -3
      vertex 55.6055 0.122882 9.09
      vertex 55.6055 0.122882 -3
    endloop
  endfacet
  facet normal -0.858074 0.513526 0
    outer loop
      vertex 55.6055 0.122882 9.09
      vertex 55.5652 0.0555429 -3
      vertex 55.5652 0.0555429 9.09
    endloop
  endfacet
  facet normal 0.858074 -0.513526 0
    outer loop
      vertex 55.5652 0.0555429 10.5
      vertex 55.6055 0.122882 9.1
      vertex 55.6055 0.122882 10.5
    endloop
  endfacet
  facet normal 0.858074 -0.513526 0
    outer loop
      vertex 55.6055 0.122882 9.1
      vertex 55.5652 0.0555429 10.5
      vertex 55.5652 0.0555429 9.1
    endloop
  endfacet
  facet normal 0.803201 0.595708 0
    outer loop
      vertex -0.0184078 -0.007514 9.09
      vertex -0.0651751 0.0555429 -3
      vertex -0.0651751 0.0555429 9.09
    endloop
  endfacet
  facet normal 0.803201 0.595708 0
    outer loop
      vertex -0.0651751 0.0555429 -3
      vertex -0.0184078 -0.007514 9.09
      vertex -0.0184078 -0.007514 -3
    endloop
  endfacet
  facet normal -0.803201 -0.595708 0
    outer loop
      vertex -0.0184078 -0.007514 9.1
      vertex -0.0651751 0.0555429 10.5
      vertex -0.0651751 0.0555429 9.1
    endloop
  endfacet
  facet normal -0.803201 -0.595708 0
    outer loop
      vertex -0.0651751 0.0555429 10.5
      vertex -0.0184078 -0.007514 9.1
      vertex -0.0184078 -0.007514 10.5
    endloop
  endfacet
  facet normal 0 0 1
    outer loop
      vertex 40.3 0.7 10.5
      vertex 1.3 0.7 10.5
      vertex 40.3 0.25 10.5
    endloop
  endfacet
  facet normal 0 0 1
    outer loop
      vertex 55.6592 0.25 10.5
      vertex 55.6055 0.122882 10.5
      vertex 55.6391 0.193852 10.5
    endloop
  endfacet
  facet normal 0 0 1
    outer loop
      vertex 55.6592 0.25 10.5
      vertex 55.5652 0.0555429 10.5
      vertex 55.6055 0.122882 10.5
    endloop
  endfacet
  facet normal 0 0 1
    outer loop
      vertex 55.6592 0.25 10.5
      vertex 55.5184 -0.007514 10.5
      vertex 55.5652 0.0555429 10.5
    endloop
  endfacet
  facet normal 0 0 1
    outer loop
      vertex 55.6592 0.25 10.5
      vertex 55.4657 -0.0656853 10.5
      vertex 55.5184 -0.007514 10.5
    endloop
  endfacet
  facet normal 0 0 1
    outer loop
      vertex 55.6592 0.25 10.5
      vertex 55.4075 -0.118408 10.5
      vertex 55.4657 -0.0656853 10.5
    endloop
  endfacet
  facet normal 0 0 1
    outer loop
      vertex 55.6592 0.25 10.5
      vertex 55.3445 -0.165175 10.5
      vertex 55.4075 -0.118408 10.5
    endloop
  endfacet
  facet normal 0 0 1
    outer loop
      vertex 55.6592 0.25 10.5
      vertex 55.2771 -0.205537 10.5
      vertex 55.3445 -0.165175 10.5
    endloop
  endfacet
  facet normal 0 0 1
    outer loop
      vertex 55.6592 0.25 10.5
      vertex 55.2061 -0.239103 10.5
      vertex 55.2771 -0.205537 10.5
    endloop
  endfacet
  facet normal 0 0 1
    outer loop
      vertex 55.6592 0.25 10.5
      vertex 55.1322 -0.265552 10.5
      vertex 55.2061 -0.239103 10.5
    endloop
  endfacet
  facet normal 0 0 1
    outer loop
      vertex 55.6592 0.25 10.5
      vertex 55.0561 -0.284628 10.5
      vertex 55.1322 -0.265552 10.5
    endloop
  endfacet
  facet normal 0 0 1
    outer loop
      vertex 55.6592 0.25 10.5
      vertex 54.9784 -0.296147 10.5
      vertex 55.0561 -0.284628 10.5
    endloop
  endfacet
  facet normal 0 0 1
    outer loop
      vertex 55.6592 0.25 10.5
      vertex 54.9 -0.299999 10.5
      vertex 54.9784 -0.296147 10.5
    endloop
  endfacet
  facet normal -0 0 1
    outer loop
      vertex 40.3 0.25 10.5
      vertex 54.9 -0.299999 10.5
      vertex 55.6592 0.25 10.5
    endloop
  endfacet
  facet normal 0 0 1
    outer loop
      vertex 0.599999 -0.299999 10.5
      vertex 40.3 0.25 10.5
      vertex 1.3 0.7 10.5
    endloop
  endfacet
  facet normal 0 0 1
    outer loop
      vertex 40.3 0.25 10.5
      vertex 0.599999 -0.299999 10.5
      vertex 54.9 -0.299999 10.5
    endloop
  endfacet
  facet normal 0 0 1
    outer loop
      vertex 1.25099 0.702407 10.5
      vertex 0.599999 -0.299999 10.5
      vertex 1.3 0.7 10.5
    endloop
  endfacet
  facet normal 0 0 1
    outer loop
      vertex 1.20245 0.709607 10.5
      vertex 0.599999 -0.299999 10.5
      vertex 1.25099 0.702407 10.5
    endloop
  endfacet
  facet normal 0 0 1
    outer loop
      vertex 1.15486 0.721529 10.5
      vertex 0.599999 -0.299999 10.5
      vertex 1.20245 0.709607 10.5
    endloop
  endfacet
  facet normal 0 0 1
    outer loop
      vertex 1.10866 0.73806 10.5
      vertex 0.599999 -0.299999 10.5
      vertex 1.15486 0.721529 10.5
    endloop
  endfacet
  facet normal 0 0 1
    outer loop
      vertex 1.0643 0.759039 10.5
      vertex 0.599999 -0.299999 10.5
      vertex 1.10866 0.73806 10.5
    endloop
  endfacet
  facet normal 0 0 1
    outer loop
      vertex 1.02221 0.784265 10.5
      vertex 0.599999 -0.299999 10.5
      vertex 1.0643 0.759039 10.5
    endloop
  endfacet
  facet normal 0 0 1
    outer loop
      vertex 0.982803 0.813495 10.5
      vertex 0.599999 -0.299999 10.5
      vertex 1.02221 0.784265 10.5
    endloop
  endfacet
  facet normal 0 0 1
    outer loop
      vertex 0.293853 -0.239103 10.5
      vertex 0.982803 0.813495 10.5
      vertex 0.946446 0.846446 10.5
    endloop
  endfacet
  facet normal 0 0 1
    outer loop
      vertex -0.105536 0.122882 10.5
      vertex 0.946446 0.846446 10.5
      vertex 0.913494 0.882803 10.5
    endloop
  endfacet
  facet normal 0 0 1
    outer loop
      vertex -0.2 0.5 10.5
      vertex 0.913494 0.882803 10.5
      vertex 0.884265 0.922215 10.5
    endloop
  endfacet
  facet normal 0 0 1
    outer loop
      vertex -0.2 0.5 10.5
      vertex 0.884265 0.922215 10.5
      vertex 0.859039 0.964301 10.5
    endloop
  endfacet
  facet normal 0 0 1
    outer loop
      vertex -0.2 0.5 10.5
      vertex 0.859039 0.964301 10.5
      vertex 0.838059 1.00866 10.5
    endloop
  endfacet
  facet normal 0 0 1
    outer loop
      vertex -0.2 0.5 10.5
      vertex 0.838059 1.00866 10.5
      vertex 0.821529 1.05486 10.5
    endloop
  endfacet
  facet normal 0 0 1
    outer loop
      vertex -0.2 0.5 10.5
      vertex 0.821529 1.05486 10.5
      vertex 0.809607 1.10245 10.5
    endloop
  endfacet
  facet normal 0 0 1
    outer loop
      vertex -0.2 0.5 10.5
      vertex 0.809607 1.10245 10.5
      vertex 0.802407 1.15099 10.5
    endloop
  endfacet
  facet normal 0 0 1
    outer loop
      vertex -0.2 0.5 10.5
      vertex 0.802407 1.15099 10.5
      vertex 0.799999 1.2 10.5
    endloop
  endfacet
  facet normal -0 0 1
    outer loop
      vertex -0.2 8.75 10.5
      vertex 0.799999 1.2 10.5
      vertex 0.799999 8.75 10.5
    endloop
  endfacet
  facet normal 0 0 1
    outer loop
      vertex 0.913494 0.882803 10.5
      vertex -0.2 0.5 10.5
      vertex -0.196147 0.421586 10.5
    endloop
  endfacet
  facet normal 0 0 1
    outer loop
      vertex 0.982803 0.813495 10.5
      vertex 0.521585 -0.296147 10.5
      vertex 0.599999 -0.299999 10.5
    endloop
  endfacet
  facet normal 0 0 1
    outer loop
      vertex 0.982803 0.813495 10.5
      vertex 0.443927 -0.284628 10.5
      vertex 0.521585 -0.296147 10.5
    endloop
  endfacet
  facet normal 0 0 1
    outer loop
      vertex 0.982803 0.813495 10.5
      vertex 0.367772 -0.265552 10.5
      vertex 0.443927 -0.284628 10.5
    endloop
  endfacet
  facet normal 0 0 1
    outer loop
      vertex 0.982803 0.813495 10.5
      vertex 0.293853 -0.239103 10.5
      vertex 0.367772 -0.265552 10.5
    endloop
  endfacet
  facet normal 0 0 1
    outer loop
      vertex 0.946446 0.846446 10.5
      vertex 0.222882 -0.205537 10.5
      vertex 0.293853 -0.239103 10.5
    endloop
  endfacet
  facet normal 0 0 1
    outer loop
      vertex 0.946446 0.846446 10.5
      vertex 0.155543 -0.165175 10.5
      vertex 0.222882 -0.205537 10.5
    endloop
  endfacet
  facet normal 0 0 1
    outer loop
      vertex 0.946446 0.846446 10.5
      vertex 0.0924845 -0.118408 10.5
      vertex 0.155543 -0.165175 10.5
    endloop
  endfacet
  facet normal 0 0 1
    outer loop
      vertex 0.946446 0.846446 10.5
      vertex 0.0343142 -0.0656853 10.5
      vertex 0.0924845 -0.118408 10.5
    endloop
  endfacet
  facet normal 0 0 1
    outer loop
      vertex 0.946446 0.846446 10.5
      vertex -0.0184078 -0.007514 10.5
      vertex 0.0343142 -0.0656853 10.5
    endloop
  endfacet
  facet normal 0 0 1
    outer loop
      vertex 0.946446 0.846446 10.5
      vertex -0.0651751 0.0555429 10.5
      vertex -0.0184078 -0.007514 10.5
    endloop
  endfacet
  facet normal 0 0 1
    outer loop
      vertex 0.946446 0.846446 10.5
      vertex -0.105536 0.122882 10.5
      vertex -0.0651751 0.0555429 10.5
    endloop
  endfacet
  facet normal 0 0 1
    outer loop
      vertex 0.913494 0.882803 10.5
      vertex -0.139103 0.193852 10.5
      vertex -0.105536 0.122882 10.5
    endloop
  endfacet
  facet normal 0 0 1
    outer loop
      vertex 0.913494 0.882803 10.5
      vertex -0.165552 0.267772 10.5
      vertex -0.139103 0.193852 10.5
    endloop
  endfacet
  facet normal 0 0 1
    outer loop
      vertex 0.913494 0.882803 10.5
      vertex -0.184628 0.343927 10.5
      vertex -0.165552 0.267772 10.5
    endloop
  endfacet
  facet normal 0 0 1
    outer loop
      vertex 0.799999 1.2 10.5
      vertex -0.2 8.75 10.5
      vertex -0.2 0.5 10.5
    endloop
  endfacet
  facet normal 0 0 1
    outer loop
      vertex 0.913494 0.882803 10.5
      vertex -0.196147 0.421586 10.5
      vertex -0.184628 0.343927 10.5
    endloop
  endfacet
  facet normal 0 0 1
    outer loop
      vertex 55.6055 32.8771 10.5
      vertex 55.6592 32.75 10.5
      vertex 55.6391 32.8061 10.5
    endloop
  endfacet
  facet normal 0 0 1
    outer loop
      vertex 55.5652 32.9445 10.5
      vertex 55.6592 32.75 10.5
      vertex 55.6055 32.8771 10.5
    endloop
  endfacet
  facet normal 0 0 1
    outer loop
      vertex 55.5184 33.0075 10.5
      vertex 55.6592 32.75 10.5
      vertex 55.5652 32.9445 10.5
    endloop
  endfacet
  facet normal 0 0 1
    outer loop
      vertex 55.4657 33.0657 10.5
      vertex 55.6592 32.75 10.5
      vertex 55.5184 33.0075 10.5
    endloop
  endfacet
  facet normal 0 0 1
    outer loop
      vertex 55.4075 33.1184 10.5
      vertex 55.6592 32.75 10.5
      vertex 55.4657 33.0657 10.5
    endloop
  endfacet
  facet normal 0 0 1
    outer loop
      vertex 55.3445 33.1652 10.5
      vertex 55.6592 32.75 10.5
      vertex 55.4075 33.1184 10.5
    endloop
  endfacet
  facet normal 0 0 1
    outer loop
      vertex 55.2771 33.2055 10.5
      vertex 55.6592 32.75 10.5
      vertex 55.3445 33.1652 10.5
    endloop
  endfacet
  facet normal 0 0 1
    outer loop
      vertex 55.2061 33.2391 10.5
      vertex 55.6592 32.75 10.5
      vertex 55.2771 33.2055 10.5
    endloop
  endfacet
  facet normal 0 0 1
    outer loop
      vertex 55.1322 33.2656 10.5
      vertex 55.6592 32.75 10.5
      vertex 55.2061 33.2391 10.5
    endloop
  endfacet
  facet normal 0 0 1
    outer loop
      vertex 55.0561 33.2846 10.5
      vertex 55.6592 32.75 10.5
      vertex 55.1322 33.2656 10.5
    endloop
  endfacet
  facet normal 0 0 1
    outer loop
      vertex 54.9784 33.2961 10.5
      vertex 55.6592 32.75 10.5
      vertex 55.0561 33.2846 10.5
    endloop
  endfacet
  facet normal 0 0 1
    outer loop
      vertex 54.9 33.3 10.5
      vertex 55.6592 32.75 10.5
      vertex 54.9784 33.2961 10.5
    endloop
  endfacet
  facet normal 0 0 1
    outer loop
      vertex 54.9 33.3 10.5
      vertex 40.3 32.75 10.5
      vertex 55.6592 32.75 10.5
    endloop
  endfacet
  facet normal 0 0 1
    outer loop
      vertex 40.3 32.75 10.5
      vertex 1.3 32.3 10.5
      vertex 40.3 32.3 10.5
    endloop
  endfacet
  facet normal -0 0 1
    outer loop
      vertex 0.599999 33.3 10.5
      vertex 40.3 32.75 10.5
      vertex 54.9 33.3 10.5
    endloop
  endfacet
  facet normal 0 0 1
    outer loop
      vertex 40.3 32.75 10.5
      vertex 0.599999 33.3 10.5
      vertex 1.3 32.3 10.5
    endloop
  endfacet
  facet normal 0 0 1
    outer loop
      vertex 0.599999 33.3 10.5
      vertex 1.25099 32.2976 10.5
      vertex 1.3 32.3 10.5
    endloop
  endfacet
  facet normal 0 0 1
    outer loop
      vertex 0.599999 33.3 10.5
      vertex 1.20245 32.2904 10.5
      vertex 1.25099 32.2976 10.5
    endloop
  endfacet
  facet normal 0 0 1
    outer loop
      vertex 0.599999 33.3 10.5
      vertex 1.15486 32.2785 10.5
      vertex 1.20245 32.2904 10.5
    endloop
  endfacet
  facet normal 0 0 1
    outer loop
      vertex 0.599999 33.3 10.5
      vertex 1.10866 32.2619 10.5
      vertex 1.15486 32.2785 10.5
    endloop
  endfacet
  facet normal 0 0 1
    outer loop
      vertex 0.599999 33.3 10.5
      vertex 1.0643 32.241 10.5
      vertex 1.10866 32.2619 10.5
    endloop
  endfacet
  facet normal 0 0 1
    outer loop
      vertex 0.599999 33.3 10.5
      vertex 1.02221 32.2157 10.5
      vertex 1.0643 32.241 10.5
    endloop
  endfacet
  facet normal 0 0 1
    outer loop
      vertex 0.599999 33.3 10.5
      vertex 0.982803 32.1865 10.5
      vertex 1.02221 32.2157 10.5
    endloop
  endfacet
  facet normal -0 0 1
    outer loop
      vertex 0.521585 33.2961 10.5
      vertex 0.982803 32.1865 10.5
      vertex 0.599999 33.3 10.5
    endloop
  endfacet
  facet normal -0 0 1
    outer loop
      vertex 0.443927 33.2846 10.5
      vertex 0.982803 32.1865 10.5
      vertex 0.521585 33.2961 10.5
    endloop
  endfacet
  facet normal -0 0 1
    outer loop
      vertex 0.367772 33.2656 10.5
      vertex 0.982803 32.1865 10.5
      vertex 0.443927 33.2846 10.5
    endloop
  endfacet
  facet normal -0 0 1
    outer loop
      vertex 0.293853 33.2391 10.5
      vertex 0.982803 32.1865 10.5
      vertex 0.367772 33.2656 10.5
    endloop
  endfacet
  facet normal 0 0 1
    outer loop
      vertex 0.982803 32.1865 10.5
      vertex 0.293853 33.2391 10.5
      vertex 0.946446 32.1536 10.5
    endloop
  endfacet
  facet normal -0 0 1
    outer loop
      vertex 0.222882 33.2055 10.5
      vertex 0.946446 32.1536 10.5
      vertex 0.293853 33.2391 10.5
    endloop
  endfacet
  facet normal -0 0 1
    outer loop
      vertex 0.155543 33.1652 10.5
      vertex 0.946446 32.1536 10.5
      vertex 0.222882 33.2055 10.5
    endloop
  endfacet
  facet normal -0 0 1
    outer loop
      vertex 0.0924845 33.1184 10.5
      vertex 0.946446 32.1536 10.5
      vertex 0.155543 33.1652 10.5
    endloop
  endfacet
  facet normal -0 0 1
    outer loop
      vertex 0.0343142 33.0657 10.5
      vertex 0.946446 32.1536 10.5
      vertex 0.0924845 33.1184 10.5
    endloop
  endfacet
  facet normal -0 0 1
    outer loop
      vertex -0.0184078 33.0075 10.5
      vertex 0.946446 32.1536 10.5
      vertex 0.0343142 33.0657 10.5
    endloop
  endfacet
  facet normal -0 0 1
    outer loop
      vertex -0.0651751 32.9445 10.5
      vertex 0.946446 32.1536 10.5
      vertex -0.0184078 33.0075 10.5
    endloop
  endfacet
  facet normal -0 0 1
    outer loop
      vertex -0.105536 32.8771 10.5
      vertex 0.946446 32.1536 10.5
      vertex -0.0651751 32.9445 10.5
    endloop
  endfacet
  facet normal 0 0 1
    outer loop
      vertex 0.946446 32.1536 10.5
      vertex -0.105536 32.8771 10.5
      vertex 0.913494 32.1172 10.5
    endloop
  endfacet
  facet normal -0 0 1
    outer loop
      vertex -0.139103 32.8061 10.5
      vertex 0.913494 32.1172 10.5
      vertex -0.105536 32.8771 10.5
    endloop
  endfacet
  facet normal -0 0 1
    outer loop
      vertex -0.165552 32.7322 10.5
      vertex 0.913494 32.1172 10.5
      vertex -0.139103 32.8061 10.5
    endloop
  endfacet
  facet normal -0 0 1
    outer loop
      vertex -0.184628 32.6561 10.5
      vertex 0.913494 32.1172 10.5
      vertex -0.165552 32.7322 10.5
    endloop
  endfacet
  facet normal -0 0 1
    outer loop
      vertex -0.196147 32.5784 10.5
      vertex 0.913494 32.1172 10.5
      vertex -0.184628 32.6561 10.5
    endloop
  endfacet
  facet normal -0 0 1
    outer loop
      vertex -0.2 32.5 10.5
      vertex 0.913494 32.1172 10.5
      vertex -0.196147 32.5784 10.5
    endloop
  endfacet
  facet normal 0 0 1
    outer loop
      vertex 0.913494 32.1172 10.5
      vertex -0.2 32.5 10.5
      vertex 0.884265 32.0778 10.5
    endloop
  endfacet
  facet normal 0 0 1
    outer loop
      vertex 0.884265 32.0778 10.5
      vertex -0.2 32.5 10.5
      vertex 0.859039 32.0357 10.5
    endloop
  endfacet
  facet normal 0 0 1
    outer loop
      vertex 0.859039 32.0357 10.5
      vertex -0.2 32.5 10.5
      vertex 0.838059 31.9913 10.5
    endloop
  endfacet
  facet normal 0 0 1
    outer loop
      vertex 0.838059 31.9913 10.5
      vertex -0.2 32.5 10.5
      vertex 0.821529 31.9451 10.5
    endloop
  endfacet
  facet normal 0 0 1
    outer loop
      vertex 0.802407 31.849 10.5
      vertex -0.2 32.5 10.5
      vertex 0.799999 31.8 10.5
    endloop
  endfacet
  facet normal 0 0 1
    outer loop
      vertex 0.821529 31.9451 10.5
      vertex -0.2 32.5 10.5
      vertex 0.809607 31.8975 10.5
    endloop
  endfacet
  facet normal 0 0 1
    outer loop
      vertex 0.809607 31.8975 10.5
      vertex -0.2 32.5 10.5
      vertex 0.802407 31.849 10.5
    endloop
  endfacet
  facet normal 0 0 1
    outer loop
      vertex -0.2 24.25 10.5
      vertex 0.799999 31.8 10.5
      vertex -0.2 32.5 10.5
    endloop
  endfacet
  facet normal 0 0 1
    outer loop
      vertex 0.799999 31.8 10.5
      vertex -0.2 24.25 10.5
      vertex 0.799999 24.25 10.5
    endloop
  endfacet
  facet normal -0 0 1
    outer loop
      vertex 54.7 17.25 10.5
      vertex 55.7 15.75 10.5
      vertex 55.7 17.25 10.5
    endloop
  endfacet
  facet normal 0 0 1
    outer loop
      vertex 55.7 15.75 10.5
      vertex 54.7 17.25 10.5
      vertex 54.7 15.75 10.5
    endloop
  endfacet
  facet normal 0 0 -1
    outer loop
      vertex 55.6055 0.122882 9.09
      vertex 55.6592 0.25 9.09
      vertex 55.6391 0.193852 9.09
    endloop
  endfacet
  facet normal 0 0 -1
    outer loop
      vertex 55.5652 0.0555429 9.09
      vertex 55.6592 0.25 9.09
      vertex 55.6055 0.122882 9.09
    endloop
  endfacet
  facet normal 0 0 -1
    outer loop
      vertex 55.5184 -0.007514 9.09
      vertex 55.6592 0.25 9.09
      vertex 55.5652 0.0555429 9.09
    endloop
  endfacet
  facet normal 0 0 -1
    outer loop
      vertex 55.4657 -0.0656853 9.09
      vertex 55.6592 0.25 9.09
      vertex 55.5184 -0.007514 9.09
    endloop
  endfacet
  facet normal 0 0 -1
    outer loop
      vertex 55.4075 -0.118408 9.09
      vertex 55.6592 0.25 9.09
      vertex 55.4657 -0.0656853 9.09
    endloop
  endfacet
  facet normal 0 0 -1
    outer loop
      vertex 55.3445 -0.165175 9.09
      vertex 55.6592 0.25 9.09
      vertex 55.4075 -0.118408 9.09
    endloop
  endfacet
  facet normal 0 0 -1
    outer loop
      vertex 55.2771 -0.205537 9.09
      vertex 55.6592 0.25 9.09
      vertex 55.3445 -0.165175 9.09
    endloop
  endfacet
  facet normal 0 0 -1
    outer loop
      vertex 55.2061 -0.239103 9.09
      vertex 55.6592 0.25 9.09
      vertex 55.2771 -0.205537 9.09
    endloop
  endfacet
  facet normal 0 0 -1
    outer loop
      vertex 55.1322 -0.265552 9.09
      vertex 55.6592 0.25 9.09
      vertex 55.2061 -0.239103 9.09
    endloop
  endfacet
  facet normal 0 0 -1
    outer loop
      vertex 55.0561 -0.284628 9.09
      vertex 55.6592 0.25 9.09
      vertex 55.1322 -0.265552 9.09
    endloop
  endfacet
  facet normal 0 0 -1
    outer loop
      vertex 54.9784 -0.296147 9.09
      vertex 55.6592 0.25 9.09
      vertex 55.0561 -0.284628 9.09
    endloop
  endfacet
  facet normal 0 0 -1
    outer loop
      vertex 54.9 -0.299999 9.09
      vertex 55.6592 0.25 9.09
      vertex 54.9784 -0.296147 9.09
    endloop
  endfacet
  facet normal 0 0 -1
    outer loop
      vertex 54.9 -0.299999 9.09
      vertex 40.3 0.25 9.09
      vertex 55.6592 0.25 9.09
    endloop
  endfacet
  facet normal 0 0 -1
    outer loop
      vertex 40.3 0.25 9.09
      vertex 1.3 0.7 9.09
      vertex 40.3 0.7 9.09
    endloop
  endfacet
  facet normal 0 0 -1
    outer loop
      vertex 0.599999 -0.299999 9.09
      vertex 40.3 0.25 9.09
      vertex 54.9 -0.299999 9.09
    endloop
  endfacet
  facet normal -0 0 -1
    outer loop
      vertex 40.3 0.25 9.09
      vertex 0.599999 -0.299999 9.09
      vertex 1.3 0.7 9.09
    endloop
  endfacet
  facet normal 0 0 -1
    outer loop
      vertex 0.599999 -0.299999 9.09
      vertex 1.25099 0.702407 9.09
      vertex 1.3 0.7 9.09
    endloop
  endfacet
  facet normal 0 0 -1
    outer loop
      vertex 0.599999 -0.299999 9.09
      vertex 1.20245 0.709607 9.09
      vertex 1.25099 0.702407 9.09
    endloop
  endfacet
  facet normal 0 0 -1
    outer loop
      vertex 0.599999 -0.299999 9.09
      vertex 1.15486 0.721529 9.09
      vertex 1.20245 0.709607 9.09
    endloop
  endfacet
  facet normal 0 0 -1
    outer loop
      vertex 0.599999 -0.299999 9.09
      vertex 1.10866 0.73806 9.09
      vertex 1.15486 0.721529 9.09
    endloop
  endfacet
  facet normal 0 0 -1
    outer loop
      vertex 0.599999 -0.299999 9.09
      vertex 1.0643 0.759039 9.09
      vertex 1.10866 0.73806 9.09
    endloop
  endfacet
  facet normal 0 0 -1
    outer loop
      vertex 0.599999 -0.299999 9.09
      vertex 1.02221 0.784265 9.09
      vertex 1.0643 0.759039 9.09
    endloop
  endfacet
  facet normal 0 0 -1
    outer loop
      vertex 0.599999 -0.299999 9.09
      vertex 0.982803 0.813495 9.09
      vertex 1.02221 0.784265 9.09
    endloop
  endfacet
  facet normal 0 0 -1
    outer loop
      vertex 0.521585 -0.296147 9.09
      vertex 0.982803 0.813495 9.09
      vertex 0.599999 -0.299999 9.09
    endloop
  endfacet
  facet normal 0 0 -1
    outer loop
      vertex 0.443927 -0.284628 9.09
      vertex 0.982803 0.813495 9.09
      vertex 0.521585 -0.296147 9.09
    endloop
  endfacet
  facet normal 0 0 -1
    outer loop
      vertex 0.367772 -0.265552 9.09
      vertex 0.982803 0.813495 9.09
      vertex 0.443927 -0.284628 9.09
    endloop
  endfacet
  facet normal 0 0 -1
    outer loop
      vertex 0.293853 -0.239103 9.09
      vertex 0.982803 0.813495 9.09
      vertex 0.367772 -0.265552 9.09
    endloop
  endfacet
  facet normal -0 0 -1
    outer loop
      vertex 0.982803 0.813495 9.09
      vertex 0.293853 -0.239103 9.09
      vertex 0.946446 0.846446 9.09
    endloop
  endfacet
  facet normal 0 0 -1
    outer loop
      vertex 0.222882 -0.205537 9.09
      vertex 0.946446 0.846446 9.09
      vertex 0.293853 -0.239103 9.09
    endloop
  endfacet
  facet normal 0 0 -1
    outer loop
      vertex 0.155543 -0.165175 9.09
      vertex 0.946446 0.846446 9.09
      vertex 0.222882 -0.205537 9.09
    endloop
  endfacet
  facet normal 0 0 -1
    outer loop
      vertex 0.0924845 -0.118408 9.09
      vertex 0.946446 0.846446 9.09
      vertex 0.155543 -0.165175 9.09
    endloop
  endfacet
  facet normal 0 0 -1
    outer loop
      vertex 0.0343142 -0.0656853 9.09
      vertex 0.946446 0.846446 9.09
      vertex 0.0924845 -0.118408 9.09
    endloop
  endfacet
  facet normal 0 0 -1
    outer loop
      vertex -0.0184078 -0.007514 9.09
      vertex 0.946446 0.846446 9.09
      vertex 0.0343142 -0.0656853 9.09
    endloop
  endfacet
  facet normal 0 0 -1
    outer loop
      vertex -0.0651751 0.0555429 9.09
      vertex 0.946446 0.846446 9.09
      vertex -0.0184078 -0.007514 9.09
    endloop
  endfacet
  facet normal 0 0 -1
    outer loop
      vertex -0.105536 0.122882 9.09
      vertex 0.946446 0.846446 9.09
      vertex -0.0651751 0.0555429 9.09
    endloop
  endfacet
  facet normal -0 0 -1
    outer loop
      vertex 0.946446 0.846446 9.09
      vertex -0.105536 0.122882 9.09
      vertex 0.913494 0.882803 9.09
    endloop
  endfacet
  facet normal 0 0 -1
    outer loop
      vertex -0.139103 0.193852 9.09
      vertex 0.913494 0.882803 9.09
      vertex -0.105536 0.122882 9.09
    endloop
  endfacet
  facet normal 0 0 -1
    outer loop
      vertex -0.165552 0.267772 9.09
      vertex 0.913494 0.882803 9.09
      vertex -0.139103 0.193852 9.09
    endloop
  endfacet
  facet normal 0 0 -1
    outer loop
      vertex -0.184628 0.343927 9.09
      vertex 0.913494 0.882803 9.09
      vertex -0.165552 0.267772 9.09
    endloop
  endfacet
  facet normal 0 0 -1
    outer loop
      vertex -0.196147 0.421586 9.09
      vertex 0.913494 0.882803 9.09
      vertex -0.184628 0.343927 9.09
    endloop
  endfacet
  facet normal 0 0 -1
    outer loop
      vertex -0.2 0.5 9.09
      vertex 0.913494 0.882803 9.09
      vertex -0.196147 0.421586 9.09
    endloop
  endfacet
  facet normal -0 0 -1
    outer loop
      vertex 0.913494 0.882803 9.09
      vertex -0.2 0.5 9.09
      vertex 0.884265 0.922215 9.09
    endloop
  endfacet
  facet normal -0 0 -1
    outer loop
      vertex 0.884265 0.922215 9.09
      vertex -0.2 0.5 9.09
      vertex 0.859039 0.964301 9.09
    endloop
  endfacet
  facet normal -0 0 -1
    outer loop
      vertex 0.859039 0.964301 9.09
      vertex -0.2 0.5 9.09
      vertex 0.838059 1.00866 9.09
    endloop
  endfacet
  facet normal -0 0 -1
    outer loop
      vertex 0.838059 1.00866 9.09
      vertex -0.2 0.5 9.09
      vertex 0.821529 1.05486 9.09
    endloop
  endfacet
  facet normal -0 0 -1
    outer loop
      vertex 0.802407 1.15099 9.09
      vertex -0.2 0.5 9.09
      vertex 0.799999 1.2 9.09
    endloop
  endfacet
  facet normal -0 0 -1
    outer loop
      vertex 0.821529 1.05486 9.09
      vertex -0.2 0.5 9.09
      vertex 0.809607 1.10245 9.09
    endloop
  endfacet
  facet normal -0 0 -1
    outer loop
      vertex 0.809607 1.10245 9.09
      vertex -0.2 0.5 9.09
      vertex 0.802407 1.15099 9.09
    endloop
  endfacet
  facet normal 0 0 -1
    outer loop
      vertex -0.2 8.75 9.09
      vertex 0.799999 1.2 9.09
      vertex -0.2 0.5 9.09
    endloop
  endfacet
  facet normal 0 0 -1
    outer loop
      vertex 0.799999 1.2 9.09
      vertex -0.2 8.75 9.09
      vertex 0.799999 8.75 9.09
    endloop
  endfacet
  facet normal 0 0 -1
    outer loop
      vertex 40.3 32.3 9.09
      vertex 1.3 32.3 9.09
      vertex 40.3 32.75 9.09
    endloop
  endfacet
  facet normal 0 0 -1
    outer loop
      vertex 55.6592 32.75 9.09
      vertex 55.6055 32.8771 9.09
      vertex 55.6391 32.8061 9.09
    endloop
  endfacet
  facet normal 0 0 -1
    outer loop
      vertex 55.6592 32.75 9.09
      vertex 55.5652 32.9445 9.09
      vertex 55.6055 32.8771 9.09
    endloop
  endfacet
  facet normal 0 0 -1
    outer loop
      vertex 55.6592 32.75 9.09
      vertex 55.5184 33.0075 9.09
      vertex 55.5652 32.9445 9.09
    endloop
  endfacet
  facet normal 0 0 -1
    outer loop
      vertex 55.6592 32.75 9.09
      vertex 55.4657 33.0657 9.09
      vertex 55.5184 33.0075 9.09
    endloop
  endfacet
  facet normal 0 0 -1
    outer loop
      vertex 55.6592 32.75 9.09
      vertex 55.4075 33.1184 9.09
      vertex 55.4657 33.0657 9.09
    endloop
  endfacet
  facet normal 0 0 -1
    outer loop
      vertex 55.6592 32.75 9.09
      vertex 55.3445 33.1652 9.09
      vertex 55.4075 33.1184 9.09
    endloop
  endfacet
  facet normal 0 0 -1
    outer loop
      vertex 55.6592 32.75 9.09
      vertex 55.2771 33.2055 9.09
      vertex 55.3445 33.1652 9.09
    endloop
  endfacet
  facet normal 0 0 -1
    outer loop
      vertex 55.6592 32.75 9.09
      vertex 55.2061 33.2391 9.09
      vertex 55.2771 33.2055 9.09
    endloop
  endfacet
  facet normal 0 0 -1
    outer loop
      vertex 55.6592 32.75 9.09
      vertex 55.1322 33.2656 9.09
      vertex 55.2061 33.2391 9.09
    endloop
  endfacet
  facet normal 0 0 -1
    outer loop
      vertex 55.6592 32.75 9.09
      vertex 55.0561 33.2846 9.09
      vertex 55.1322 33.2656 9.09
    endloop
  endfacet
  facet normal 0 0 -1
    outer loop
      vertex 55.6592 32.75 9.09
      vertex 54.9784 33.2961 9.09
      vertex 55.0561 33.2846 9.09
    endloop
  endfacet
  facet normal 0 0 -1
    outer loop
      vertex 55.6592 32.75 9.09
      vertex 54.9 33.3 9.09
      vertex 54.9784 33.2961 9.09
    endloop
  endfacet
  facet normal 0 0 -1
    outer loop
      vertex 40.3 32.75 9.09
      vertex 54.9 33.3 9.09
      vertex 55.6592 32.75 9.09
    endloop
  endfacet
  facet normal 0 0 -1
    outer loop
      vertex 0.599999 33.3 9.09
      vertex 40.3 32.75 9.09
      vertex 1.3 32.3 9.09
    endloop
  endfacet
  facet normal 0 0 -1
    outer loop
      vertex 40.3 32.75 9.09
      vertex 0.599999 33.3 9.09
      vertex 54.9 33.3 9.09
    endloop
  endfacet
  facet normal 0 0 -1
    outer loop
      vertex 1.25099 32.2976 9.09
      vertex 0.599999 33.3 9.09
      vertex 1.3 32.3 9.09
    endloop
  endfacet
  facet normal 0 0 -1
    outer loop
      vertex 1.20245 32.2904 9.09
      vertex 0.599999 33.3 9.09
      vertex 1.25099 32.2976 9.09
    endloop
  endfacet
  facet normal 0 0 -1
    outer loop
      vertex 1.15486 32.2785 9.09
      vertex 0.599999 33.3 9.09
      vertex 1.20245 32.2904 9.09
    endloop
  endfacet
  facet normal 0 0 -1
    outer loop
      vertex 1.10866 32.2619 9.09
      vertex 0.599999 33.3 9.09
      vertex 1.15486 32.2785 9.09
    endloop
  endfacet
  facet normal 0 0 -1
    outer loop
      vertex 1.0643 32.241 9.09
      vertex 0.599999 33.3 9.09
      vertex 1.10866 32.2619 9.09
    endloop
  endfacet
  facet normal 0 0 -1
    outer loop
      vertex 1.02221 32.2157 9.09
      vertex 0.599999 33.3 9.09
      vertex 1.0643 32.241 9.09
    endloop
  endfacet
  facet normal 0 0 -1
    outer loop
      vertex 0.982803 32.1865 9.09
      vertex 0.599999 33.3 9.09
      vertex 1.02221 32.2157 9.09
    endloop
  endfacet
  facet normal 0 0 -1
    outer loop
      vertex 0.293853 33.2391 9.09
      vertex 0.982803 32.1865 9.09
      vertex 0.946446 32.1536 9.09
    endloop
  endfacet
  facet normal 0 0 -1
    outer loop
      vertex -0.105536 32.8771 9.09
      vertex 0.946446 32.1536 9.09
      vertex 0.913494 32.1172 9.09
    endloop
  endfacet
  facet normal 0 0 -1
    outer loop
      vertex -0.2 32.5 9.09
      vertex 0.913494 32.1172 9.09
      vertex 0.884265 32.0778 9.09
    endloop
  endfacet
  facet normal 0 0 -1
    outer loop
      vertex -0.2 32.5 9.09
      vertex 0.884265 32.0778 9.09
      vertex 0.859039 32.0357 9.09
    endloop
  endfacet
  facet normal 0 0 -1
    outer loop
      vertex -0.2 32.5 9.09
      vertex 0.859039 32.0357 9.09
      vertex 0.838059 31.9913 9.09
    endloop
  endfacet
  facet normal 0 0 -1
    outer loop
      vertex -0.2 32.5 9.09
      vertex 0.838059 31.9913 9.09
      vertex 0.821529 31.9451 9.09
    endloop
  endfacet
  facet normal 0 0 -1
    outer loop
      vertex -0.2 32.5 9.09
      vertex 0.821529 31.9451 9.09
      vertex 0.809607 31.8975 9.09
    endloop
  endfacet
  facet normal 0 0 -1
    outer loop
      vertex -0.2 32.5 9.09
      vertex 0.809607 31.8975 9.09
      vertex 0.802407 31.849 9.09
    endloop
  endfacet
  facet normal 0 0 -1
    outer loop
      vertex -0.2 32.5 9.09
      vertex 0.802407 31.849 9.09
      vertex 0.799999 31.8 9.09
    endloop
  endfacet
  facet normal 0 0 -1
    outer loop
      vertex -0.2 24.25 9.09
      vertex 0.799999 31.8 9.09
      vertex 0.799999 24.25 9.09
    endloop
  endfacet
  facet normal 0 0 -1
    outer loop
      vertex 0.913494 32.1172 9.09
      vertex -0.2 32.5 9.09
      vertex -0.196147 32.5784 9.09
    endloop
  endfacet
  facet normal 0 0 -1
    outer loop
      vertex 0.982803 32.1865 9.09
      vertex 0.521585 33.2961 9.09
      vertex 0.599999 33.3 9.09
    endloop
  endfacet
  facet normal 0 0 -1
    outer loop
      vertex 0.982803 32.1865 9.09
      vertex 0.443927 33.2846 9.09
      vertex 0.521585 33.2961 9.09
    endloop
  endfacet
  facet normal 0 0 -1
    outer loop
      vertex 0.982803 32.1865 9.09
      vertex 0.367772 33.2656 9.09
      vertex 0.443927 33.2846 9.09
    endloop
  endfacet
  facet normal 0 0 -1
    outer loop
      vertex 0.982803 32.1865 9.09
      vertex 0.293853 33.2391 9.09
      vertex 0.367772 33.2656 9.09
    endloop
  endfacet
  facet normal 0 0 -1
    outer loop
      vertex 0.946446 32.1536 9.09
      vertex 0.222882 33.2055 9.09
      vertex 0.293853 33.2391 9.09
    endloop
  endfacet
  facet normal 0 0 -1
    outer loop
      vertex 0.946446 32.1536 9.09
      vertex 0.155543 33.1652 9.09
      vertex 0.222882 33.2055 9.09
    endloop
  endfacet
  facet normal 0 0 -1
    outer loop
      vertex 0.946446 32.1536 9.09
      vertex 0.0924845 33.1184 9.09
      vertex 0.155543 33.1652 9.09
    endloop
  endfacet
  facet normal 0 0 -1
    outer loop
      vertex 0.946446 32.1536 9.09
      vertex 0.0343142 33.0657 9.09
      vertex 0.0924845 33.1184 9.09
    endloop
  endfacet
  facet normal 0 0 -1
    outer loop
      vertex 0.946446 32.1536 9.09
      vertex -0.0184078 33.0075 9.09
      vertex 0.0343142 33.0657 9.09
    endloop
  endfacet
  facet normal 0 0 -1
    outer loop
      vertex 0.946446 32.1536 9.09
      vertex -0.0651751 32.9445 9.09
      vertex -0.0184078 33.0075 9.09
    endloop
  endfacet
  facet normal 0 0 -1
    outer loop
      vertex 0.946446 32.1536 9.09
      vertex -0.105536 32.8771 9.09
      vertex -0.0651751 32.9445 9.09
    endloop
  endfacet
  facet normal 0 0 -1
    outer loop
      vertex 0.913494 32.1172 9.09
      vertex -0.139103 32.8061 9.09
      vertex -0.105536 32.8771 9.09
    endloop
  endfacet
  facet normal 0 0 -1
    outer loop
      vertex 0.913494 32.1172 9.09
      vertex -0.165552 32.7322 9.09
      vertex -0.139103 32.8061 9.09
    endloop
  endfacet
  facet normal 0 0 -1
    outer loop
      vertex 0.913494 32.1172 9.09
      vertex -0.184628 32.6561 9.09
      vertex -0.165552 32.7322 9.09
    endloop
  endfacet
  facet normal -0 0 -1
    outer loop
      vertex 0.799999 31.8 9.09
      vertex -0.2 24.25 9.09
      vertex -0.2 32.5 9.09
    endloop
  endfacet
  facet normal 0 0 -1
    outer loop
      vertex 0.913494 32.1172 9.09
      vertex -0.196147 32.5784 9.09
      vertex -0.184628 32.6561 9.09
    endloop
  endfacet
  facet normal 0 0 -1
    outer loop
      vertex 54.7 15.75 9.09
      vertex 55.7 17.25 9.09
      vertex 55.7 15.75 9.09
    endloop
  endfacet
  facet normal -0 0 -1
    outer loop
      vertex 55.7 17.25 9.09
      vertex 54.7 15.75 9.09
      vertex 54.7 17.25 9.09
    endloop
  endfacet
  facet normal 0.243006 0.970025 -0
    outer loop
      vertex 1.20245 0.709607 9.09
      vertex 1.15486 0.721529 10.5
      vertex 1.20245 0.709607 10.5
    endloop
  endfacet
  facet normal 0.243006 0.970025 0
    outer loop
      vertex 1.15486 0.721529 10.5
      vertex 1.20245 0.709607 9.09
      vertex 1.15486 0.721529 9.09
    endloop
  endfacet
  facet normal 0.048911 -0.998803 0
    outer loop
      vertex 1.25099 32.2976 9.09
      vertex 1.3 32.3 10.5
      vertex 1.25099 32.2976 10.5
    endloop
  endfacet
  facet normal 0.048911 -0.998803 0
    outer loop
      vertex 1.3 32.3 10.5
      vertex 1.25099 32.2976 9.09
      vertex 1.3 32.3 9.09
    endloop
  endfacet
  facet normal 1 -0 0
    outer loop
      vertex 0.799999 24.25 10.5
      vertex 0.799999 31.8 9.09
      vertex 0.799999 31.8 10.5
    endloop
  endfacet
  facet normal 1 0 0
    outer loop
      vertex 0.799999 31.8 9.09
      vertex 0.799999 24.25 10.5
      vertex 0.799999 24.25 9.09
    endloop
  endfacet
  facet normal 1 -0 0
    outer loop
      vertex 0.799999 1.2 10.5
      vertex 0.799999 8.75 9.09
      vertex 0.799999 8.75 10.5
    endloop
  endfacet
  facet normal 1 0 0
    outer loop
      vertex 0.799999 8.75 9.09
      vertex 0.799999 1.2 10.5
      vertex 0.799999 1.2 9.09
    endloop
  endfacet
  facet normal 0.741347 -0.671122 0
    outer loop
      vertex 0.913494 32.1172 10.5
      vertex 0.946446 32.1536 9.09
      vertex 0.946446 32.1536 10.5
    endloop
  endfacet
  facet normal 0.741347 -0.671122 0
    outer loop
      vertex 0.946446 32.1536 9.09
      vertex 0.913494 32.1172 10.5
      vertex 0.913494 32.1172 9.09
    endloop
  endfacet
  facet normal 0 1 -0
    outer loop
      vertex 40.3 0.7 9.09
      vertex 1.3 0.7 10.5
      vertex 40.3 0.7 10.5
    endloop
  endfacet
  facet normal 0 1 0
    outer loop
      vertex 1.3 0.7 10.5
      vertex 40.3 0.7 9.09
      vertex 1.3 0.7 9.09
    endloop
  endfacet
  facet normal 0.998795 0.0490736 0
    outer loop
      vertex 0.802407 1.15099 10.5
      vertex 0.799999 1.2 9.09
      vertex 0.799999 1.2 10.5
    endloop
  endfacet
  facet normal 0.998795 0.0490736 0
    outer loop
      vertex 0.799999 1.2 9.09
      vertex 0.802407 1.15099 10.5
      vertex 0.802407 1.15099 9.09
    endloop
  endfacet
  facet normal 0.0490533 0.998796 -0
    outer loop
      vertex 1.3 0.7 9.09
      vertex 1.25099 0.702407 10.5
      vertex 1.3 0.7 10.5
    endloop
  endfacet
  facet normal 0.0490533 0.998796 0
    outer loop
      vertex 1.25099 0.702407 10.5
      vertex 1.3 0.7 9.09
      vertex 1.25099 0.702407 9.09
    endloop
  endfacet
  facet normal -1 0 0
    outer loop
      vertex 54.7 15.75 9.09
      vertex 54.7 17.25 10.5
      vertex 54.7 17.25 9.09
    endloop
  endfacet
  facet normal -1 -0 0
    outer loop
      vertex 54.7 17.25 10.5
      vertex 54.7 15.75 9.09
      vertex 54.7 15.75 10.5
    endloop
  endfacet
  facet normal 0.146726 0.989177 -0
    outer loop
      vertex 1.25099 0.702407 9.09
      vertex 1.20245 0.709607 10.5
      vertex 1.25099 0.702407 10.5
    endloop
  endfacet
  facet normal 0.146726 0.989177 0
    outer loop
      vertex 1.20245 0.709607 10.5
      vertex 1.25099 0.702407 9.09
      vertex 1.20245 0.709607 9.09
    endloop
  endfacet
  facet normal 0.426209 -0.904625 0
    outer loop
      vertex 1.0643 32.241 9.09
      vertex 1.10866 32.2619 10.5
      vertex 1.0643 32.241 10.5
    endloop
  endfacet
  facet normal 0.426209 -0.904625 0
    outer loop
      vertex 1.10866 32.2619 10.5
      vertex 1.0643 32.241 9.09
      vertex 1.10866 32.2619 9.09
    endloop
  endfacet
  facet normal 0.989177 0.146726 0
    outer loop
      vertex 0.809607 1.10245 10.5
      vertex 0.802407 1.15099 9.09
      vertex 0.802407 1.15099 10.5
    endloop
  endfacet
  facet normal 0.989177 0.146726 0
    outer loop
      vertex 0.802407 1.15099 9.09
      vertex 0.809607 1.10245 10.5
      vertex 0.809607 1.10245 9.09
    endloop
  endfacet
  facet normal 0.740952 0.671558 0
    outer loop
      vertex 0.946446 0.846446 10.5
      vertex 0.913494 0.882803 9.09
      vertex 0.913494 0.882803 10.5
    endloop
  endfacet
  facet normal 0.740952 0.671558 0
    outer loop
      vertex 0.913494 0.882803 9.09
      vertex 0.946446 0.846446 10.5
      vertex 0.946446 0.846446 9.09
    endloop
  endfacet
  facet normal 0.515184 -0.857079 0
    outer loop
      vertex 1.02221 32.2157 9.09
      vertex 1.0643 32.241 10.5
      vertex 1.02221 32.2157 10.5
    endloop
  endfacet
  facet normal 0.515184 -0.857079 0
    outer loop
      vertex 1.0643 32.241 10.5
      vertex 1.02221 32.2157 9.09
      vertex 1.0643 32.241 9.09
    endloop
  endfacet
  facet normal 0 -1 0
    outer loop
      vertex 1.3 32.3 9.09
      vertex 40.3 32.3 10.5
      vertex 1.3 32.3 10.5
    endloop
  endfacet
  facet normal 0 -1 -0
    outer loop
      vertex 40.3 32.3 10.5
      vertex 1.3 32.3 9.09
      vertex 40.3 32.3 9.09
    endloop
  endfacet
  facet normal 0.98916 -0.146844 0
    outer loop
      vertex 0.802407 31.849 10.5
      vertex 0.809607 31.8975 9.09
      vertex 0.809607 31.8975 10.5
    endloop
  endfacet
  facet normal 0.98916 -0.146844 0
    outer loop
      vertex 0.809607 31.8975 9.09
      vertex 0.802407 31.849 10.5
      vertex 0.802407 31.849 9.09
    endloop
  endfacet
  facet normal 0.595354 -0.803463 0
    outer loop
      vertex 0.982803 32.1865 9.09
      vertex 1.02221 32.2157 10.5
      vertex 0.982803 32.1865 10.5
    endloop
  endfacet
  facet normal 0.595354 -0.803463 0
    outer loop
      vertex 1.02221 32.2157 10.5
      vertex 0.982803 32.1865 9.09
      vertex 1.02221 32.2157 9.09
    endloop
  endfacet
  facet normal 0.803217 0.595687 0
    outer loop
      vertex 0.913494 0.882803 10.5
      vertex 0.884265 0.922215 9.09
      vertex 0.884265 0.922215 10.5
    endloop
  endfacet
  facet normal 0.803217 0.595687 0
    outer loop
      vertex 0.884265 0.922215 9.09
      vertex 0.913494 0.882803 10.5
      vertex 0.913494 0.882803 9.09
    endloop
  endfacet
  facet normal 0.671547 0.740962 -0
    outer loop
      vertex 0.982803 0.813495 9.09
      vertex 0.946446 0.846446 10.5
      vertex 0.982803 0.813495 10.5
    endloop
  endfacet
  facet normal 0.671547 0.740962 0
    outer loop
      vertex 0.946446 0.846446 10.5
      vertex 0.982803 0.813495 9.09
      vertex 0.946446 0.846446 9.09
    endloop
  endfacet
  facet normal 0.514076 0.857745 -0
    outer loop
      vertex 1.0643 0.759039 9.09
      vertex 1.02221 0.784265 10.5
      vertex 1.0643 0.759039 10.5
    endloop
  endfacet
  facet normal 0.514076 0.857745 0
    outer loop
      vertex 1.02221 0.784265 10.5
      vertex 1.0643 0.759039 9.09
      vertex 1.02221 0.784265 9.09
    endloop
  endfacet
  facet normal 0.941548 -0.336879 0
    outer loop
      vertex 0.821529 31.9451 10.5
      vertex 0.838059 31.9913 9.09
      vertex 0.838059 31.9913 10.5
    endloop
  endfacet
  facet normal 0.941548 -0.336879 0
    outer loop
      vertex 0.838059 31.9913 9.09
      vertex 0.821529 31.9451 10.5
      vertex 0.821529 31.9451 9.09
    endloop
  endfacet
  facet normal 0.336897 0.941542 -0
    outer loop
      vertex 1.15486 0.721529 9.09
      vertex 1.10866 0.73806 10.5
      vertex 1.15486 0.721529 10.5
    endloop
  endfacet
  facet normal 0.336897 0.941542 0
    outer loop
      vertex 1.10866 0.73806 10.5
      vertex 1.15486 0.721529 9.09
      vertex 1.10866 0.73806 9.09
    endloop
  endfacet
  facet normal 0.998795 -0.0490836 0
    outer loop
      vertex 0.799999 31.8 10.5
      vertex 0.802407 31.849 9.09
      vertex 0.802407 31.849 10.5
    endloop
  endfacet
  facet normal 0.998795 -0.0490836 0
    outer loop
      vertex 0.802407 31.849 9.09
      vertex 0.799999 31.8 10.5
      vertex 0.799999 31.8 9.09
    endloop
  endfacet
  facet normal 0.242584 -0.970131 0
    outer loop
      vertex 1.15486 32.2785 9.09
      vertex 1.20245 32.2904 10.5
      vertex 1.15486 32.2785 10.5
    endloop
  endfacet
  facet normal 0.242584 -0.970131 0
    outer loop
      vertex 1.20245 32.2904 10.5
      vertex 1.15486 32.2785 9.09
      vertex 1.20245 32.2904 9.09
    endloop
  endfacet
  facet normal 0.595749 0.803171 -0
    outer loop
      vertex 1.02221 0.784265 9.09
      vertex 0.982803 0.813495 10.5
      vertex 1.02221 0.784265 10.5
    endloop
  endfacet
  facet normal 0.595749 0.803171 0
    outer loop
      vertex 0.982803 0.813495 10.5
      vertex 1.02221 0.784265 9.09
      vertex 0.982803 0.813495 9.09
    endloop
  endfacet
  facet normal 0.80313 -0.595804 0
    outer loop
      vertex 0.884265 32.0778 10.5
      vertex 0.913494 32.1172 9.09
      vertex 0.913494 32.1172 10.5
    endloop
  endfacet
  facet normal 0.80313 -0.595804 0
    outer loop
      vertex 0.913494 32.1172 9.09
      vertex 0.884265 32.0778 10.5
      vertex 0.884265 32.0778 9.09
    endloop
  endfacet
  facet normal 0.670976 -0.741479 0
    outer loop
      vertex 0.946446 32.1536 9.09
      vertex 0.982803 32.1865 10.5
      vertex 0.946446 32.1536 10.5
    endloop
  endfacet
  facet normal 0.670976 -0.741479 0
    outer loop
      vertex 0.982803 32.1865 10.5
      vertex 0.946446 32.1536 9.09
      vertex 0.982803 32.1865 9.09
    endloop
  endfacet
  facet normal 0.427526 0.904003 -0
    outer loop
      vertex 1.10866 0.73806 9.09
      vertex 1.0643 0.759039 10.5
      vertex 1.10866 0.73806 10.5
    endloop
  endfacet
  facet normal 0.427526 0.904003 0
    outer loop
      vertex 1.0643 0.759039 10.5
      vertex 1.10866 0.73806 9.09
      vertex 1.0643 0.759039 9.09
    endloop
  endfacet
  facet normal 0.857798 -0.513986 0
    outer loop
      vertex 0.859039 32.0357 10.5
      vertex 0.884265 32.0778 9.09
      vertex 0.884265 32.0778 10.5
    endloop
  endfacet
  facet normal 0.857798 -0.513986 0
    outer loop
      vertex 0.884265 32.0778 9.09
      vertex 0.859039 32.0357 10.5
      vertex 0.859039 32.0357 9.09
    endloop
  endfacet
  facet normal 0.904144 -0.427228 0
    outer loop
      vertex 0.838059 31.9913 10.5
      vertex 0.859039 32.0357 9.09
      vertex 0.859039 32.0357 10.5
    endloop
  endfacet
  facet normal 0.904144 -0.427228 0
    outer loop
      vertex 0.859039 32.0357 9.09
      vertex 0.838059 31.9913 10.5
      vertex 0.838059 31.9913 9.09
    endloop
  endfacet
  facet normal 0.903991 0.427551 0
    outer loop
      vertex 0.859039 0.964301 10.5
      vertex 0.838059 1.00866 9.09
      vertex 0.838059 1.00866 10.5
    endloop
  endfacet
  facet normal 0.903991 0.427551 0
    outer loop
      vertex 0.838059 1.00866 9.09
      vertex 0.859039 0.964301 10.5
      vertex 0.859039 0.964301 9.09
    endloop
  endfacet
  facet normal 0.970025 0.243006 0
    outer loop
      vertex 0.821529 1.05486 10.5
      vertex 0.809607 1.10245 9.09
      vertex 0.809607 1.10245 10.5
    endloop
  endfacet
  facet normal 0.970025 0.243006 0
    outer loop
      vertex 0.809607 1.10245 9.09
      vertex 0.821529 1.05486 10.5
      vertex 0.821529 1.05486 9.09
    endloop
  endfacet
  facet normal 0.970037 -0.242958 0
    outer loop
      vertex 0.809607 31.8975 10.5
      vertex 0.821529 31.9451 9.09
      vertex 0.821529 31.9451 10.5
    endloop
  endfacet
  facet normal 0.970037 -0.242958 0
    outer loop
      vertex 0.821529 31.9451 9.09
      vertex 0.809607 31.8975 10.5
      vertex 0.809607 31.8975 9.09
    endloop
  endfacet
  facet normal 0.338142 -0.941095 0
    outer loop
      vertex 1.10866 32.2619 9.09
      vertex 1.15486 32.2785 10.5
      vertex 1.10866 32.2619 10.5
    endloop
  endfacet
  facet normal 0.338142 -0.941095 0
    outer loop
      vertex 1.15486 32.2785 10.5
      vertex 1.10866 32.2619 9.09
      vertex 1.15486 32.2785 9.09
    endloop
  endfacet
  facet normal 0.857723 0.514112 0
    outer loop
      vertex 0.884265 0.922215 10.5
      vertex 0.859039 0.964301 9.09
      vertex 0.859039 0.964301 10.5
    endloop
  endfacet
  facet normal 0.857723 0.514112 0
    outer loop
      vertex 0.859039 0.964301 9.09
      vertex 0.884265 0.922215 10.5
      vertex 0.884265 0.922215 9.09
    endloop
  endfacet
  facet normal 0.941548 0.336879 0
    outer loop
      vertex 0.838059 1.00866 10.5
      vertex 0.821529 1.05486 9.09
      vertex 0.821529 1.05486 10.5
    endloop
  endfacet
  facet normal 0.941548 0.336879 0
    outer loop
      vertex 0.821529 1.05486 9.09
      vertex 0.838059 1.00866 10.5
      vertex 0.838059 1.00866 9.09
    endloop
  endfacet
  facet normal 0.146726 -0.989177 0
    outer loop
      vertex 1.20245 32.2904 9.09
      vertex 1.25099 32.2976 10.5
      vertex 1.20245 32.2904 10.5
    endloop
  endfacet
  facet normal 0.146726 -0.989177 0
    outer loop
      vertex 1.25099 32.2976 10.5
      vertex 1.20245 32.2904 9.09
      vertex 1.25099 32.2976 9.09
    endloop
  endfacet
  facet normal 0.989177 0.146726 0
    outer loop
      vertex 25.288 16.745 0
      vertex 25.252 16.9877 -3
      vertex 25.252 16.9877 0
    endloop
  endfacet
  facet normal 0.989177 0.146726 0
    outer loop
      vertex 25.252 16.9877 -3
      vertex 25.288 16.745 0
      vertex 25.288 16.745 -3
    endloop
  endfacet
  facet normal 0.998803 0.0489209 0
    outer loop
      vertex 25.3 16.5 0
      vertex 25.288 16.745 -3
      vertex 25.288 16.745 0
    endloop
  endfacet
  facet normal 0.998803 0.0489209 0
    outer loop
      vertex 25.288 16.745 -3
      vertex 25.3 16.5 0
      vertex 25.3 16.5 -3
    endloop
  endfacet
  facet normal 0.970047 0.242919 0
    outer loop
      vertex 25.252 16.9877 0
      vertex 25.1924 17.2257 -3
      vertex 25.1924 17.2257 0
    endloop
  endfacet
  facet normal 0.970047 0.242919 0
    outer loop
      vertex 25.1924 17.2257 -3
      vertex 25.252 16.9877 0
      vertex 25.252 16.9877 -3
    endloop
  endfacet
  facet normal -0.243303 0.96995 0
    outer loop
      vertex 22.3123 18.952 -3
      vertex 22.0743 18.8923 0
      vertex 22.3123 18.952 0
    endloop
  endfacet
  facet normal -0.243303 0.96995 0
    outer loop
      vertex 22.0743 18.8923 0
      vertex 22.3123 18.952 -3
      vertex 22.0743 18.8923 -3
    endloop
  endfacet
  facet normal -0.903995 -0.427543 0
    outer loop
      vertex 20.5952 15.3215 -3
      vertex 20.4903 15.5433 0
      vertex 20.4903 15.5433 -3
    endloop
  endfacet
  facet normal -0.903995 -0.427543 0
    outer loop
      vertex 20.4903 15.5433 0
      vertex 20.5952 15.3215 -3
      vertex 20.5952 15.3215 0
    endloop
  endfacet
  facet normal 0.514076 0.857745 -0
    outer loop
      vertex 24.1889 18.5787 -3
      vertex 23.9785 18.7048 0
      vertex 24.1889 18.5787 0
    endloop
  endfacet
  facet normal 0.514076 0.857745 0
    outer loop
      vertex 23.9785 18.7048 0
      vertex 24.1889 18.5787 -3
      vertex 23.9785 18.7048 -3
    endloop
  endfacet
  facet normal 0.514076 -0.857745 0
    outer loop
      vertex 23.9785 14.2952 -3
      vertex 24.1889 14.4213 0
      vertex 23.9785 14.2952 0
    endloop
  endfacet
  facet normal 0.514076 -0.857745 0
    outer loop
      vertex 24.1889 14.4213 0
      vertex 23.9785 14.2952 -3
      vertex 24.1889 14.4213 -3
    endloop
  endfacet
  facet normal 0 0 1
    outer loop
      vertex 24 16.5 0
      vertex 25.3 16.5 0
      vertex 25.288 16.745 0
    endloop
  endfacet
  facet normal 0 0 1
    outer loop
      vertex 23.9942 16.6176 0
      vertex 25.288 16.745 0
      vertex 25.252 16.9877 0
    endloop
  endfacet
  facet normal 0 0 1
    outer loop
      vertex 25.3 16.5 0
      vertex 24 16.5 0
      vertex 25.288 16.255 0
    endloop
  endfacet
  facet normal 0 0 1
    outer loop
      vertex 23.9769 16.7341 0
      vertex 25.252 16.9877 0
      vertex 25.1924 17.2257 0
    endloop
  endfacet
  facet normal -0 0 1
    outer loop
      vertex 23.9942 16.3824 0
      vertex 25.288 16.255 0
      vertex 24 16.5 0
    endloop
  endfacet
  facet normal 0 0 1
    outer loop
      vertex 23.9483 16.8483 0
      vertex 25.1924 17.2257 0
      vertex 25.1097 17.4567 0
    endloop
  endfacet
  facet normal 0 0 1
    outer loop
      vertex 25.288 16.255 0
      vertex 23.9942 16.3824 0
      vertex 25.252 16.0123 0
    endloop
  endfacet
  facet normal 0 0 1
    outer loop
      vertex 23.9087 16.9592 0
      vertex 25.1097 17.4567 0
      vertex 25.0048 17.6785 0
    endloop
  endfacet
  facet normal -0 0 1
    outer loop
      vertex 23.9769 16.2659 0
      vertex 25.252 16.0123 0
      vertex 23.9942 16.3824 0
    endloop
  endfacet
  facet normal 0 0 1
    outer loop
      vertex 23.8583 17.0657 0
      vertex 25.0048 17.6785 0
      vertex 24.8787 17.8889 0
    endloop
  endfacet
  facet normal 0 0 1
    outer loop
      vertex 25.252 16.0123 0
      vertex 23.9769 16.2659 0
      vertex 25.1924 15.7743 0
    endloop
  endfacet
  facet normal 0 0 1
    outer loop
      vertex 23.7978 17.1667 0
      vertex 24.8787 17.8889 0
      vertex 24.7325 18.086 0
    endloop
  endfacet
  facet normal -0 0 1
    outer loop
      vertex 23.9483 16.1517 0
      vertex 25.1924 15.7743 0
      vertex 23.9769 16.2659 0
    endloop
  endfacet
  facet normal 0 0 1
    outer loop
      vertex 23.7276 17.2613 0
      vertex 24.7325 18.086 0
      vertex 24.5678 18.2678 0
    endloop
  endfacet
  facet normal 0 0 1
    outer loop
      vertex 25.1924 15.7743 0
      vertex 23.9483 16.1517 0
      vertex 25.1097 15.5433 0
    endloop
  endfacet
  facet normal 0 0 1
    outer loop
      vertex 23.6485 17.3485 0
      vertex 24.5678 18.2678 0
      vertex 24.386 18.4325 0
    endloop
  endfacet
  facet normal -0 0 1
    outer loop
      vertex 23.9087 16.0408 0
      vertex 25.1097 15.5433 0
      vertex 23.9483 16.1517 0
    endloop
  endfacet
  facet normal 0 0 1
    outer loop
      vertex 23.5613 17.4276 0
      vertex 24.386 18.4325 0
      vertex 24.1889 18.5787 0
    endloop
  endfacet
  facet normal 0 0 1
    outer loop
      vertex 25.1097 15.5433 0
      vertex 23.9087 16.0408 0
      vertex 25.0048 15.3215 0
    endloop
  endfacet
  facet normal -0 0 1
    outer loop
      vertex 23.8583 15.9343 0
      vertex 25.0048 15.3215 0
      vertex 23.9087 16.0408 0
    endloop
  endfacet
  facet normal 0 0 1
    outer loop
      vertex 25.288 16.745 0
      vertex 23.9942 16.6176 0
      vertex 24 16.5 0
    endloop
  endfacet
  facet normal 0 0 1
    outer loop
      vertex 23.4667 17.4978 0
      vertex 24.1889 18.5787 0
      vertex 23.9785 18.7048 0
    endloop
  endfacet
  facet normal 0 0 1
    outer loop
      vertex 25.252 16.9877 0
      vertex 23.9769 16.7341 0
      vertex 23.9942 16.6176 0
    endloop
  endfacet
  facet normal 0 0 1
    outer loop
      vertex 25.1924 17.2257 0
      vertex 23.9483 16.8483 0
      vertex 23.9769 16.7341 0
    endloop
  endfacet
  facet normal 0 0 1
    outer loop
      vertex 25.1097 17.4567 0
      vertex 23.9087 16.9592 0
      vertex 23.9483 16.8483 0
    endloop
  endfacet
  facet normal 0 0 1
    outer loop
      vertex 25.0048 17.6785 0
      vertex 23.8583 17.0657 0
      vertex 23.9087 16.9592 0
    endloop
  endfacet
  facet normal 0 0 1
    outer loop
      vertex 24.8787 17.8889 0
      vertex 23.7978 17.1667 0
      vertex 23.8583 17.0657 0
    endloop
  endfacet
  facet normal 0 0 1
    outer loop
      vertex 23.3657 17.5583 0
      vertex 23.9785 18.7048 0
      vertex 23.7567 18.8097 0
    endloop
  endfacet
  facet normal 0 0 1
    outer loop
      vertex 24.7325 18.086 0
      vertex 23.7276 17.2613 0
      vertex 23.7978 17.1667 0
    endloop
  endfacet
  facet normal 0 0 1
    outer loop
      vertex 24.5678 18.2678 0
      vertex 23.6485 17.3485 0
      vertex 23.7276 17.2613 0
    endloop
  endfacet
  facet normal 0 0 1
    outer loop
      vertex 24.386 18.4325 0
      vertex 23.5613 17.4276 0
      vertex 23.6485 17.3485 0
    endloop
  endfacet
  facet normal 0 0 1
    outer loop
      vertex 23.2592 17.6087 0
      vertex 23.7567 18.8097 0
      vertex 23.5257 18.8923 0
    endloop
  endfacet
  facet normal 0 0 1
    outer loop
      vertex 24.1889 18.5787 0
      vertex 23.4667 17.4978 0
      vertex 23.5613 17.4276 0
    endloop
  endfacet
  facet normal 0 0 1
    outer loop
      vertex 23.9785 18.7048 0
      vertex 23.3657 17.5583 0
      vertex 23.4667 17.4978 0
    endloop
  endfacet
  facet normal 0 0 1
    outer loop
      vertex 23.1483 17.6483 0
      vertex 23.5257 18.8923 0
      vertex 23.2877 18.952 0
    endloop
  endfacet
  facet normal 0 0 1
    outer loop
      vertex 23.7567 18.8097 0
      vertex 23.2592 17.6087 0
      vertex 23.3657 17.5583 0
    endloop
  endfacet
  facet normal 0 0 1
    outer loop
      vertex 23.5257 18.8923 0
      vertex 23.1483 17.6483 0
      vertex 23.2592 17.6087 0
    endloop
  endfacet
  facet normal 0 0 1
    outer loop
      vertex 23.0341 17.6769 0
      vertex 23.2877 18.952 0
      vertex 23.045 18.988 0
    endloop
  endfacet
  facet normal 0 0 1
    outer loop
      vertex 23.2877 18.952 0
      vertex 23.0341 17.6769 0
      vertex 23.1483 17.6483 0
    endloop
  endfacet
  facet normal 0 0 1
    outer loop
      vertex 23.045 18.988 0
      vertex 22.9176 17.6942 0
      vertex 23.0341 17.6769 0
    endloop
  endfacet
  facet normal 0 0 1
    outer loop
      vertex 22.8 19 0
      vertex 22.9176 17.6942 0
      vertex 23.045 18.988 0
    endloop
  endfacet
  facet normal 0 0 1
    outer loop
      vertex 22.8 19 0
      vertex 22.8 17.7 0
      vertex 22.9176 17.6942 0
    endloop
  endfacet
  facet normal 0 0 1
    outer loop
      vertex 22.8 19 0
      vertex 22.6824 17.6942 0
      vertex 22.8 17.7 0
    endloop
  endfacet
  facet normal -0 0 1
    outer loop
      vertex 22.555 18.988 0
      vertex 22.6824 17.6942 0
      vertex 22.8 19 0
    endloop
  endfacet
  facet normal 0 0 1
    outer loop
      vertex 22.6824 17.6942 0
      vertex 22.555 18.988 0
      vertex 22.5659 17.6769 0
    endloop
  endfacet
  facet normal -0 0 1
    outer loop
      vertex 22.3123 18.952 0
      vertex 22.5659 17.6769 0
      vertex 22.555 18.988 0
    endloop
  endfacet
  facet normal 0 0 1
    outer loop
      vertex 22.5659 17.6769 0
      vertex 22.3123 18.952 0
      vertex 22.4517 17.6483 0
    endloop
  endfacet
  facet normal -0 0 1
    outer loop
      vertex 22.0743 18.8923 0
      vertex 22.4517 17.6483 0
      vertex 22.3123 18.952 0
    endloop
  endfacet
  facet normal 0 0 1
    outer loop
      vertex 22.4517 17.6483 0
      vertex 22.0743 18.8923 0
      vertex 22.3408 17.6087 0
    endloop
  endfacet
  facet normal -0 0 1
    outer loop
      vertex 21.8433 18.8097 0
      vertex 22.3408 17.6087 0
      vertex 22.0743 18.8923 0
    endloop
  endfacet
  facet normal 0 0 1
    outer loop
      vertex 22.3408 17.6087 0
      vertex 21.8433 18.8097 0
      vertex 22.2343 17.5583 0
    endloop
  endfacet
  facet normal -0 0 1
    outer loop
      vertex 21.6215 18.7048 0
      vertex 22.2343 17.5583 0
      vertex 21.8433 18.8097 0
    endloop
  endfacet
  facet normal 0 0 1
    outer loop
      vertex 22.2343 17.5583 0
      vertex 21.6215 18.7048 0
      vertex 22.1333 17.4978 0
    endloop
  endfacet
  facet normal -0 0 1
    outer loop
      vertex 21.4111 18.5787 0
      vertex 22.1333 17.4978 0
      vertex 21.6215 18.7048 0
    endloop
  endfacet
  facet normal 0 0 1
    outer loop
      vertex 22.1333 17.4978 0
      vertex 21.4111 18.5787 0
      vertex 22.0387 17.4276 0
    endloop
  endfacet
  facet normal -0 0 1
    outer loop
      vertex 21.214 18.4325 0
      vertex 22.0387 17.4276 0
      vertex 21.4111 18.5787 0
    endloop
  endfacet
  facet normal 0 0 1
    outer loop
      vertex 22.0387 17.4276 0
      vertex 21.214 18.4325 0
      vertex 21.9515 17.3485 0
    endloop
  endfacet
  facet normal -0 0 1
    outer loop
      vertex 21.0322 18.2678 0
      vertex 21.9515 17.3485 0
      vertex 21.214 18.4325 0
    endloop
  endfacet
  facet normal 0 0 1
    outer loop
      vertex 21.9515 17.3485 0
      vertex 21.0322 18.2678 0
      vertex 21.8724 17.2613 0
    endloop
  endfacet
  facet normal -0 0 1
    outer loop
      vertex 20.8675 18.086 0
      vertex 21.8724 17.2613 0
      vertex 21.0322 18.2678 0
    endloop
  endfacet
  facet normal 0 0 1
    outer loop
      vertex 21.8724 17.2613 0
      vertex 20.8675 18.086 0
      vertex 21.8022 17.1667 0
    endloop
  endfacet
  facet normal -0 0 1
    outer loop
      vertex 20.7213 17.8889 0
      vertex 21.8022 17.1667 0
      vertex 20.8675 18.086 0
    endloop
  endfacet
  facet normal 0 0 1
    outer loop
      vertex 21.8022 17.1667 0
      vertex 20.7213 17.8889 0
      vertex 21.7417 17.0657 0
    endloop
  endfacet
  facet normal -0 0 1
    outer loop
      vertex 20.5952 17.6785 0
      vertex 21.7417 17.0657 0
      vertex 20.7213 17.8889 0
    endloop
  endfacet
  facet normal 0 0 1
    outer loop
      vertex 25.0048 15.3215 0
      vertex 23.8583 15.9343 0
      vertex 24.8787 15.1111 0
    endloop
  endfacet
  facet normal -0 0 1
    outer loop
      vertex 23.7978 15.8333 0
      vertex 24.8787 15.1111 0
      vertex 23.8583 15.9343 0
    endloop
  endfacet
  facet normal 0 0 1
    outer loop
      vertex 24.8787 15.1111 0
      vertex 23.7978 15.8333 0
      vertex 24.7325 14.914 0
    endloop
  endfacet
  facet normal -0 0 1
    outer loop
      vertex 23.7276 15.7387 0
      vertex 24.7325 14.914 0
      vertex 23.7978 15.8333 0
    endloop
  endfacet
  facet normal 0 0 1
    outer loop
      vertex 24.7325 14.914 0
      vertex 23.7276 15.7387 0
      vertex 24.5678 14.7322 0
    endloop
  endfacet
  facet normal -0 0 1
    outer loop
      vertex 23.6485 15.6515 0
      vertex 24.5678 14.7322 0
      vertex 23.7276 15.7387 0
    endloop
  endfacet
  facet normal 0 0 1
    outer loop
      vertex 24.5678 14.7322 0
      vertex 23.6485 15.6515 0
      vertex 24.386 14.5675 0
    endloop
  endfacet
  facet normal -0 0 1
    outer loop
      vertex 23.5613 15.5724 0
      vertex 24.386 14.5675 0
      vertex 23.6485 15.6515 0
    endloop
  endfacet
  facet normal 0 0 1
    outer loop
      vertex 24.386 14.5675 0
      vertex 23.5613 15.5724 0
      vertex 24.1889 14.4213 0
    endloop
  endfacet
  facet normal -0 0 1
    outer loop
      vertex 23.4667 15.5022 0
      vertex 24.1889 14.4213 0
      vertex 23.5613 15.5724 0
    endloop
  endfacet
  facet normal 0 0 1
    outer loop
      vertex 24.1889 14.4213 0
      vertex 23.4667 15.5022 0
      vertex 23.9785 14.2952 0
    endloop
  endfacet
  facet normal -0 0 1
    outer loop
      vertex 23.3657 15.4417 0
      vertex 23.9785 14.2952 0
      vertex 23.4667 15.5022 0
    endloop
  endfacet
  facet normal 0 0 1
    outer loop
      vertex 23.9785 14.2952 0
      vertex 23.3657 15.4417 0
      vertex 23.7567 14.1903 0
    endloop
  endfacet
  facet normal -0 0 1
    outer loop
      vertex 23.2592 15.3913 0
      vertex 23.7567 14.1903 0
      vertex 23.3657 15.4417 0
    endloop
  endfacet
  facet normal 0 0 1
    outer loop
      vertex 23.7567 14.1903 0
      vertex 23.2592 15.3913 0
      vertex 23.5257 14.1076 0
    endloop
  endfacet
  facet normal -0 0 1
    outer loop
      vertex 23.1483 15.3517 0
      vertex 23.5257 14.1076 0
      vertex 23.2592 15.3913 0
    endloop
  endfacet
  facet normal 0 0 1
    outer loop
      vertex 23.5257 14.1076 0
      vertex 23.1483 15.3517 0
      vertex 23.2877 14.048 0
    endloop
  endfacet
  facet normal -0 0 1
    outer loop
      vertex 23.0341 15.3231 0
      vertex 23.2877 14.048 0
      vertex 23.1483 15.3517 0
    endloop
  endfacet
  facet normal 0 0 1
    outer loop
      vertex 23.2877 14.048 0
      vertex 23.0341 15.3231 0
      vertex 23.045 14.012 0
    endloop
  endfacet
  facet normal -0 0 1
    outer loop
      vertex 22.9176 15.3058 0
      vertex 23.045 14.012 0
      vertex 23.0341 15.3231 0
    endloop
  endfacet
  facet normal -0 0 1
    outer loop
      vertex 22.8 15.3 0
      vertex 23.045 14.012 0
      vertex 22.9176 15.3058 0
    endloop
  endfacet
  facet normal 0 0 1
    outer loop
      vertex 22.8 15.3 0
      vertex 22.8 14 0
      vertex 23.045 14.012 0
    endloop
  endfacet
  facet normal 0 0 1
    outer loop
      vertex 22.6824 15.3058 0
      vertex 22.8 14 0
      vertex 22.8 15.3 0
    endloop
  endfacet
  facet normal 0 0 1
    outer loop
      vertex 22.555 14.012 0
      vertex 22.6824 15.3058 0
      vertex 22.5659 15.3231 0
    endloop
  endfacet
  facet normal 0 0 1
    outer loop
      vertex 22.6824 15.3058 0
      vertex 22.555 14.012 0
      vertex 22.8 14 0
    endloop
  endfacet
  facet normal 0 0 1
    outer loop
      vertex 22.3123 14.048 0
      vertex 22.5659 15.3231 0
      vertex 22.4517 15.3517 0
    endloop
  endfacet
  facet normal 0 0 1
    outer loop
      vertex 22.0743 14.1076 0
      vertex 22.4517 15.3517 0
      vertex 22.3408 15.3913 0
    endloop
  endfacet
  facet normal 0 0 1
    outer loop
      vertex 22.5659 15.3231 0
      vertex 22.3123 14.048 0
      vertex 22.555 14.012 0
    endloop
  endfacet
  facet normal 0 0 1
    outer loop
      vertex 21.8433 14.1903 0
      vertex 22.3408 15.3913 0
      vertex 22.2343 15.4417 0
    endloop
  endfacet
  facet normal 0 0 1
    outer loop
      vertex 21.6215 14.2952 0
      vertex 22.2343 15.4417 0
      vertex 22.1333 15.5022 0
    endloop
  endfacet
  facet normal 0 0 1
    outer loop
      vertex 22.4517 15.3517 0
      vertex 22.0743 14.1076 0
      vertex 22.3123 14.048 0
    endloop
  endfacet
  facet normal 0 0 1
    outer loop
      vertex 21.4111 14.4213 0
      vertex 22.1333 15.5022 0
      vertex 22.0387 15.5724 0
    endloop
  endfacet
  facet normal 0 0 1
    outer loop
      vertex 21.214 14.5675 0
      vertex 22.0387 15.5724 0
      vertex 21.9515 15.6515 0
    endloop
  endfacet
  facet normal 0 0 1
    outer loop
      vertex 21.0322 14.7322 0
      vertex 21.9515 15.6515 0
      vertex 21.8724 15.7387 0
    endloop
  endfacet
  facet normal 0 0 1
    outer loop
      vertex 22.3408 15.3913 0
      vertex 21.8433 14.1903 0
      vertex 22.0743 14.1076 0
    endloop
  endfacet
  facet normal 0 0 1
    outer loop
      vertex 20.8675 14.914 0
      vertex 21.8724 15.7387 0
      vertex 21.8022 15.8333 0
    endloop
  endfacet
  facet normal 0 0 1
    outer loop
      vertex 20.7213 15.1111 0
      vertex 21.8022 15.8333 0
      vertex 21.7417 15.9343 0
    endloop
  endfacet
  facet normal 0 0 1
    outer loop
      vertex 20.5952 15.3215 0
      vertex 21.7417 15.9343 0
      vertex 21.6913 16.0408 0
    endloop
  endfacet
  facet normal 0 0 1
    outer loop
      vertex 20.4903 15.5433 0
      vertex 21.6913 16.0408 0
      vertex 21.6517 16.1517 0
    endloop
  endfacet
  facet normal 0 0 1
    outer loop
      vertex 20.4076 15.7743 0
      vertex 21.6517 16.1517 0
      vertex 21.6231 16.2659 0
    endloop
  endfacet
  facet normal 0 0 1
    outer loop
      vertex 22.2343 15.4417 0
      vertex 21.6215 14.2952 0
      vertex 21.8433 14.1903 0
    endloop
  endfacet
  facet normal 0 0 1
    outer loop
      vertex 20.348 16.0123 0
      vertex 21.6231 16.2659 0
      vertex 21.6058 16.3824 0
    endloop
  endfacet
  facet normal 0 0 1
    outer loop
      vertex 20.312 16.255 0
      vertex 21.6058 16.3824 0
      vertex 21.6 16.5 0
    endloop
  endfacet
  facet normal 0 0 1
    outer loop
      vertex 21.7417 17.0657 0
      vertex 20.5952 17.6785 0
      vertex 21.6913 16.9592 0
    endloop
  endfacet
  facet normal 0 0 1
    outer loop
      vertex 22.1333 15.5022 0
      vertex 21.4111 14.4213 0
      vertex 21.6215 14.2952 0
    endloop
  endfacet
  facet normal -0 0 1
    outer loop
      vertex 20.4903 17.4567 0
      vertex 21.6913 16.9592 0
      vertex 20.5952 17.6785 0
    endloop
  endfacet
  facet normal 0 0 1
    outer loop
      vertex 22.0387 15.5724 0
      vertex 21.214 14.5675 0
      vertex 21.4111 14.4213 0
    endloop
  endfacet
  facet normal 0 0 1
    outer loop
      vertex 21.6913 16.9592 0
      vertex 20.4903 17.4567 0
      vertex 21.6517 16.8483 0
    endloop
  endfacet
  facet normal 0 0 1
    outer loop
      vertex 21.9515 15.6515 0
      vertex 21.0322 14.7322 0
      vertex 21.214 14.5675 0
    endloop
  endfacet
  facet normal -0 0 1
    outer loop
      vertex 20.4076 17.2257 0
      vertex 21.6517 16.8483 0
      vertex 20.4903 17.4567 0
    endloop
  endfacet
  facet normal 0 0 1
    outer loop
      vertex 21.8724 15.7387 0
      vertex 20.8675 14.914 0
      vertex 21.0322 14.7322 0
    endloop
  endfacet
  facet normal 0 0 1
    outer loop
      vertex 21.6517 16.8483 0
      vertex 20.4076 17.2257 0
      vertex 21.6231 16.7341 0
    endloop
  endfacet
  facet normal 0 0 1
    outer loop
      vertex 21.8022 15.8333 0
      vertex 20.7213 15.1111 0
      vertex 20.8675 14.914 0
    endloop
  endfacet
  facet normal -0 0 1
    outer loop
      vertex 20.348 16.9877 0
      vertex 21.6231 16.7341 0
      vertex 20.4076 17.2257 0
    endloop
  endfacet
  facet normal 0 0 1
    outer loop
      vertex 21.7417 15.9343 0
      vertex 20.5952 15.3215 0
      vertex 20.7213 15.1111 0
    endloop
  endfacet
  facet normal 0 0 1
    outer loop
      vertex 21.6231 16.7341 0
      vertex 20.348 16.9877 0
      vertex 21.6058 16.6176 0
    endloop
  endfacet
  facet normal 0 0 1
    outer loop
      vertex 21.6913 16.0408 0
      vertex 20.4903 15.5433 0
      vertex 20.5952 15.3215 0
    endloop
  endfacet
  facet normal -0 0 1
    outer loop
      vertex 20.312 16.745 0
      vertex 21.6058 16.6176 0
      vertex 20.348 16.9877 0
    endloop
  endfacet
  facet normal 0 0 1
    outer loop
      vertex 21.6517 16.1517 0
      vertex 20.4076 15.7743 0
      vertex 20.4903 15.5433 0
    endloop
  endfacet
  facet normal 0 0 1
    outer loop
      vertex 21.6058 16.6176 0
      vertex 20.312 16.745 0
      vertex 21.6 16.5 0
    endloop
  endfacet
  facet normal 0 0 1
    outer loop
      vertex 21.6231 16.2659 0
      vertex 20.348 16.0123 0
      vertex 20.4076 15.7743 0
    endloop
  endfacet
  facet normal 0 0 1
    outer loop
      vertex 20.3 16.5 0
      vertex 21.6 16.5 0
      vertex 20.312 16.745 0
    endloop
  endfacet
  facet normal 0 0 1
    outer loop
      vertex 21.6058 16.3824 0
      vertex 20.312 16.255 0
      vertex 20.348 16.0123 0
    endloop
  endfacet
  facet normal 0 0 1
    outer loop
      vertex 21.6 16.5 0
      vertex 20.3 16.5 0
      vertex 20.312 16.255 0
    endloop
  endfacet
  facet normal 0.337059 -0.941483 0
    outer loop
      vertex 23.5257 14.1076 -3
      vertex 23.7567 14.1903 0
      vertex 23.5257 14.1076 0
    endloop
  endfacet
  facet normal 0.337059 -0.941483 0
    outer loop
      vertex 23.7567 14.1903 0
      vertex 23.5257 14.1076 -3
      vertex 23.7567 14.1903 -3
    endloop
  endfacet
  facet normal -0.970047 0.242919 0
    outer loop
      vertex 20.348 16.9877 -3
      vertex 20.4076 17.2257 0
      vertex 20.4076 17.2257 -3
    endloop
  endfacet
  facet normal -0.970047 0.242919 0
    outer loop
      vertex 20.4076 17.2257 0
      vertex 20.348 16.9877 -3
      vertex 20.348 16.9877 0
    endloop
  endfacet
  facet normal -0.671394 0.741101 0
    outer loop
      vertex 21.214 18.4325 -3
      vertex 21.0322 18.2678 0
      vertex 21.214 18.4325 0
    endloop
  endfacet
  facet normal -0.671394 0.741101 0
    outer loop
      vertex 21.0322 18.2678 0
      vertex 21.214 18.4325 -3
      vertex 21.0322 18.2678 -3
    endloop
  endfacet
  facet normal -0.514076 0.857745 0
    outer loop
      vertex 21.6215 18.7048 -3
      vertex 21.4111 18.5787 0
      vertex 21.6215 18.7048 0
    endloop
  endfacet
  facet normal -0.514076 0.857745 0
    outer loop
      vertex 21.4111 18.5787 0
      vertex 21.6215 18.7048 -3
      vertex 21.4111 18.5787 -3
    endloop
  endfacet
  facet normal 0.146726 -0.989177 0
    outer loop
      vertex 23.045 14.012 -3
      vertex 23.2877 14.048 0
      vertex 23.045 14.012 0
    endloop
  endfacet
  facet normal 0.146726 -0.989177 0
    outer loop
      vertex 23.2877 14.048 0
      vertex 23.045 14.012 -3
      vertex 23.2877 14.048 -3
    endloop
  endfacet
  facet normal -0.803167 0.595754 0
    outer loop
      vertex 20.7213 17.8889 -3
      vertex 20.8675 18.086 0
      vertex 20.8675 18.086 -3
    endloop
  endfacet
  facet normal -0.803167 0.595754 0
    outer loop
      vertex 20.8675 18.086 0
      vertex 20.7213 17.8889 -3
      vertex 20.7213 17.8889 0
    endloop
  endfacet
  facet normal 0.903995 0.427543 0
    outer loop
      vertex 25.1097 17.4567 0
      vertex 25.0048 17.6785 -3
      vertex 25.0048 17.6785 0
    endloop
  endfacet
  facet normal 0.903995 0.427543 0
    outer loop
      vertex 25.0048 17.6785 -3
      vertex 25.1097 17.4567 0
      vertex 25.1097 17.4567 -3
    endloop
  endfacet
  facet normal -0.941483 0.337059 0
    outer loop
      vertex 20.4076 17.2257 -3
      vertex 20.4903 17.4567 0
      vertex 20.4903 17.4567 -3
    endloop
  endfacet
  facet normal -0.941483 0.337059 0
    outer loop
      vertex 20.4903 17.4567 0
      vertex 20.4076 17.2257 -3
      vertex 20.4076 17.2257 0
    endloop
  endfacet
  facet normal -0.337059 -0.941483 0
    outer loop
      vertex 21.8433 14.1903 -3
      vertex 22.0743 14.1076 0
      vertex 21.8433 14.1903 0
    endloop
  endfacet
  facet normal -0.337059 -0.941483 -0
    outer loop
      vertex 22.0743 14.1076 0
      vertex 21.8433 14.1903 -3
      vertex 22.0743 14.1076 -3
    endloop
  endfacet
  facet normal 0.595754 0.803167 -0
    outer loop
      vertex 24.386 18.4325 -3
      vertex 24.1889 18.5787 0
      vertex 24.386 18.4325 0
    endloop
  endfacet
  facet normal 0.595754 0.803167 0
    outer loop
      vertex 24.1889 18.5787 0
      vertex 24.386 18.4325 -3
      vertex 24.1889 18.5787 -3
    endloop
  endfacet
  facet normal -0.903995 0.427543 0
    outer loop
      vertex 20.4903 17.4567 -3
      vertex 20.5952 17.6785 0
      vertex 20.5952 17.6785 -3
    endloop
  endfacet
  facet normal -0.903995 0.427543 0
    outer loop
      vertex 20.5952 17.6785 0
      vertex 20.4903 17.4567 -3
      vertex 20.4903 17.4567 0
    endloop
  endfacet
  facet normal 0.803167 -0.595754 0
    outer loop
      vertex 24.7325 14.914 0
      vertex 24.8787 15.1111 -3
      vertex 24.8787 15.1111 0
    endloop
  endfacet
  facet normal 0.803167 -0.595754 0
    outer loop
      vertex 24.8787 15.1111 -3
      vertex 24.7325 14.914 0
      vertex 24.7325 14.914 -3
    endloop
  endfacet
  facet normal 0.146726 0.989177 -0
    outer loop
      vertex 23.2877 18.952 -3
      vertex 23.045 18.988 0
      vertex 23.2877 18.952 0
    endloop
  endfacet
  facet normal 0.146726 0.989177 0
    outer loop
      vertex 23.045 18.988 0
      vertex 23.2877 18.952 -3
      vertex 23.045 18.988 -3
    endloop
  endfacet
  facet normal -0.989177 0.146726 0
    outer loop
      vertex 20.312 16.745 -3
      vertex 20.348 16.9877 0
      vertex 20.348 16.9877 -3
    endloop
  endfacet
  facet normal -0.989177 0.146726 0
    outer loop
      vertex 20.348 16.9877 0
      vertex 20.312 16.745 -3
      vertex 20.312 16.745 0
    endloop
  endfacet
  facet normal 0.803167 0.595754 0
    outer loop
      vertex 24.8787 17.8889 0
      vertex 24.7325 18.086 -3
      vertex 24.7325 18.086 0
    endloop
  endfacet
  facet normal 0.803167 0.595754 0
    outer loop
      vertex 24.7325 18.086 -3
      vertex 24.8787 17.8889 0
      vertex 24.8787 17.8889 -3
    endloop
  endfacet
  facet normal 0.0489209 0.998803 -0
    outer loop
      vertex 23.045 18.988 -3
      vertex 22.8 19 0
      vertex 23.045 18.988 0
    endloop
  endfacet
  facet normal 0.0489209 0.998803 0
    outer loop
      vertex 22.8 19 0
      vertex 23.045 18.988 -3
      vertex 22.8 19 -3
    endloop
  endfacet
  facet normal -0.857745 -0.514076 0
    outer loop
      vertex 20.7213 15.1111 -3
      vertex 20.5952 15.3215 0
      vertex 20.5952 15.3215 -3
    endloop
  endfacet
  facet normal -0.857745 -0.514076 0
    outer loop
      vertex 20.5952 15.3215 0
      vertex 20.7213 15.1111 -3
      vertex 20.7213 15.1111 0
    endloop
  endfacet
  facet normal -0.941483 -0.337059 0
    outer loop
      vertex 20.4903 15.5433 -3
      vertex 20.4076 15.7743 0
      vertex 20.4076 15.7743 -3
    endloop
  endfacet
  facet normal -0.941483 -0.337059 0
    outer loop
      vertex 20.4076 15.7743 0
      vertex 20.4903 15.5433 -3
      vertex 20.4903 15.5433 0
    endloop
  endfacet
  facet normal -0.427543 0.903995 0
    outer loop
      vertex 21.8433 18.8097 -3
      vertex 21.6215 18.7048 0
      vertex 21.8433 18.8097 0
    endloop
  endfacet
  facet normal -0.427543 0.903995 0
    outer loop
      vertex 21.6215 18.7048 0
      vertex 21.8433 18.8097 -3
      vertex 21.6215 18.7048 -3
    endloop
  endfacet
  facet normal 0.903995 -0.427543 0
    outer loop
      vertex 25.0048 15.3215 0
      vertex 25.1097 15.5433 -3
      vertex 25.1097 15.5433 0
    endloop
  endfacet
  facet normal 0.903995 -0.427543 0
    outer loop
      vertex 25.1097 15.5433 -3
      vertex 25.0048 15.3215 0
      vertex 25.0048 15.3215 -3
    endloop
  endfacet
  facet normal -0.595754 -0.803167 0
    outer loop
      vertex 21.214 14.5675 -3
      vertex 21.4111 14.4213 0
      vertex 21.214 14.5675 0
    endloop
  endfacet
  facet normal -0.595754 -0.803167 -0
    outer loop
      vertex 21.4111 14.4213 0
      vertex 21.214 14.5675 -3
      vertex 21.4111 14.4213 -3
    endloop
  endfacet
  facet normal -0.857745 0.514076 0
    outer loop
      vertex 20.5952 17.6785 -3
      vertex 20.7213 17.8889 0
      vertex 20.7213 17.8889 -3
    endloop
  endfacet
  facet normal -0.857745 0.514076 0
    outer loop
      vertex 20.7213 17.8889 0
      vertex 20.5952 17.6785 -3
      vertex 20.5952 17.6785 0
    endloop
  endfacet
  facet normal 0.998803 -0.0489209 0
    outer loop
      vertex 25.288 16.255 0
      vertex 25.3 16.5 -3
      vertex 25.3 16.5 0
    endloop
  endfacet
  facet normal 0.998803 -0.0489209 0
    outer loop
      vertex 25.3 16.5 -3
      vertex 25.288 16.255 0
      vertex 25.288 16.255 -3
    endloop
  endfacet
  facet normal 0.941483 -0.337059 0
    outer loop
      vertex 25.1097 15.5433 0
      vertex 25.1924 15.7743 -3
      vertex 25.1924 15.7743 0
    endloop
  endfacet
  facet normal 0.941483 -0.337059 0
    outer loop
      vertex 25.1924 15.7743 -3
      vertex 25.1097 15.5433 0
      vertex 25.1097 15.5433 -3
    endloop
  endfacet
  facet normal 0.242919 -0.970047 0
    outer loop
      vertex 23.2877 14.048 -3
      vertex 23.5257 14.1076 0
      vertex 23.2877 14.048 0
    endloop
  endfacet
  facet normal 0.242919 -0.970047 0
    outer loop
      vertex 23.5257 14.1076 0
      vertex 23.2877 14.048 -3
      vertex 23.5257 14.1076 -3
    endloop
  endfacet
  facet normal 0.857745 0.514076 0
    outer loop
      vertex 25.0048 17.6785 0
      vertex 24.8787 17.8889 -3
      vertex 24.8787 17.8889 0
    endloop
  endfacet
  facet normal 0.857745 0.514076 0
    outer loop
      vertex 24.8787 17.8889 -3
      vertex 25.0048 17.6785 0
      vertex 25.0048 17.6785 -3
    endloop
  endfacet
  facet normal 0.941483 0.337059 0
    outer loop
      vertex 25.1924 17.2257 0
      vertex 25.1097 17.4567 -3
      vertex 25.1097 17.4567 0
    endloop
  endfacet
  facet normal 0.941483 0.337059 0
    outer loop
      vertex 25.1097 17.4567 -3
      vertex 25.1924 17.2257 0
      vertex 25.1924 17.2257 -3
    endloop
  endfacet
  facet normal -0.998803 -0.0489209 0
    outer loop
      vertex 20.312 16.255 -3
      vertex 20.3 16.5 0
      vertex 20.3 16.5 -3
    endloop
  endfacet
  facet normal -0.998803 -0.0489209 0
    outer loop
      vertex 20.3 16.5 0
      vertex 20.312 16.255 -3
      vertex 20.312 16.255 0
    endloop
  endfacet
  facet normal 0.989177 -0.146726 0
    outer loop
      vertex 25.252 16.0123 0
      vertex 25.288 16.255 -3
      vertex 25.288 16.255 0
    endloop
  endfacet
  facet normal 0.989177 -0.146726 0
    outer loop
      vertex 25.288 16.255 -3
      vertex 25.252 16.0123 0
      vertex 25.252 16.0123 -3
    endloop
  endfacet
  facet normal -0.671394 -0.741101 0
    outer loop
      vertex 21.0322 14.7322 -3
      vertex 21.214 14.5675 0
      vertex 21.0322 14.7322 0
    endloop
  endfacet
  facet normal -0.671394 -0.741101 -0
    outer loop
      vertex 21.214 14.5675 0
      vertex 21.0322 14.7322 -3
      vertex 21.214 14.5675 -3
    endloop
  endfacet
  facet normal 0.970047 -0.242919 0
    outer loop
      vertex 25.1924 15.7743 0
      vertex 25.252 16.0123 -3
      vertex 25.252 16.0123 0
    endloop
  endfacet
  facet normal 0.970047 -0.242919 0
    outer loop
      vertex 25.252 16.0123 -3
      vertex 25.1924 15.7743 0
      vertex 25.1924 15.7743 -3
    endloop
  endfacet
  facet normal 0.671394 0.741101 -0
    outer loop
      vertex 24.5678 18.2678 -3
      vertex 24.386 18.4325 0
      vertex 24.5678 18.2678 0
    endloop
  endfacet
  facet normal 0.671394 0.741101 0
    outer loop
      vertex 24.386 18.4325 0
      vertex 24.5678 18.2678 -3
      vertex 24.386 18.4325 -3
    endloop
  endfacet
  facet normal 0.336698 0.941613 -0
    outer loop
      vertex 23.7567 18.8097 -3
      vertex 23.5257 18.8923 0
      vertex 23.7567 18.8097 0
    endloop
  endfacet
  facet normal 0.336698 0.941613 0
    outer loop
      vertex 23.5257 18.8923 0
      vertex 23.7567 18.8097 -3
      vertex 23.5257 18.8923 -3
    endloop
  endfacet
  facet normal -0.336698 0.941613 0
    outer loop
      vertex 22.0743 18.8923 -3
      vertex 21.8433 18.8097 0
      vertex 22.0743 18.8923 0
    endloop
  endfacet
  facet normal -0.336698 0.941613 0
    outer loop
      vertex 21.8433 18.8097 0
      vertex 22.0743 18.8923 -3
      vertex 21.8433 18.8097 -3
    endloop
  endfacet
  facet normal -0.514076 -0.857745 0
    outer loop
      vertex 21.4111 14.4213 -3
      vertex 21.6215 14.2952 0
      vertex 21.4111 14.4213 0
    endloop
  endfacet
  facet normal -0.514076 -0.857745 -0
    outer loop
      vertex 21.6215 14.2952 0
      vertex 21.4111 14.4213 -3
      vertex 21.6215 14.2952 -3
    endloop
  endfacet
  facet normal 0.857745 -0.514076 0
    outer loop
      vertex 24.8787 15.1111 0
      vertex 25.0048 15.3215 -3
      vertex 25.0048 15.3215 0
    endloop
  endfacet
  facet normal 0.857745 -0.514076 0
    outer loop
      vertex 25.0048 15.3215 -3
      vertex 24.8787 15.1111 0
      vertex 24.8787 15.1111 -3
    endloop
  endfacet
  facet normal 0.427543 0.903995 -0
    outer loop
      vertex 23.9785 18.7048 -3
      vertex 23.7567 18.8097 0
      vertex 23.9785 18.7048 0
    endloop
  endfacet
  facet normal 0.427543 0.903995 0
    outer loop
      vertex 23.7567 18.8097 0
      vertex 23.9785 18.7048 -3
      vertex 23.7567 18.8097 -3
    endloop
  endfacet
  facet normal -0.146726 -0.989177 0
    outer loop
      vertex 22.3123 14.048 -3
      vertex 22.555 14.012 0
      vertex 22.3123 14.048 0
    endloop
  endfacet
  facet normal -0.146726 -0.989177 -0
    outer loop
      vertex 22.555 14.012 0
      vertex 22.3123 14.048 -3
      vertex 22.555 14.012 -3
    endloop
  endfacet
  facet normal -0.595754 0.803167 0
    outer loop
      vertex 21.4111 18.5787 -3
      vertex 21.214 18.4325 0
      vertex 21.4111 18.5787 0
    endloop
  endfacet
  facet normal -0.595754 0.803167 0
    outer loop
      vertex 21.214 18.4325 0
      vertex 21.4111 18.5787 -3
      vertex 21.214 18.4325 -3
    endloop
  endfacet
  facet normal -0.0489209 -0.998803 0
    outer loop
      vertex 22.555 14.012 -3
      vertex 22.8 14 0
      vertex 22.555 14.012 0
    endloop
  endfacet
  facet normal -0.0489209 -0.998803 -0
    outer loop
      vertex 22.8 14 0
      vertex 22.555 14.012 -3
      vertex 22.8 14 -3
    endloop
  endfacet
  facet normal -0.741101 0.671394 0
    outer loop
      vertex 20.8675 18.086 -3
      vertex 21.0322 18.2678 0
      vertex 21.0322 18.2678 -3
    endloop
  endfacet
  facet normal -0.741101 0.671394 0
    outer loop
      vertex 21.0322 18.2678 0
      vertex 20.8675 18.086 -3
      vertex 20.8675 18.086 0
    endloop
  endfacet
  facet normal 0.0489209 -0.998803 0
    outer loop
      vertex 22.8 14 -3
      vertex 23.045 14.012 0
      vertex 22.8 14 0
    endloop
  endfacet
  facet normal 0.0489209 -0.998803 0
    outer loop
      vertex 23.045 14.012 0
      vertex 22.8 14 -3
      vertex 23.045 14.012 -3
    endloop
  endfacet
  facet normal -0.146726 0.989177 0
    outer loop
      vertex 22.555 18.988 -3
      vertex 22.3123 18.952 0
      vertex 22.555 18.988 0
    endloop
  endfacet
  facet normal -0.146726 0.989177 0
    outer loop
      vertex 22.3123 18.952 0
      vertex 22.555 18.988 -3
      vertex 22.3123 18.952 -3
    endloop
  endfacet
  facet normal -0.242919 -0.970047 0
    outer loop
      vertex 22.0743 14.1076 -3
      vertex 22.3123 14.048 0
      vertex 22.0743 14.1076 0
    endloop
  endfacet
  facet normal -0.242919 -0.970047 -0
    outer loop
      vertex 22.3123 14.048 0
      vertex 22.0743 14.1076 -3
      vertex 22.3123 14.048 -3
    endloop
  endfacet
  facet normal 0.671394 -0.741101 0
    outer loop
      vertex 24.386 14.5675 -3
      vertex 24.5678 14.7322 0
      vertex 24.386 14.5675 0
    endloop
  endfacet
  facet normal 0.671394 -0.741101 0
    outer loop
      vertex 24.5678 14.7322 0
      vertex 24.386 14.5675 -3
      vertex 24.5678 14.7322 -3
    endloop
  endfacet
  facet normal 0.243303 0.96995 -0
    outer loop
      vertex 23.5257 18.8923 -3
      vertex 23.2877 18.952 0
      vertex 23.5257 18.8923 0
    endloop
  endfacet
  facet normal 0.243303 0.96995 0
    outer loop
      vertex 23.2877 18.952 0
      vertex 23.5257 18.8923 -3
      vertex 23.2877 18.952 -3
    endloop
  endfacet
  facet normal -0.970047 -0.242919 0
    outer loop
      vertex 20.4076 15.7743 -3
      vertex 20.348 16.0123 0
      vertex 20.348 16.0123 -3
    endloop
  endfacet
  facet normal -0.970047 -0.242919 0
    outer loop
      vertex 20.348 16.0123 0
      vertex 20.4076 15.7743 -3
      vertex 20.4076 15.7743 0
    endloop
  endfacet
  facet normal -0.427543 -0.903995 0
    outer loop
      vertex 21.6215 14.2952 -3
      vertex 21.8433 14.1903 0
      vertex 21.6215 14.2952 0
    endloop
  endfacet
  facet normal -0.427543 -0.903995 -0
    outer loop
      vertex 21.8433 14.1903 0
      vertex 21.6215 14.2952 -3
      vertex 21.8433 14.1903 -3
    endloop
  endfacet
  facet normal -0.741101 -0.671394 0
    outer loop
      vertex 21.0322 14.7322 -3
      vertex 20.8675 14.914 0
      vertex 20.8675 14.914 -3
    endloop
  endfacet
  facet normal -0.741101 -0.671394 0
    outer loop
      vertex 20.8675 14.914 0
      vertex 21.0322 14.7322 -3
      vertex 21.0322 14.7322 0
    endloop
  endfacet
  facet normal 0.427543 -0.903995 0
    outer loop
      vertex 23.7567 14.1903 -3
      vertex 23.9785 14.2952 0
      vertex 23.7567 14.1903 0
    endloop
  endfacet
  facet normal 0.427543 -0.903995 0
    outer loop
      vertex 23.9785 14.2952 0
      vertex 23.7567 14.1903 -3
      vertex 23.9785 14.2952 -3
    endloop
  endfacet
  facet normal -0.0489209 0.998803 0
    outer loop
      vertex 22.8 19 -3
      vertex 22.555 18.988 0
      vertex 22.8 19 0
    endloop
  endfacet
  facet normal -0.0489209 0.998803 0
    outer loop
      vertex 22.555 18.988 0
      vertex 22.8 19 -3
      vertex 22.555 18.988 -3
    endloop
  endfacet
  facet normal -0.989177 -0.146726 0
    outer loop
      vertex 20.348 16.0123 -3
      vertex 20.312 16.255 0
      vertex 20.312 16.255 -3
    endloop
  endfacet
  facet normal -0.989177 -0.146726 0
    outer loop
      vertex 20.312 16.255 0
      vertex 20.348 16.0123 -3
      vertex 20.348 16.0123 0
    endloop
  endfacet
  facet normal 0.741101 0.671394 0
    outer loop
      vertex 24.7325 18.086 0
      vertex 24.5678 18.2678 -3
      vertex 24.5678 18.2678 0
    endloop
  endfacet
  facet normal 0.741101 0.671394 0
    outer loop
      vertex 24.5678 18.2678 -3
      vertex 24.7325 18.086 0
      vertex 24.7325 18.086 -3
    endloop
  endfacet
  facet normal 0.595754 -0.803167 0
    outer loop
      vertex 24.1889 14.4213 -3
      vertex 24.386 14.5675 0
      vertex 24.1889 14.4213 0
    endloop
  endfacet
  facet normal 0.595754 -0.803167 0
    outer loop
      vertex 24.386 14.5675 0
      vertex 24.1889 14.4213 -3
      vertex 24.386 14.5675 -3
    endloop
  endfacet
  facet normal -0.803167 -0.595754 0
    outer loop
      vertex 20.8675 14.914 -3
      vertex 20.7213 15.1111 0
      vertex 20.7213 15.1111 -3
    endloop
  endfacet
  facet normal -0.803167 -0.595754 0
    outer loop
      vertex 20.7213 15.1111 0
      vertex 20.8675 14.914 -3
      vertex 20.8675 14.914 0
    endloop
  endfacet
  facet normal -0.998803 0.0489209 0
    outer loop
      vertex 20.3 16.5 -3
      vertex 20.312 16.745 0
      vertex 20.312 16.745 -3
    endloop
  endfacet
  facet normal -0.998803 0.0489209 0
    outer loop
      vertex 20.312 16.745 0
      vertex 20.3 16.5 -3
      vertex 20.3 16.5 0
    endloop
  endfacet
  facet normal 0.741101 -0.671394 0
    outer loop
      vertex 24.5678 14.7322 0
      vertex 24.7325 14.914 -3
      vertex 24.7325 14.914 0
    endloop
  endfacet
  facet normal 0.741101 -0.671394 0
    outer loop
      vertex 24.7325 14.914 -3
      vertex 24.5678 14.7322 0
      vertex 24.5678 14.7322 -3
    endloop
  endfacet
  facet normal 0.989177 0.146726 0
    outer loop
      vertex 35.288 16.745 0
      vertex 35.252 16.9877 -3
      vertex 35.252 16.9877 0
    endloop
  endfacet
  facet normal 0.989177 0.146726 0
    outer loop
      vertex 35.252 16.9877 -3
      vertex 35.288 16.745 0
      vertex 35.288 16.745 -3
    endloop
  endfacet
  facet normal 0.998803 0.0489209 0
    outer loop
      vertex 35.3 16.5 0
      vertex 35.288 16.745 -3
      vertex 35.288 16.745 0
    endloop
  endfacet
  facet normal 0.998803 0.0489209 0
    outer loop
      vertex 35.288 16.745 -3
      vertex 35.3 16.5 0
      vertex 35.3 16.5 -3
    endloop
  endfacet
  facet normal 0.970047 0.242919 0
    outer loop
      vertex 35.252 16.9877 0
      vertex 35.1924 17.2257 -3
      vertex 35.1924 17.2257 0
    endloop
  endfacet
  facet normal 0.970047 0.242919 0
    outer loop
      vertex 35.1924 17.2257 -3
      vertex 35.252 16.9877 0
      vertex 35.252 16.9877 -3
    endloop
  endfacet
  facet normal -0.243303 0.96995 0
    outer loop
      vertex 32.3123 18.952 -3
      vertex 32.0743 18.8923 0
      vertex 32.3123 18.952 0
    endloop
  endfacet
  facet normal -0.243303 0.96995 0
    outer loop
      vertex 32.0743 18.8923 0
      vertex 32.3123 18.952 -3
      vertex 32.0743 18.8923 -3
    endloop
  endfacet
  facet normal -0.903995 -0.427543 0
    outer loop
      vertex 30.5952 15.3215 -3
      vertex 30.4903 15.5433 0
      vertex 30.4903 15.5433 -3
    endloop
  endfacet
  facet normal -0.903995 -0.427543 0
    outer loop
      vertex 30.4903 15.5433 0
      vertex 30.5952 15.3215 -3
      vertex 30.5952 15.3215 0
    endloop
  endfacet
  facet normal 0.427543 -0.903995 0
    outer loop
      vertex 33.7567 14.1903 -3
      vertex 33.9785 14.2952 0
      vertex 33.7567 14.1903 0
    endloop
  endfacet
  facet normal 0.427543 -0.903995 0
    outer loop
      vertex 33.9785 14.2952 0
      vertex 33.7567 14.1903 -3
      vertex 33.9785 14.2952 -3
    endloop
  endfacet
  facet normal 0.514076 0.857745 -0
    outer loop
      vertex 34.1889 18.5787 -3
      vertex 33.9785 18.7048 0
      vertex 34.1889 18.5787 0
    endloop
  endfacet
  facet normal 0.514076 0.857745 0
    outer loop
      vertex 33.9785 18.7048 0
      vertex 34.1889 18.5787 -3
      vertex 33.9785 18.7048 -3
    endloop
  endfacet
  facet normal 0.514076 -0.857745 0
    outer loop
      vertex 33.9785 14.2952 -3
      vertex 34.1889 14.4213 0
      vertex 33.9785 14.2952 0
    endloop
  endfacet
  facet normal 0.514076 -0.857745 0
    outer loop
      vertex 34.1889 14.4213 0
      vertex 33.9785 14.2952 -3
      vertex 34.1889 14.4213 -3
    endloop
  endfacet
  facet normal 0 0 1
    outer loop
      vertex 34 16.5 0
      vertex 35.3 16.5 0
      vertex 35.288 16.745 0
    endloop
  endfacet
  facet normal 0 0 1
    outer loop
      vertex 33.9942 16.6176 0
      vertex 35.288 16.745 0
      vertex 35.252 16.9877 0
    endloop
  endfacet
  facet normal 0 0 1
    outer loop
      vertex 35.3 16.5 0
      vertex 34 16.5 0
      vertex 35.288 16.255 0
    endloop
  endfacet
  facet normal 0 0 1
    outer loop
      vertex 33.9769 16.7341 0
      vertex 35.252 16.9877 0
      vertex 35.1924 17.2257 0
    endloop
  endfacet
  facet normal -0 0 1
    outer loop
      vertex 33.9942 16.3824 0
      vertex 35.288 16.255 0
      vertex 34 16.5 0
    endloop
  endfacet
  facet normal 0 0 1
    outer loop
      vertex 33.9483 16.8483 0
      vertex 35.1924 17.2257 0
      vertex 35.1097 17.4567 0
    endloop
  endfacet
  facet normal 0 0 1
    outer loop
      vertex 35.288 16.255 0
      vertex 33.9942 16.3824 0
      vertex 35.252 16.0123 0
    endloop
  endfacet
  facet normal 0 0 1
    outer loop
      vertex 33.9087 16.9592 0
      vertex 35.1097 17.4567 0
      vertex 35.0048 17.6785 0
    endloop
  endfacet
  facet normal -0 0 1
    outer loop
      vertex 33.9769 16.2659 0
      vertex 35.252 16.0123 0
      vertex 33.9942 16.3824 0
    endloop
  endfacet
  facet normal 0 0 1
    outer loop
      vertex 33.8583 17.0657 0
      vertex 35.0048 17.6785 0
      vertex 34.8787 17.8889 0
    endloop
  endfacet
  facet normal 0 0 1
    outer loop
      vertex 35.252 16.0123 0
      vertex 33.9769 16.2659 0
      vertex 35.1924 15.7743 0
    endloop
  endfacet
  facet normal 0 0 1
    outer loop
      vertex 33.7978 17.1667 0
      vertex 34.8787 17.8889 0
      vertex 34.7325 18.086 0
    endloop
  endfacet
  facet normal -0 0 1
    outer loop
      vertex 33.9483 16.1517 0
      vertex 35.1924 15.7743 0
      vertex 33.9769 16.2659 0
    endloop
  endfacet
  facet normal 0 0 1
    outer loop
      vertex 33.7276 17.2613 0
      vertex 34.7325 18.086 0
      vertex 34.5678 18.2678 0
    endloop
  endfacet
  facet normal 0 0 1
    outer loop
      vertex 35.1924 15.7743 0
      vertex 33.9483 16.1517 0
      vertex 35.1097 15.5433 0
    endloop
  endfacet
  facet normal 0 0 1
    outer loop
      vertex 33.6485 17.3485 0
      vertex 34.5678 18.2678 0
      vertex 34.386 18.4325 0
    endloop
  endfacet
  facet normal -0 0 1
    outer loop
      vertex 33.9087 16.0408 0
      vertex 35.1097 15.5433 0
      vertex 33.9483 16.1517 0
    endloop
  endfacet
  facet normal 0 0 1
    outer loop
      vertex 33.5613 17.4276 0
      vertex 34.386 18.4325 0
      vertex 34.1889 18.5787 0
    endloop
  endfacet
  facet normal 0 0 1
    outer loop
      vertex 35.1097 15.5433 0
      vertex 33.9087 16.0408 0
      vertex 35.0048 15.3215 0
    endloop
  endfacet
  facet normal -0 0 1
    outer loop
      vertex 33.8583 15.9343 0
      vertex 35.0048 15.3215 0
      vertex 33.9087 16.0408 0
    endloop
  endfacet
  facet normal 0 0 1
    outer loop
      vertex 35.288 16.745 0
      vertex 33.9942 16.6176 0
      vertex 34 16.5 0
    endloop
  endfacet
  facet normal 0 0 1
    outer loop
      vertex 33.4667 17.4978 0
      vertex 34.1889 18.5787 0
      vertex 33.9785 18.7048 0
    endloop
  endfacet
  facet normal 0 0 1
    outer loop
      vertex 35.252 16.9877 0
      vertex 33.9769 16.7341 0
      vertex 33.9942 16.6176 0
    endloop
  endfacet
  facet normal 0 0 1
    outer loop
      vertex 35.1924 17.2257 0
      vertex 33.9483 16.8483 0
      vertex 33.9769 16.7341 0
    endloop
  endfacet
  facet normal 0 0 1
    outer loop
      vertex 35.1097 17.4567 0
      vertex 33.9087 16.9592 0
      vertex 33.9483 16.8483 0
    endloop
  endfacet
  facet normal 0 0 1
    outer loop
      vertex 35.0048 17.6785 0
      vertex 33.8583 17.0657 0
      vertex 33.9087 16.9592 0
    endloop
  endfacet
  facet normal 0 0 1
    outer loop
      vertex 34.8787 17.8889 0
      vertex 33.7978 17.1667 0
      vertex 33.8583 17.0657 0
    endloop
  endfacet
  facet normal 0 0 1
    outer loop
      vertex 33.3657 17.5583 0
      vertex 33.9785 18.7048 0
      vertex 33.7567 18.8097 0
    endloop
  endfacet
  facet normal 0 0 1
    outer loop
      vertex 34.7325 18.086 0
      vertex 33.7276 17.2613 0
      vertex 33.7978 17.1667 0
    endloop
  endfacet
  facet normal 0 0 1
    outer loop
      vertex 34.5678 18.2678 0
      vertex 33.6485 17.3485 0
      vertex 33.7276 17.2613 0
    endloop
  endfacet
  facet normal 0 0 1
    outer loop
      vertex 34.386 18.4325 0
      vertex 33.5613 17.4276 0
      vertex 33.6485 17.3485 0
    endloop
  endfacet
  facet normal 0 0 1
    outer loop
      vertex 33.2592 17.6087 0
      vertex 33.7567 18.8097 0
      vertex 33.5257 18.8923 0
    endloop
  endfacet
  facet normal 0 0 1
    outer loop
      vertex 34.1889 18.5787 0
      vertex 33.4667 17.4978 0
      vertex 33.5613 17.4276 0
    endloop
  endfacet
  facet normal 0 0 1
    outer loop
      vertex 33.9785 18.7048 0
      vertex 33.3657 17.5583 0
      vertex 33.4667 17.4978 0
    endloop
  endfacet
  facet normal 0 0 1
    outer loop
      vertex 33.1483 17.6483 0
      vertex 33.5257 18.8923 0
      vertex 33.2877 18.952 0
    endloop
  endfacet
  facet normal 0 0 1
    outer loop
      vertex 33.7567 18.8097 0
      vertex 33.2592 17.6087 0
      vertex 33.3657 17.5583 0
    endloop
  endfacet
  facet normal 0 0 1
    outer loop
      vertex 33.5257 18.8923 0
      vertex 33.1483 17.6483 0
      vertex 33.2592 17.6087 0
    endloop
  endfacet
  facet normal 0 0 1
    outer loop
      vertex 33.0341 17.6769 0
      vertex 33.2877 18.952 0
      vertex 33.045 18.988 0
    endloop
  endfacet
  facet normal 0 0 1
    outer loop
      vertex 33.2877 18.952 0
      vertex 33.0341 17.6769 0
      vertex 33.1483 17.6483 0
    endloop
  endfacet
  facet normal 0 0 1
    outer loop
      vertex 33.045 18.988 0
      vertex 32.9176 17.6942 0
      vertex 33.0341 17.6769 0
    endloop
  endfacet
  facet normal 0 0 1
    outer loop
      vertex 32.8 19 0
      vertex 32.9176 17.6942 0
      vertex 33.045 18.988 0
    endloop
  endfacet
  facet normal 0 0 1
    outer loop
      vertex 32.8 19 0
      vertex 32.8 17.7 0
      vertex 32.9176 17.6942 0
    endloop
  endfacet
  facet normal 0 0 1
    outer loop
      vertex 32.8 19 0
      vertex 32.6824 17.6942 0
      vertex 32.8 17.7 0
    endloop
  endfacet
  facet normal -0 0 1
    outer loop
      vertex 32.555 18.988 0
      vertex 32.6824 17.6942 0
      vertex 32.8 19 0
    endloop
  endfacet
  facet normal 0 0 1
    outer loop
      vertex 32.6824 17.6942 0
      vertex 32.555 18.988 0
      vertex 32.5659 17.6769 0
    endloop
  endfacet
  facet normal -0 0 1
    outer loop
      vertex 32.3123 18.952 0
      vertex 32.5659 17.6769 0
      vertex 32.555 18.988 0
    endloop
  endfacet
  facet normal 0 0 1
    outer loop
      vertex 32.5659 17.6769 0
      vertex 32.3123 18.952 0
      vertex 32.4517 17.6483 0
    endloop
  endfacet
  facet normal -0 0 1
    outer loop
      vertex 32.0743 18.8923 0
      vertex 32.4517 17.6483 0
      vertex 32.3123 18.952 0
    endloop
  endfacet
  facet normal 0 0 1
    outer loop
      vertex 32.4517 17.6483 0
      vertex 32.0743 18.8923 0
      vertex 32.3408 17.6087 0
    endloop
  endfacet
  facet normal -0 0 1
    outer loop
      vertex 31.8433 18.8097 0
      vertex 32.3408 17.6087 0
      vertex 32.0743 18.8923 0
    endloop
  endfacet
  facet normal 0 0 1
    outer loop
      vertex 32.3408 17.6087 0
      vertex 31.8433 18.8097 0
      vertex 32.2343 17.5583 0
    endloop
  endfacet
  facet normal -0 0 1
    outer loop
      vertex 31.6215 18.7048 0
      vertex 32.2343 17.5583 0
      vertex 31.8433 18.8097 0
    endloop
  endfacet
  facet normal 0 0 1
    outer loop
      vertex 32.2343 17.5583 0
      vertex 31.6215 18.7048 0
      vertex 32.1333 17.4978 0
    endloop
  endfacet
  facet normal -0 0 1
    outer loop
      vertex 31.4111 18.5787 0
      vertex 32.1333 17.4978 0
      vertex 31.6215 18.7048 0
    endloop
  endfacet
  facet normal 0 0 1
    outer loop
      vertex 32.1333 17.4978 0
      vertex 31.4111 18.5787 0
      vertex 32.0387 17.4276 0
    endloop
  endfacet
  facet normal -0 0 1
    outer loop
      vertex 31.214 18.4325 0
      vertex 32.0387 17.4276 0
      vertex 31.4111 18.5787 0
    endloop
  endfacet
  facet normal 0 0 1
    outer loop
      vertex 32.0387 17.4276 0
      vertex 31.214 18.4325 0
      vertex 31.9515 17.3485 0
    endloop
  endfacet
  facet normal -0 0 1
    outer loop
      vertex 31.0322 18.2678 0
      vertex 31.9515 17.3485 0
      vertex 31.214 18.4325 0
    endloop
  endfacet
  facet normal 0 0 1
    outer loop
      vertex 31.9515 17.3485 0
      vertex 31.0322 18.2678 0
      vertex 31.8724 17.2613 0
    endloop
  endfacet
  facet normal -0 0 1
    outer loop
      vertex 30.8675 18.086 0
      vertex 31.8724 17.2613 0
      vertex 31.0322 18.2678 0
    endloop
  endfacet
  facet normal 0 0 1
    outer loop
      vertex 31.8724 17.2613 0
      vertex 30.8675 18.086 0
      vertex 31.8022 17.1667 0
    endloop
  endfacet
  facet normal -0 0 1
    outer loop
      vertex 30.7213 17.8889 0
      vertex 31.8022 17.1667 0
      vertex 30.8675 18.086 0
    endloop
  endfacet
  facet normal 0 0 1
    outer loop
      vertex 31.8022 17.1667 0
      vertex 30.7213 17.8889 0
      vertex 31.7417 17.0657 0
    endloop
  endfacet
  facet normal -0 0 1
    outer loop
      vertex 30.5952 17.6785 0
      vertex 31.7417 17.0657 0
      vertex 30.7213 17.8889 0
    endloop
  endfacet
  facet normal 0 0 1
    outer loop
      vertex 35.0048 15.3215 0
      vertex 33.8583 15.9343 0
      vertex 34.8787 15.1111 0
    endloop
  endfacet
  facet normal -0 0 1
    outer loop
      vertex 33.7978 15.8333 0
      vertex 34.8787 15.1111 0
      vertex 33.8583 15.9343 0
    endloop
  endfacet
  facet normal 0 0 1
    outer loop
      vertex 34.8787 15.1111 0
      vertex 33.7978 15.8333 0
      vertex 34.7325 14.914 0
    endloop
  endfacet
  facet normal -0 0 1
    outer loop
      vertex 33.7276 15.7387 0
      vertex 34.7325 14.914 0
      vertex 33.7978 15.8333 0
    endloop
  endfacet
  facet normal 0 0 1
    outer loop
      vertex 34.7325 14.914 0
      vertex 33.7276 15.7387 0
      vertex 34.5678 14.7322 0
    endloop
  endfacet
  facet normal -0 0 1
    outer loop
      vertex 33.6485 15.6515 0
      vertex 34.5678 14.7322 0
      vertex 33.7276 15.7387 0
    endloop
  endfacet
  facet normal 0 0 1
    outer loop
      vertex 34.5678 14.7322 0
      vertex 33.6485 15.6515 0
      vertex 34.386 14.5675 0
    endloop
  endfacet
  facet normal -0 0 1
    outer loop
      vertex 33.5613 15.5724 0
      vertex 34.386 14.5675 0
      vertex 33.6485 15.6515 0
    endloop
  endfacet
  facet normal 0 0 1
    outer loop
      vertex 34.386 14.5675 0
      vertex 33.5613 15.5724 0
      vertex 34.1889 14.4213 0
    endloop
  endfacet
  facet normal -0 0 1
    outer loop
      vertex 33.4667 15.5022 0
      vertex 34.1889 14.4213 0
      vertex 33.5613 15.5724 0
    endloop
  endfacet
  facet normal 0 0 1
    outer loop
      vertex 34.1889 14.4213 0
      vertex 33.4667 15.5022 0
      vertex 33.9785 14.2952 0
    endloop
  endfacet
  facet normal -0 0 1
    outer loop
      vertex 33.3657 15.4417 0
      vertex 33.9785 14.2952 0
      vertex 33.4667 15.5022 0
    endloop
  endfacet
  facet normal 0 0 1
    outer loop
      vertex 33.9785 14.2952 0
      vertex 33.3657 15.4417 0
      vertex 33.7567 14.1903 0
    endloop
  endfacet
  facet normal -0 0 1
    outer loop
      vertex 33.2592 15.3913 0
      vertex 33.7567 14.1903 0
      vertex 33.3657 15.4417 0
    endloop
  endfacet
  facet normal 0 0 1
    outer loop
      vertex 33.7567 14.1903 0
      vertex 33.2592 15.3913 0
      vertex 33.5257 14.1076 0
    endloop
  endfacet
  facet normal -0 0 1
    outer loop
      vertex 33.1483 15.3517 0
      vertex 33.5257 14.1076 0
      vertex 33.2592 15.3913 0
    endloop
  endfacet
  facet normal 0 0 1
    outer loop
      vertex 33.5257 14.1076 0
      vertex 33.1483 15.3517 0
      vertex 33.2877 14.048 0
    endloop
  endfacet
  facet normal -0 0 1
    outer loop
      vertex 33.0341 15.3231 0
      vertex 33.2877 14.048 0
      vertex 33.1483 15.3517 0
    endloop
  endfacet
  facet normal 0 0 1
    outer loop
      vertex 33.2877 14.048 0
      vertex 33.0341 15.3231 0
      vertex 33.045 14.012 0
    endloop
  endfacet
  facet normal -0 0 1
    outer loop
      vertex 32.9176 15.3058 0
      vertex 33.045 14.012 0
      vertex 33.0341 15.3231 0
    endloop
  endfacet
  facet normal -0 0 1
    outer loop
      vertex 32.8 15.3 0
      vertex 33.045 14.012 0
      vertex 32.9176 15.3058 0
    endloop
  endfacet
  facet normal 0 0 1
    outer loop
      vertex 32.8 15.3 0
      vertex 32.8 14 0
      vertex 33.045 14.012 0
    endloop
  endfacet
  facet normal 0 0 1
    outer loop
      vertex 32.6824 15.3058 0
      vertex 32.8 14 0
      vertex 32.8 15.3 0
    endloop
  endfacet
  facet normal 0 0 1
    outer loop
      vertex 32.555 14.012 0
      vertex 32.6824 15.3058 0
      vertex 32.5659 15.3231 0
    endloop
  endfacet
  facet normal 0 0 1
    outer loop
      vertex 32.6824 15.3058 0
      vertex 32.555 14.012 0
      vertex 32.8 14 0
    endloop
  endfacet
  facet normal 0 0 1
    outer loop
      vertex 32.3123 14.048 0
      vertex 32.5659 15.3231 0
      vertex 32.4517 15.3517 0
    endloop
  endfacet
  facet normal 0 0 1
    outer loop
      vertex 32.0743 14.1076 0
      vertex 32.4517 15.3517 0
      vertex 32.3408 15.3913 0
    endloop
  endfacet
  facet normal 0 0 1
    outer loop
      vertex 32.5659 15.3231 0
      vertex 32.3123 14.048 0
      vertex 32.555 14.012 0
    endloop
  endfacet
  facet normal 0 0 1
    outer loop
      vertex 31.8433 14.1903 0
      vertex 32.3408 15.3913 0
      vertex 32.2343 15.4417 0
    endloop
  endfacet
  facet normal 0 0 1
    outer loop
      vertex 31.6215 14.2952 0
      vertex 32.2343 15.4417 0
      vertex 32.1333 15.5022 0
    endloop
  endfacet
  facet normal 0 0 1
    outer loop
      vertex 32.4517 15.3517 0
      vertex 32.0743 14.1076 0
      vertex 32.3123 14.048 0
    endloop
  endfacet
  facet normal 0 0 1
    outer loop
      vertex 31.4111 14.4213 0
      vertex 32.1333 15.5022 0
      vertex 32.0387 15.5724 0
    endloop
  endfacet
  facet normal 0 0 1
    outer loop
      vertex 31.214 14.5675 0
      vertex 32.0387 15.5724 0
      vertex 31.9515 15.6515 0
    endloop
  endfacet
  facet normal 0 0 1
    outer loop
      vertex 31.0322 14.7322 0
      vertex 31.9515 15.6515 0
      vertex 31.8724 15.7387 0
    endloop
  endfacet
  facet normal 0 0 1
    outer loop
      vertex 32.3408 15.3913 0
      vertex 31.8433 14.1903 0
      vertex 32.0743 14.1076 0
    endloop
  endfacet
  facet normal 0 0 1
    outer loop
      vertex 30.8675 14.914 0
      vertex 31.8724 15.7387 0
      vertex 31.8022 15.8333 0
    endloop
  endfacet
  facet normal 0 0 1
    outer loop
      vertex 30.7213 15.1111 0
      vertex 31.8022 15.8333 0
      vertex 31.7417 15.9343 0
    endloop
  endfacet
  facet normal 0 0 1
    outer loop
      vertex 30.5952 15.3215 0
      vertex 31.7417 15.9343 0
      vertex 31.6913 16.0408 0
    endloop
  endfacet
  facet normal 0 0 1
    outer loop
      vertex 30.4903 15.5433 0
      vertex 31.6913 16.0408 0
      vertex 31.6517 16.1517 0
    endloop
  endfacet
  facet normal 0 0 1
    outer loop
      vertex 30.4076 15.7743 0
      vertex 31.6517 16.1517 0
      vertex 31.6231 16.2659 0
    endloop
  endfacet
  facet normal 0 0 1
    outer loop
      vertex 32.2343 15.4417 0
      vertex 31.6215 14.2952 0
      vertex 31.8433 14.1903 0
    endloop
  endfacet
  facet normal 0 0 1
    outer loop
      vertex 30.348 16.0123 0
      vertex 31.6231 16.2659 0
      vertex 31.6058 16.3824 0
    endloop
  endfacet
  facet normal 0 0 1
    outer loop
      vertex 30.312 16.255 0
      vertex 31.6058 16.3824 0
      vertex 31.6 16.5 0
    endloop
  endfacet
  facet normal 0 0 1
    outer loop
      vertex 31.7417 17.0657 0
      vertex 30.5952 17.6785 0
      vertex 31.6913 16.9592 0
    endloop
  endfacet
  facet normal 0 0 1
    outer loop
      vertex 32.1333 15.5022 0
      vertex 31.4111 14.4213 0
      vertex 31.6215 14.2952 0
    endloop
  endfacet
  facet normal -0 0 1
    outer loop
      vertex 30.4903 17.4567 0
      vertex 31.6913 16.9592 0
      vertex 30.5952 17.6785 0
    endloop
  endfacet
  facet normal 0 0 1
    outer loop
      vertex 32.0387 15.5724 0
      vertex 31.214 14.5675 0
      vertex 31.4111 14.4213 0
    endloop
  endfacet
  facet normal 0 0 1
    outer loop
      vertex 31.6913 16.9592 0
      vertex 30.4903 17.4567 0
      vertex 31.6517 16.8483 0
    endloop
  endfacet
  facet normal 0 0 1
    outer loop
      vertex 31.9515 15.6515 0
      vertex 31.0322 14.7322 0
      vertex 31.214 14.5675 0
    endloop
  endfacet
  facet normal -0 0 1
    outer loop
      vertex 30.4076 17.2257 0
      vertex 31.6517 16.8483 0
      vertex 30.4903 17.4567 0
    endloop
  endfacet
  facet normal 0 0 1
    outer loop
      vertex 31.8724 15.7387 0
      vertex 30.8675 14.914 0
      vertex 31.0322 14.7322 0
    endloop
  endfacet
  facet normal 0 0 1
    outer loop
      vertex 31.6517 16.8483 0
      vertex 30.4076 17.2257 0
      vertex 31.6231 16.7341 0
    endloop
  endfacet
  facet normal 0 0 1
    outer loop
      vertex 31.8022 15.8333 0
      vertex 30.7213 15.1111 0
      vertex 30.8675 14.914 0
    endloop
  endfacet
  facet normal -0 0 1
    outer loop
      vertex 30.348 16.9877 0
      vertex 31.6231 16.7341 0
      vertex 30.4076 17.2257 0
    endloop
  endfacet
  facet normal 0 0 1
    outer loop
      vertex 31.7417 15.9343 0
      vertex 30.5952 15.3215 0
      vertex 30.7213 15.1111 0
    endloop
  endfacet
  facet normal 0 0 1
    outer loop
      vertex 31.6231 16.7341 0
      vertex 30.348 16.9877 0
      vertex 31.6058 16.6176 0
    endloop
  endfacet
  facet normal 0 0 1
    outer loop
      vertex 31.6913 16.0408 0
      vertex 30.4903 15.5433 0
      vertex 30.5952 15.3215 0
    endloop
  endfacet
  facet normal -0 0 1
    outer loop
      vertex 30.312 16.745 0
      vertex 31.6058 16.6176 0
      vertex 30.348 16.9877 0
    endloop
  endfacet
  facet normal 0 0 1
    outer loop
      vertex 31.6517 16.1517 0
      vertex 30.4076 15.7743 0
      vertex 30.4903 15.5433 0
    endloop
  endfacet
  facet normal 0 0 1
    outer loop
      vertex 31.6058 16.6176 0
      vertex 30.312 16.745 0
      vertex 31.6 16.5 0
    endloop
  endfacet
  facet normal 0 0 1
    outer loop
      vertex 31.6231 16.2659 0
      vertex 30.348 16.0123 0
      vertex 30.4076 15.7743 0
    endloop
  endfacet
  facet normal 0 0 1
    outer loop
      vertex 30.3 16.5 0
      vertex 31.6 16.5 0
      vertex 30.312 16.745 0
    endloop
  endfacet
  facet normal 0 0 1
    outer loop
      vertex 31.6058 16.3824 0
      vertex 30.312 16.255 0
      vertex 30.348 16.0123 0
    endloop
  endfacet
  facet normal 0 0 1
    outer loop
      vertex 31.6 16.5 0
      vertex 30.3 16.5 0
      vertex 30.312 16.255 0
    endloop
  endfacet
  facet normal 0.337059 -0.941483 0
    outer loop
      vertex 33.5257 14.1076 -3
      vertex 33.7567 14.1903 0
      vertex 33.5257 14.1076 0
    endloop
  endfacet
  facet normal 0.337059 -0.941483 0
    outer loop
      vertex 33.7567 14.1903 0
      vertex 33.5257 14.1076 -3
      vertex 33.7567 14.1903 -3
    endloop
  endfacet
  facet normal -0.970047 0.242919 0
    outer loop
      vertex 30.348 16.9877 -3
      vertex 30.4076 17.2257 0
      vertex 30.4076 17.2257 -3
    endloop
  endfacet
  facet normal -0.970047 0.242919 0
    outer loop
      vertex 30.4076 17.2257 0
      vertex 30.348 16.9877 -3
      vertex 30.348 16.9877 0
    endloop
  endfacet
  facet normal -0.671394 0.741101 0
    outer loop
      vertex 31.214 18.4325 -3
      vertex 31.0322 18.2678 0
      vertex 31.214 18.4325 0
    endloop
  endfacet
  facet normal -0.671394 0.741101 0
    outer loop
      vertex 31.0322 18.2678 0
      vertex 31.214 18.4325 -3
      vertex 31.0322 18.2678 -3
    endloop
  endfacet
  facet normal -0.514076 0.857745 0
    outer loop
      vertex 31.6215 18.7048 -3
      vertex 31.4111 18.5787 0
      vertex 31.6215 18.7048 0
    endloop
  endfacet
  facet normal -0.514076 0.857745 0
    outer loop
      vertex 31.4111 18.5787 0
      vertex 31.6215 18.7048 -3
      vertex 31.4111 18.5787 -3
    endloop
  endfacet
  facet normal 0.146726 -0.989177 0
    outer loop
      vertex 33.045 14.012 -3
      vertex 33.2877 14.048 0
      vertex 33.045 14.012 0
    endloop
  endfacet
  facet normal 0.146726 -0.989177 0
    outer loop
      vertex 33.2877 14.048 0
      vertex 33.045 14.012 -3
      vertex 33.2877 14.048 -3
    endloop
  endfacet
  facet normal -0.803167 0.595754 0
    outer loop
      vertex 30.7213 17.8889 -3
      vertex 30.8675 18.086 0
      vertex 30.8675 18.086 -3
    endloop
  endfacet
  facet normal -0.803167 0.595754 0
    outer loop
      vertex 30.8675 18.086 0
      vertex 30.7213 17.8889 -3
      vertex 30.7213 17.8889 0
    endloop
  endfacet
  facet normal 0.903995 0.427543 0
    outer loop
      vertex 35.1097 17.4567 0
      vertex 35.0048 17.6785 -3
      vertex 35.0048 17.6785 0
    endloop
  endfacet
  facet normal 0.903995 0.427543 0
    outer loop
      vertex 35.0048 17.6785 -3
      vertex 35.1097 17.4567 0
      vertex 35.1097 17.4567 -3
    endloop
  endfacet
  facet normal -0.941483 0.337059 0
    outer loop
      vertex 30.4076 17.2257 -3
      vertex 30.4903 17.4567 0
      vertex 30.4903 17.4567 -3
    endloop
  endfacet
  facet normal -0.941483 0.337059 0
    outer loop
      vertex 30.4903 17.4567 0
      vertex 30.4076 17.2257 -3
      vertex 30.4076 17.2257 0
    endloop
  endfacet
  facet normal -0.337059 -0.941483 0
    outer loop
      vertex 31.8433 14.1903 -3
      vertex 32.0743 14.1076 0
      vertex 31.8433 14.1903 0
    endloop
  endfacet
  facet normal -0.337059 -0.941483 -0
    outer loop
      vertex 32.0743 14.1076 0
      vertex 31.8433 14.1903 -3
      vertex 32.0743 14.1076 -3
    endloop
  endfacet
  facet normal 0.595754 0.803167 -0
    outer loop
      vertex 34.386 18.4325 -3
      vertex 34.1889 18.5787 0
      vertex 34.386 18.4325 0
    endloop
  endfacet
  facet normal 0.595754 0.803167 0
    outer loop
      vertex 34.1889 18.5787 0
      vertex 34.386 18.4325 -3
      vertex 34.1889 18.5787 -3
    endloop
  endfacet
  facet normal -0.903995 0.427543 0
    outer loop
      vertex 30.4903 17.4567 -3
      vertex 30.5952 17.6785 0
      vertex 30.5952 17.6785 -3
    endloop
  endfacet
  facet normal -0.903995 0.427543 0
    outer loop
      vertex 30.5952 17.6785 0
      vertex 30.4903 17.4567 -3
      vertex 30.4903 17.4567 0
    endloop
  endfacet
  facet normal 0.803167 -0.595754 0
    outer loop
      vertex 34.7325 14.914 0
      vertex 34.8787 15.1111 -3
      vertex 34.8787 15.1111 0
    endloop
  endfacet
  facet normal 0.803167 -0.595754 0
    outer loop
      vertex 34.8787 15.1111 -3
      vertex 34.7325 14.914 0
      vertex 34.7325 14.914 -3
    endloop
  endfacet
  facet normal 0.146726 0.989177 -0
    outer loop
      vertex 33.2877 18.952 -3
      vertex 33.045 18.988 0
      vertex 33.2877 18.952 0
    endloop
  endfacet
  facet normal 0.146726 0.989177 0
    outer loop
      vertex 33.045 18.988 0
      vertex 33.2877 18.952 -3
      vertex 33.045 18.988 -3
    endloop
  endfacet
  facet normal -0.989177 0.146726 0
    outer loop
      vertex 30.312 16.745 -3
      vertex 30.348 16.9877 0
      vertex 30.348 16.9877 -3
    endloop
  endfacet
  facet normal -0.989177 0.146726 0
    outer loop
      vertex 30.348 16.9877 0
      vertex 30.312 16.745 -3
      vertex 30.312 16.745 0
    endloop
  endfacet
  facet normal 0.803167 0.595754 0
    outer loop
      vertex 34.8787 17.8889 0
      vertex 34.7325 18.086 -3
      vertex 34.7325 18.086 0
    endloop
  endfacet
  facet normal 0.803167 0.595754 0
    outer loop
      vertex 34.7325 18.086 -3
      vertex 34.8787 17.8889 0
      vertex 34.8787 17.8889 -3
    endloop
  endfacet
  facet normal 0.0489209 0.998803 -0
    outer loop
      vertex 33.045 18.988 -3
      vertex 32.8 19 0
      vertex 33.045 18.988 0
    endloop
  endfacet
  facet normal 0.0489209 0.998803 0
    outer loop
      vertex 32.8 19 0
      vertex 33.045 18.988 -3
      vertex 32.8 19 -3
    endloop
  endfacet
  facet normal -0.857745 -0.514076 0
    outer loop
      vertex 30.7213 15.1111 -3
      vertex 30.5952 15.3215 0
      vertex 30.5952 15.3215 -3
    endloop
  endfacet
  facet normal -0.857745 -0.514076 0
    outer loop
      vertex 30.5952 15.3215 0
      vertex 30.7213 15.1111 -3
      vertex 30.7213 15.1111 0
    endloop
  endfacet
  facet normal -0.941483 -0.337059 0
    outer loop
      vertex 30.4903 15.5433 -3
      vertex 30.4076 15.7743 0
      vertex 30.4076 15.7743 -3
    endloop
  endfacet
  facet normal -0.941483 -0.337059 0
    outer loop
      vertex 30.4076 15.7743 0
      vertex 30.4903 15.5433 -3
      vertex 30.4903 15.5433 0
    endloop
  endfacet
  facet normal -0.427543 0.903995 0
    outer loop
      vertex 31.8433 18.8097 -3
      vertex 31.6215 18.7048 0
      vertex 31.8433 18.8097 0
    endloop
  endfacet
  facet normal -0.427543 0.903995 0
    outer loop
      vertex 31.6215 18.7048 0
      vertex 31.8433 18.8097 -3
      vertex 31.6215 18.7048 -3
    endloop
  endfacet
  facet normal 0.903995 -0.427543 0
    outer loop
      vertex 35.0048 15.3215 0
      vertex 35.1097 15.5433 -3
      vertex 35.1097 15.5433 0
    endloop
  endfacet
  facet normal 0.903995 -0.427543 0
    outer loop
      vertex 35.1097 15.5433 -3
      vertex 35.0048 15.3215 0
      vertex 35.0048 15.3215 -3
    endloop
  endfacet
  facet normal -0.595754 -0.803167 0
    outer loop
      vertex 31.214 14.5675 -3
      vertex 31.4111 14.4213 0
      vertex 31.214 14.5675 0
    endloop
  endfacet
  facet normal -0.595754 -0.803167 -0
    outer loop
      vertex 31.4111 14.4213 0
      vertex 31.214 14.5675 -3
      vertex 31.4111 14.4213 -3
    endloop
  endfacet
  facet normal -0.857745 0.514076 0
    outer loop
      vertex 30.5952 17.6785 -3
      vertex 30.7213 17.8889 0
      vertex 30.7213 17.8889 -3
    endloop
  endfacet
  facet normal -0.857745 0.514076 0
    outer loop
      vertex 30.7213 17.8889 0
      vertex 30.5952 17.6785 -3
      vertex 30.5952 17.6785 0
    endloop
  endfacet
  facet normal 0.998803 -0.0489209 0
    outer loop
      vertex 35.288 16.255 0
      vertex 35.3 16.5 -3
      vertex 35.3 16.5 0
    endloop
  endfacet
  facet normal 0.998803 -0.0489209 0
    outer loop
      vertex 35.3 16.5 -3
      vertex 35.288 16.255 0
      vertex 35.288 16.255 -3
    endloop
  endfacet
  facet normal 0.941483 -0.337059 0
    outer loop
      vertex 35.1097 15.5433 0
      vertex 35.1924 15.7743 -3
      vertex 35.1924 15.7743 0
    endloop
  endfacet
  facet normal 0.941483 -0.337059 0
    outer loop
      vertex 35.1924 15.7743 -3
      vertex 35.1097 15.5433 0
      vertex 35.1097 15.5433 -3
    endloop
  endfacet
  facet normal 0.242919 -0.970047 0
    outer loop
      vertex 33.2877 14.048 -3
      vertex 33.5257 14.1076 0
      vertex 33.2877 14.048 0
    endloop
  endfacet
  facet normal 0.242919 -0.970047 0
    outer loop
      vertex 33.5257 14.1076 0
      vertex 33.2877 14.048 -3
      vertex 33.5257 14.1076 -3
    endloop
  endfacet
  facet normal 0.857745 0.514076 0
    outer loop
      vertex 35.0048 17.6785 0
      vertex 34.8787 17.8889 -3
      vertex 34.8787 17.8889 0
    endloop
  endfacet
  facet normal 0.857745 0.514076 0
    outer loop
      vertex 34.8787 17.8889 -3
      vertex 35.0048 17.6785 0
      vertex 35.0048 17.6785 -3
    endloop
  endfacet
  facet normal 0.941483 0.337059 0
    outer loop
      vertex 35.1924 17.2257 0
      vertex 35.1097 17.4567 -3
      vertex 35.1097 17.4567 0
    endloop
  endfacet
  facet normal 0.941483 0.337059 0
    outer loop
      vertex 35.1097 17.4567 -3
      vertex 35.1924 17.2257 0
      vertex 35.1924 17.2257 -3
    endloop
  endfacet
  facet normal -0.998803 -0.0489209 0
    outer loop
      vertex 30.312 16.255 -3
      vertex 30.3 16.5 0
      vertex 30.3 16.5 -3
    endloop
  endfacet
  facet normal -0.998803 -0.0489209 0
    outer loop
      vertex 30.3 16.5 0
      vertex 30.312 16.255 -3
      vertex 30.312 16.255 0
    endloop
  endfacet
  facet normal 0.989177 -0.146726 0
    outer loop
      vertex 35.252 16.0123 0
      vertex 35.288 16.255 -3
      vertex 35.288 16.255 0
    endloop
  endfacet
  facet normal 0.989177 -0.146726 0
    outer loop
      vertex 35.288 16.255 -3
      vertex 35.252 16.0123 0
      vertex 35.252 16.0123 -3
    endloop
  endfacet
  facet normal -0.671394 -0.741101 0
    outer loop
      vertex 31.0322 14.7322 -3
      vertex 31.214 14.5675 0
      vertex 31.0322 14.7322 0
    endloop
  endfacet
  facet normal -0.671394 -0.741101 -0
    outer loop
      vertex 31.214 14.5675 0
      vertex 31.0322 14.7322 -3
      vertex 31.214 14.5675 -3
    endloop
  endfacet
  facet normal 0.970047 -0.242919 0
    outer loop
      vertex 35.1924 15.7743 0
      vertex 35.252 16.0123 -3
      vertex 35.252 16.0123 0
    endloop
  endfacet
  facet normal 0.970047 -0.242919 0
    outer loop
      vertex 35.252 16.0123 -3
      vertex 35.1924 15.7743 0
      vertex 35.1924 15.7743 -3
    endloop
  endfacet
  facet normal 0.671394 0.741101 -0
    outer loop
      vertex 34.5678 18.2678 -3
      vertex 34.386 18.4325 0
      vertex 34.5678 18.2678 0
    endloop
  endfacet
  facet normal 0.671394 0.741101 0
    outer loop
      vertex 34.386 18.4325 0
      vertex 34.5678 18.2678 -3
      vertex 34.386 18.4325 -3
    endloop
  endfacet
  facet normal 0.336698 0.941613 -0
    outer loop
      vertex 33.7567 18.8097 -3
      vertex 33.5257 18.8923 0
      vertex 33.7567 18.8097 0
    endloop
  endfacet
  facet normal 0.336698 0.941613 0
    outer loop
      vertex 33.5257 18.8923 0
      vertex 33.7567 18.8097 -3
      vertex 33.5257 18.8923 -3
    endloop
  endfacet
  facet normal -0.336698 0.941613 0
    outer loop
      vertex 32.0743 18.8923 -3
      vertex 31.8433 18.8097 0
      vertex 32.0743 18.8923 0
    endloop
  endfacet
  facet normal -0.336698 0.941613 0
    outer loop
      vertex 31.8433 18.8097 0
      vertex 32.0743 18.8923 -3
      vertex 31.8433 18.8097 -3
    endloop
  endfacet
  facet normal -0.514076 -0.857745 0
    outer loop
      vertex 31.4111 14.4213 -3
      vertex 31.6215 14.2952 0
      vertex 31.4111 14.4213 0
    endloop
  endfacet
  facet normal -0.514076 -0.857745 -0
    outer loop
      vertex 31.6215 14.2952 0
      vertex 31.4111 14.4213 -3
      vertex 31.6215 14.2952 -3
    endloop
  endfacet
  facet normal 0.857745 -0.514076 0
    outer loop
      vertex 34.8787 15.1111 0
      vertex 35.0048 15.3215 -3
      vertex 35.0048 15.3215 0
    endloop
  endfacet
  facet normal 0.857745 -0.514076 0
    outer loop
      vertex 35.0048 15.3215 -3
      vertex 34.8787 15.1111 0
      vertex 34.8787 15.1111 -3
    endloop
  endfacet
  facet normal 0.427543 0.903995 -0
    outer loop
      vertex 33.9785 18.7048 -3
      vertex 33.7567 18.8097 0
      vertex 33.9785 18.7048 0
    endloop
  endfacet
  facet normal 0.427543 0.903995 0
    outer loop
      vertex 33.7567 18.8097 0
      vertex 33.9785 18.7048 -3
      vertex 33.7567 18.8097 -3
    endloop
  endfacet
  facet normal -0.146726 -0.989177 0
    outer loop
      vertex 32.3123 14.048 -3
      vertex 32.555 14.012 0
      vertex 32.3123 14.048 0
    endloop
  endfacet
  facet normal -0.146726 -0.989177 -0
    outer loop
      vertex 32.555 14.012 0
      vertex 32.3123 14.048 -3
      vertex 32.555 14.012 -3
    endloop
  endfacet
  facet normal -0.595754 0.803167 0
    outer loop
      vertex 31.4111 18.5787 -3
      vertex 31.214 18.4325 0
      vertex 31.4111 18.5787 0
    endloop
  endfacet
  facet normal -0.595754 0.803167 0
    outer loop
      vertex 31.214 18.4325 0
      vertex 31.4111 18.5787 -3
      vertex 31.214 18.4325 -3
    endloop
  endfacet
  facet normal -0.0489209 0.998803 0
    outer loop
      vertex 32.8 19 -3
      vertex 32.555 18.988 0
      vertex 32.8 19 0
    endloop
  endfacet
  facet normal -0.0489209 0.998803 0
    outer loop
      vertex 32.555 18.988 0
      vertex 32.8 19 -3
      vertex 32.555 18.988 -3
    endloop
  endfacet
  facet normal -0.0489209 -0.998803 0
    outer loop
      vertex 32.555 14.012 -3
      vertex 32.8 14 0
      vertex 32.555 14.012 0
    endloop
  endfacet
  facet normal -0.0489209 -0.998803 -0
    outer loop
      vertex 32.8 14 0
      vertex 32.555 14.012 -3
      vertex 32.8 14 -3
    endloop
  endfacet
  facet normal -0.741101 0.671394 0
    outer loop
      vertex 30.8675 18.086 -3
      vertex 31.0322 18.2678 0
      vertex 31.0322 18.2678 -3
    endloop
  endfacet
  facet normal -0.741101 0.671394 0
    outer loop
      vertex 31.0322 18.2678 0
      vertex 30.8675 18.086 -3
      vertex 30.8675 18.086 0
    endloop
  endfacet
  facet normal 0.0489209 -0.998803 0
    outer loop
      vertex 32.8 14 -3
      vertex 33.045 14.012 0
      vertex 32.8 14 0
    endloop
  endfacet
  facet normal 0.0489209 -0.998803 0
    outer loop
      vertex 33.045 14.012 0
      vertex 32.8 14 -3
      vertex 33.045 14.012 -3
    endloop
  endfacet
  facet normal -0.146726 0.989177 0
    outer loop
      vertex 32.555 18.988 -3
      vertex 32.3123 18.952 0
      vertex 32.555 18.988 0
    endloop
  endfacet
  facet normal -0.146726 0.989177 0
    outer loop
      vertex 32.3123 18.952 0
      vertex 32.555 18.988 -3
      vertex 32.3123 18.952 -3
    endloop
  endfacet
  facet normal -0.242919 -0.970047 0
    outer loop
      vertex 32.0743 14.1076 -3
      vertex 32.3123 14.048 0
      vertex 32.0743 14.1076 0
    endloop
  endfacet
  facet normal -0.242919 -0.970047 -0
    outer loop
      vertex 32.3123 14.048 0
      vertex 32.0743 14.1076 -3
      vertex 32.3123 14.048 -3
    endloop
  endfacet
  facet normal 0.671394 -0.741101 0
    outer loop
      vertex 34.386 14.5675 -3
      vertex 34.5678 14.7322 0
      vertex 34.386 14.5675 0
    endloop
  endfacet
  facet normal 0.671394 -0.741101 0
    outer loop
      vertex 34.5678 14.7322 0
      vertex 34.386 14.5675 -3
      vertex 34.5678 14.7322 -3
    endloop
  endfacet
  facet normal 0.243303 0.96995 -0
    outer loop
      vertex 33.5257 18.8923 -3
      vertex 33.2877 18.952 0
      vertex 33.5257 18.8923 0
    endloop
  endfacet
  facet normal 0.243303 0.96995 0
    outer loop
      vertex 33.2877 18.952 0
      vertex 33.5257 18.8923 -3
      vertex 33.2877 18.952 -3
    endloop
  endfacet
  facet normal -0.970047 -0.242919 0
    outer loop
      vertex 30.4076 15.7743 -3
      vertex 30.348 16.0123 0
      vertex 30.348 16.0123 -3
    endloop
  endfacet
  facet normal -0.970047 -0.242919 0
    outer loop
      vertex 30.348 16.0123 0
      vertex 30.4076 15.7743 -3
      vertex 30.4076 15.7743 0
    endloop
  endfacet
  facet normal -0.427543 -0.903995 0
    outer loop
      vertex 31.6215 14.2952 -3
      vertex 31.8433 14.1903 0
      vertex 31.6215 14.2952 0
    endloop
  endfacet
  facet normal -0.427543 -0.903995 -0
    outer loop
      vertex 31.8433 14.1903 0
      vertex 31.6215 14.2952 -3
      vertex 31.8433 14.1903 -3
    endloop
  endfacet
  facet normal -0.741101 -0.671394 0
    outer loop
      vertex 31.0322 14.7322 -3
      vertex 30.8675 14.914 0
      vertex 30.8675 14.914 -3
    endloop
  endfacet
  facet normal -0.741101 -0.671394 0
    outer loop
      vertex 30.8675 14.914 0
      vertex 31.0322 14.7322 -3
      vertex 31.0322 14.7322 0
    endloop
  endfacet
  facet normal -0.989177 -0.146726 0
    outer loop
      vertex 30.348 16.0123 -3
      vertex 30.312 16.255 0
      vertex 30.312 16.255 -3
    endloop
  endfacet
  facet normal -0.989177 -0.146726 0
    outer loop
      vertex 30.312 16.255 0
      vertex 30.348 16.0123 -3
      vertex 30.348 16.0123 0
    endloop
  endfacet
  facet normal 0.741101 0.671394 0
    outer loop
      vertex 34.7325 18.086 0
      vertex 34.5678 18.2678 -3
      vertex 34.5678 18.2678 0
    endloop
  endfacet
  facet normal 0.741101 0.671394 0
    outer loop
      vertex 34.5678 18.2678 -3
      vertex 34.7325 18.086 0
      vertex 34.7325 18.086 -3
    endloop
  endfacet
  facet normal 0.595754 -0.803167 0
    outer loop
      vertex 34.1889 14.4213 -3
      vertex 34.386 14.5675 0
      vertex 34.1889 14.4213 0
    endloop
  endfacet
  facet normal 0.595754 -0.803167 0
    outer loop
      vertex 34.386 14.5675 0
      vertex 34.1889 14.4213 -3
      vertex 34.386 14.5675 -3
    endloop
  endfacet
  facet normal -0.803167 -0.595754 0
    outer loop
      vertex 30.8675 14.914 -3
      vertex 30.7213 15.1111 0
      vertex 30.7213 15.1111 -3
    endloop
  endfacet
  facet normal -0.803167 -0.595754 0
    outer loop
      vertex 30.7213 15.1111 0
      vertex 30.8675 14.914 -3
      vertex 30.8675 14.914 0
    endloop
  endfacet
  facet normal -0.998803 0.0489209 0
    outer loop
      vertex 30.3 16.5 -3
      vertex 30.312 16.745 0
      vertex 30.312 16.745 -3
    endloop
  endfacet
  facet normal -0.998803 0.0489209 0
    outer loop
      vertex 30.312 16.745 0
      vertex 30.3 16.5 -3
      vertex 30.3 16.5 0
    endloop
  endfacet
  facet normal 0.741101 -0.671394 0
    outer loop
      vertex 34.5678 14.7322 0
      vertex 34.7325 14.914 -3
      vertex 34.7325 14.914 0
    endloop
  endfacet
  facet normal 0.741101 -0.671394 0
    outer loop
      vertex 34.7325 14.914 -3
      vertex 34.5678 14.7322 0
      vertex 34.5678 14.7322 -3
    endloop
  endfacet
  facet normal 0 -0.989191 0.14663
    outer loop
      vertex -2.2 23.8069 7.64658
      vertex -0.299999 23.9141 8.36977
      vertex -2.2 23.9141 8.36977
    endloop
  endfacet
  facet normal 0 -0.989191 0.14663
    outer loop
      vertex -0.299999 23.9141 8.36977
      vertex -2.2 23.8069 7.64658
      vertex -0.299999 23.8069 7.64658
    endloop
  endfacet
  facet normal 0 -0.80322 0.595682
    outer loop
      vertex -2.2 22.2589 4.37377
      vertex -0.299999 22.6944 4.961
      vertex -2.2 22.6944 4.961
    endloop
  endfacet
  facet normal 0 -0.80322 0.595682
    outer loop
      vertex -0.299999 22.6944 4.961
      vertex -2.2 22.2589 4.37377
      vertex -0.299999 22.2589 4.37377
    endloop
  endfacet
  facet normal 0 0.989176 0.146737
    outer loop
      vertex -0.299999 9.19315 7.64658
      vertex -2.2 9.08587 8.36977
      vertex -0.299999 9.08587 8.36977
    endloop
  endfacet
  facet normal 0 0.989176 0.146737
    outer loop
      vertex -2.2 9.08587 8.36977
      vertex -0.299999 9.19315 7.64658
      vertex -2.2 9.19315 7.64658
    endloop
  endfacet
  facet normal 0 0.80322 0.595682
    outer loop
      vertex -0.299999 10.7411 4.37377
      vertex -2.2 10.3056 4.961
      vertex -0.299999 10.3056 4.961
    endloop
  endfacet
  facet normal 0 0.80322 0.595682
    outer loop
      vertex -2.2 10.3056 4.961
      vertex -0.299999 10.7411 4.37377
      vertex -2.2 10.7411 4.37377
    endloop
  endfacet
  facet normal 0 -0.146735 0.989176
    outer loop
      vertex -2.2 17.9534 1.79315
      vertex -0.299999 17.2302 1.68587
      vertex -0.299999 17.9534 1.79315
    endloop
  endfacet
  facet normal 0 -0.146735 0.989176
    outer loop
      vertex -0.299999 17.2302 1.68587
      vertex -2.2 17.9534 1.79315
      vertex -2.2 17.2302 1.68587
    endloop
  endfacet
  facet normal -0 0.0490644 0.998796
    outer loop
      vertex -2.2 16.5 1.65
      vertex -0.299999 15.7698 1.68587
      vertex -0.299999 16.5 1.65
    endloop
  endfacet
  facet normal 0 0.0490644 0.998796
    outer loop
      vertex -0.299999 15.7698 1.68587
      vertex -2.2 16.5 1.65
      vertex -2.2 15.7698 1.68587
    endloop
  endfacet
  facet normal 0 -0.857706 0.51414
    outer loop
      vertex -2.2 22.6944 4.961
      vertex -0.299999 23.0703 5.58809
      vertex -2.2 23.0703 5.58809
    endloop
  endfacet
  facet normal 0 -0.857706 0.51414
    outer loop
      vertex -0.299999 23.0703 5.58809
      vertex -2.2 22.6944 4.961
      vertex -0.299999 22.6944 4.961
    endloop
  endfacet
  facet normal -0 0.671568 0.740943
    outer loop
      vertex -2.2 11.7738 3.34107
      vertex -0.299999 11.2321 3.83205
      vertex -0.299999 11.7738 3.34107
    endloop
  endfacet
  facet normal 0 0.671568 0.740943
    outer loop
      vertex -0.299999 11.2321 3.83205
      vertex -2.2 11.7738 3.34107
      vertex -2.2 11.2321 3.83205
    endloop
  endfacet
  facet normal 0 -0.242973 0.970033
    outer loop
      vertex -2.2 18.6626 1.97079
      vertex -0.299999 17.9534 1.79315
      vertex -0.299999 18.6626 1.97079
    endloop
  endfacet
  facet normal 0 -0.242973 0.970033
    outer loop
      vertex -0.299999 17.9534 1.79315
      vertex -2.2 18.6626 1.97079
      vertex -2.2 17.9534 1.79315
    endloop
  endfacet
  facet normal -0 0.595719 0.803193
    outer loop
      vertex -2.2 12.361 2.90555
      vertex -0.299999 11.7738 3.34107
      vertex -0.299999 12.361 2.90555
    endloop
  endfacet
  facet normal 0 0.595719 0.803193
    outer loop
      vertex -0.299999 11.7738 3.34107
      vertex -2.2 12.361 2.90555
      vertex -2.2 11.7738 3.34107
    endloop
  endfacet
  facet normal 0 -0.427564 0.903985
    outer loop
      vertex -2.2 20.0119 2.52969
      vertex -0.299999 19.351 2.2171
      vertex -0.299999 20.0119 2.52969
    endloop
  endfacet
  facet normal 0 -0.427564 0.903985
    outer loop
      vertex -0.299999 19.351 2.2171
      vertex -2.2 20.0119 2.52969
      vertex -2.2 19.351 2.2171
    endloop
  endfacet
  facet normal 0 -0.0490644 0.998796
    outer loop
      vertex -2.2 17.2302 1.68587
      vertex -0.299999 16.5 1.65
      vertex -0.299999 17.2302 1.68587
    endloop
  endfacet
  facet normal 0 -0.0490644 0.998796
    outer loop
      vertex -0.299999 16.5 1.65
      vertex -2.2 17.2302 1.68587
      vertex -2.2 16.5 1.65
    endloop
  endfacet
  facet normal 0 -0.970014 0.243051
    outer loop
      vertex -2.2 23.6292 6.93738
      vertex -0.299999 23.8069 7.64658
      vertex -2.2 23.8069 7.64658
    endloop
  endfacet
  facet normal 0 -0.970014 0.243051
    outer loop
      vertex -0.299999 23.8069 7.64658
      vertex -2.2 23.6292 6.93738
      vertex -0.299999 23.6292 6.93738
    endloop
  endfacet
  facet normal 0 0.998796 0.0490624
    outer loop
      vertex -0.299999 9.08587 8.36977
      vertex -2.2 9.05 9.1
      vertex -0.299999 9.05 9.1
    endloop
  endfacet
  facet normal 0 0.998796 0.0490624
    outer loop
      vertex -2.2 9.05 9.1
      vertex -0.299999 9.08587 8.36977
      vertex -2.2 9.08587 8.36977
    endloop
  endfacet
  facet normal 0 -0.903985 0.427564
    outer loop
      vertex -2.2 23.0703 5.58809
      vertex -0.299999 23.3829 6.24901
      vertex -2.2 23.3829 6.24901
    endloop
  endfacet
  facet normal 0 -0.903985 0.427564
    outer loop
      vertex -0.299999 23.3829 6.24901
      vertex -2.2 23.0703 5.58809
      vertex -0.299999 23.0703 5.58809
    endloop
  endfacet
  facet normal 0 -0.671568 0.740943
    outer loop
      vertex -2.2 21.7679 3.83205
      vertex -0.299999 21.2262 3.34107
      vertex -0.299999 21.7679 3.83205
    endloop
  endfacet
  facet normal 0 -0.671568 0.740943
    outer loop
      vertex -0.299999 21.2262 3.34107
      vertex -2.2 21.7679 3.83205
      vertex -2.2 21.2262 3.34107
    endloop
  endfacet
  facet normal 0 -0.998794 0.0491033
    outer loop
      vertex -2.2 23.9141 8.36977
      vertex -0.299999 23.95 9.1
      vertex -2.2 23.95 9.1
    endloop
  endfacet
  facet normal 0 -0.998794 0.0491033
    outer loop
      vertex -0.299999 23.95 9.1
      vertex -2.2 23.9141 8.36977
      vertex -0.299999 23.9141 8.36977
    endloop
  endfacet
  facet normal -0 0.242973 0.970033
    outer loop
      vertex -2.2 15.0466 1.79315
      vertex -0.299999 14.3374 1.97079
      vertex -0.299999 15.0466 1.79315
    endloop
  endfacet
  facet normal 0 0.242973 0.970033
    outer loop
      vertex -0.299999 14.3374 1.97079
      vertex -2.2 15.0466 1.79315
      vertex -2.2 14.3374 1.97079
    endloop
  endfacet
  facet normal -0 0.146735 0.989176
    outer loop
      vertex -2.2 15.7698 1.68587
      vertex -0.299999 15.0466 1.79315
      vertex -0.299999 15.7698 1.68587
    endloop
  endfacet
  facet normal 0 0.146735 0.989176
    outer loop
      vertex -0.299999 15.0466 1.79315
      vertex -2.2 15.7698 1.68587
      vertex -2.2 15.0466 1.79315
    endloop
  endfacet
  facet normal 0 -0.514093 0.857734
    outer loop
      vertex -2.2 20.639 2.90555
      vertex -0.299999 20.0119 2.52969
      vertex -0.299999 20.639 2.90555
    endloop
  endfacet
  facet normal 0 -0.514093 0.857734
    outer loop
      vertex -0.299999 20.0119 2.52969
      vertex -2.2 20.639 2.90555
      vertex -2.2 20.0119 2.52969
    endloop
  endfacet
  facet normal 0 -0.595719 0.803193
    outer loop
      vertex -2.2 21.2262 3.34107
      vertex -0.299999 20.639 2.90555
      vertex -0.299999 21.2262 3.34107
    endloop
  endfacet
  facet normal 0 -0.595719 0.803193
    outer loop
      vertex -0.299999 20.639 2.90555
      vertex -2.2 21.2262 3.34107
      vertex -2.2 20.639 2.90555
    endloop
  endfacet
  facet normal 0 -0.336886 0.941546
    outer loop
      vertex -2.2 19.351 2.2171
      vertex -0.299999 18.6626 1.97079
      vertex -0.299999 19.351 2.2171
    endloop
  endfacet
  facet normal 0 -0.336886 0.941546
    outer loop
      vertex -0.299999 18.6626 1.97079
      vertex -2.2 19.351 2.2171
      vertex -2.2 18.6626 1.97079
    endloop
  endfacet
  facet normal 0 -0.740942 0.671569
    outer loop
      vertex -2.2 21.7679 3.83205
      vertex -0.299999 22.2589 4.37377
      vertex -2.2 22.2589 4.37377
    endloop
  endfacet
  facet normal 0 -0.740942 0.671569
    outer loop
      vertex -0.299999 22.2589 4.37377
      vertex -2.2 21.7679 3.83205
      vertex -0.299999 21.7679 3.83205
    endloop
  endfacet
  facet normal 0 0.740942 0.671569
    outer loop
      vertex -0.299999 11.2321 3.83205
      vertex -2.2 10.7411 4.37377
      vertex -0.299999 10.7411 4.37377
    endloop
  endfacet
  facet normal 0 0.740942 0.671569
    outer loop
      vertex -2.2 10.7411 4.37377
      vertex -0.299999 11.2321 3.83205
      vertex -2.2 11.2321 3.83205
    endloop
  endfacet
  facet normal 0 0.941541 0.336899
    outer loop
      vertex -0.299999 9.6171 6.24901
      vertex -2.2 9.37079 6.93738
      vertex -0.299999 9.37079 6.93738
    endloop
  endfacet
  facet normal 0 0.941541 0.336899
    outer loop
      vertex -2.2 9.37079 6.93738
      vertex -0.299999 9.6171 6.24901
      vertex -2.2 9.6171 6.24901
    endloop
  endfacet
  facet normal 0 0.90399 0.427553
    outer loop
      vertex -0.299999 9.92969 5.58809
      vertex -2.2 9.6171 6.24901
      vertex -0.299999 9.6171 6.24901
    endloop
  endfacet
  facet normal 0 0.90399 0.427553
    outer loop
      vertex -2.2 9.6171 6.24901
      vertex -0.299999 9.92969 5.58809
      vertex -2.2 9.92969 5.58809
    endloop
  endfacet
  facet normal 0 0.970033 0.242973
    outer loop
      vertex -0.299999 9.37079 6.93738
      vertex -2.2 9.19315 7.64658
      vertex -0.299999 9.19315 7.64658
    endloop
  endfacet
  facet normal 0 0.970033 0.242973
    outer loop
      vertex -2.2 9.19315 7.64658
      vertex -0.299999 9.37079 6.93738
      vertex -2.2 9.37079 6.93738
    endloop
  endfacet
  facet normal 0 -0.941545 0.336887
    outer loop
      vertex -2.2 23.3829 6.24901
      vertex -0.299999 23.6292 6.93738
      vertex -2.2 23.6292 6.93738
    endloop
  endfacet
  facet normal 0 -0.941545 0.336887
    outer loop
      vertex -0.299999 23.6292 6.93738
      vertex -2.2 23.3829 6.24901
      vertex -0.299999 23.3829 6.24901
    endloop
  endfacet
  facet normal -0 0.427564 0.903985
    outer loop
      vertex -2.2 13.649 2.2171
      vertex -0.299999 12.9881 2.52969
      vertex -0.299999 13.649 2.2171
    endloop
  endfacet
  facet normal 0 0.427564 0.903985
    outer loop
      vertex -0.299999 12.9881 2.52969
      vertex -2.2 13.649 2.2171
      vertex -2.2 12.9881 2.52969
    endloop
  endfacet
  facet normal -0 0.514093 0.857734
    outer loop
      vertex -2.2 12.9881 2.52969
      vertex -0.299999 12.361 2.90555
      vertex -0.299999 12.9881 2.52969
    endloop
  endfacet
  facet normal 0 0.514093 0.857734
    outer loop
      vertex -0.299999 12.361 2.90555
      vertex -2.2 12.9881 2.52969
      vertex -2.2 12.361 2.90555
    endloop
  endfacet
  facet normal -0 0.336886 0.941546
    outer loop
      vertex -2.2 14.3374 1.97079
      vertex -0.299999 13.649 2.2171
      vertex -0.299999 14.3374 1.97079
    endloop
  endfacet
  facet normal 0 0.336886 0.941546
    outer loop
      vertex -0.299999 13.649 2.2171
      vertex -2.2 14.3374 1.97079
      vertex -2.2 13.649 2.2171
    endloop
  endfacet
  facet normal 0 0.8577 0.51415
    outer loop
      vertex -0.299999 10.3056 4.961
      vertex -2.2 9.92969 5.58809
      vertex -0.299999 9.92969 5.58809
    endloop
  endfacet
  facet normal 0 0.8577 0.51415
    outer loop
      vertex -2.2 9.92969 5.58809
      vertex -0.299999 10.3056 4.961
      vertex -2.2 10.3056 4.961
    endloop
  endfacet
  facet normal 0 0.803155 0.59577
    outer loop
      vertex 57.7 19.2411 4.37377
      vertex 55.8 18.8055 4.961
      vertex 57.7 18.8055 4.961
    endloop
  endfacet
  facet normal 0 0.803155 0.59577
    outer loop
      vertex 55.8 18.8055 4.961
      vertex 57.7 19.2411 4.37377
      vertex 55.8 19.2411 4.37377
    endloop
  endfacet
  facet normal 0 -0.941545 0.336887
    outer loop
      vertex 55.8 31.8829 6.24901
      vertex 57.7 32.1292 6.93738
      vertex 55.8 32.1292 6.93738
    endloop
  endfacet
  facet normal 0 -0.941545 0.336887
    outer loop
      vertex 57.7 32.1292 6.93738
      vertex 55.8 31.8829 6.24901
      vertex 57.7 31.8829 6.24901
    endloop
  endfacet
  facet normal -0 0.427564 0.903985
    outer loop
      vertex 55.8 22.149 2.2171
      vertex 57.7 21.4881 2.52969
      vertex 57.7 22.149 2.2171
    endloop
  endfacet
  facet normal 0 0.427564 0.903985
    outer loop
      vertex 57.7 21.4881 2.52969
      vertex 55.8 22.149 2.2171
      vertex 55.8 21.4881 2.52969
    endloop
  endfacet
  facet normal 0 -0.903985 0.427564
    outer loop
      vertex 55.8 31.5703 5.58809
      vertex 57.7 31.8829 6.24901
      vertex 55.8 31.8829 6.24901
    endloop
  endfacet
  facet normal 0 -0.903985 0.427564
    outer loop
      vertex 57.7 31.8829 6.24901
      vertex 55.8 31.5703 5.58809
      vertex 57.7 31.5703 5.58809
    endloop
  endfacet
  facet normal 0 0.970014 0.243051
    outer loop
      vertex 57.7 17.8708 6.93738
      vertex 55.8 17.6931 7.64658
      vertex 57.7 17.6931 7.64658
    endloop
  endfacet
  facet normal 0 0.970014 0.243051
    outer loop
      vertex 55.8 17.6931 7.64658
      vertex 57.7 17.8708 6.93738
      vertex 55.8 17.8708 6.93738
    endloop
  endfacet
  facet normal 0 -0.336886 0.941546
    outer loop
      vertex 55.8 27.851 2.2171
      vertex 57.7 27.1626 1.97079
      vertex 57.7 27.851 2.2171
    endloop
  endfacet
  facet normal 0 -0.336886 0.941546
    outer loop
      vertex 57.7 27.1626 1.97079
      vertex 55.8 27.851 2.2171
      vertex 55.8 27.1626 1.97079
    endloop
  endfacet
  facet normal 0 -0.146735 0.989176
    outer loop
      vertex 55.8 26.4534 1.79315
      vertex 57.7 25.7302 1.68587
      vertex 57.7 26.4534 1.79315
    endloop
  endfacet
  facet normal 0 -0.146735 0.989176
    outer loop
      vertex 57.7 25.7302 1.68587
      vertex 55.8 26.4534 1.79315
      vertex 55.8 25.7302 1.68587
    endloop
  endfacet
  facet normal -0 0.0490644 0.998796
    outer loop
      vertex 55.8 25 1.65
      vertex 57.7 24.2698 1.68587
      vertex 57.7 25 1.65
    endloop
  endfacet
  facet normal 0 0.0490644 0.998796
    outer loop
      vertex 57.7 24.2698 1.68587
      vertex 55.8 25 1.65
      vertex 55.8 24.2698 1.68587
    endloop
  endfacet
  facet normal 0 -0.514093 0.857734
    outer loop
      vertex 55.8 29.139 2.90555
      vertex 57.7 28.5119 2.52969
      vertex 57.7 29.139 2.90555
    endloop
  endfacet
  facet normal 0 -0.514093 0.857734
    outer loop
      vertex 57.7 28.5119 2.52969
      vertex 55.8 29.139 2.90555
      vertex 55.8 28.5119 2.52969
    endloop
  endfacet
  facet normal 0 -0.0490644 0.998796
    outer loop
      vertex 55.8 25.7302 1.68587
      vertex 57.7 25 1.65
      vertex 57.7 25.7302 1.68587
    endloop
  endfacet
  facet normal 0 -0.0490644 0.998796
    outer loop
      vertex 57.7 25 1.65
      vertex 55.8 25.7302 1.68587
      vertex 55.8 25 1.65
    endloop
  endfacet
  facet normal -0 0.514093 0.857734
    outer loop
      vertex 55.8 21.4881 2.52969
      vertex 57.7 20.861 2.90555
      vertex 57.7 21.4881 2.52969
    endloop
  endfacet
  facet normal 0 0.514093 0.857734
    outer loop
      vertex 57.7 20.861 2.90555
      vertex 55.8 21.4881 2.52969
      vertex 55.8 20.861 2.90555
    endloop
  endfacet
  facet normal 0 0.903985 0.427564
    outer loop
      vertex 57.7 18.4297 5.58809
      vertex 55.8 18.1171 6.24901
      vertex 57.7 18.1171 6.24901
    endloop
  endfacet
  facet normal 0 0.903985 0.427564
    outer loop
      vertex 55.8 18.1171 6.24901
      vertex 57.7 18.4297 5.58809
      vertex 55.8 18.4297 5.58809
    endloop
  endfacet
  facet normal 0 -0.857706 0.51414
    outer loop
      vertex 55.8 31.1944 4.961
      vertex 57.7 31.5703 5.58809
      vertex 55.8 31.5703 5.58809
    endloop
  endfacet
  facet normal 0 -0.857706 0.51414
    outer loop
      vertex 57.7 31.5703 5.58809
      vertex 55.8 31.1944 4.961
      vertex 57.7 31.1944 4.961
    endloop
  endfacet
  facet normal -0 0.242973 0.970033
    outer loop
      vertex 55.8 23.5466 1.79315
      vertex 57.7 22.8374 1.97079
      vertex 57.7 23.5466 1.79315
    endloop
  endfacet
  facet normal 0 0.242973 0.970033
    outer loop
      vertex 57.7 22.8374 1.97079
      vertex 55.8 23.5466 1.79315
      vertex 55.8 22.8374 1.97079
    endloop
  endfacet
  facet normal -0 0.671568 0.740943
    outer loop
      vertex 55.8 20.2738 3.34107
      vertex 57.7 19.7321 3.83205
      vertex 57.7 20.2738 3.34107
    endloop
  endfacet
  facet normal 0 0.671568 0.740943
    outer loop
      vertex 57.7 19.7321 3.83205
      vertex 55.8 20.2738 3.34107
      vertex 55.8 19.7321 3.83205
    endloop
  endfacet
  facet normal 0 -0.242973 0.970033
    outer loop
      vertex 55.8 27.1626 1.97079
      vertex 57.7 26.4534 1.79315
      vertex 57.7 27.1626 1.97079
    endloop
  endfacet
  facet normal 0 -0.242973 0.970033
    outer loop
      vertex 57.7 26.4534 1.79315
      vertex 55.8 27.1626 1.97079
      vertex 55.8 26.4534 1.79315
    endloop
  endfacet
  facet normal 0 0.740942 0.671569
    outer loop
      vertex 57.7 19.7321 3.83205
      vertex 55.8 19.2411 4.37377
      vertex 57.7 19.2411 4.37377
    endloop
  endfacet
  facet normal 0 0.740942 0.671569
    outer loop
      vertex 55.8 19.2411 4.37377
      vertex 57.7 19.7321 3.83205
      vertex 55.8 19.7321 3.83205
    endloop
  endfacet
  facet normal 0 0.857767 0.514039
    outer loop
      vertex 57.7 18.8055 4.961
      vertex 55.8 18.4297 5.58809
      vertex 57.7 18.4297 5.58809
    endloop
  endfacet
  facet normal 0 0.857767 0.514039
    outer loop
      vertex 55.8 18.4297 5.58809
      vertex 57.7 18.8055 4.961
      vertex 55.8 18.8055 4.961
    endloop
  endfacet
  facet normal 0 -0.998794 0.0491033
    outer loop
      vertex 55.8 32.4141 8.36977
      vertex 57.7 32.45 9.1
      vertex 55.8 32.45 9.1
    endloop
  endfacet
  facet normal 0 -0.998794 0.0491033
    outer loop
      vertex 57.7 32.45 9.1
      vertex 55.8 32.4141 8.36977
      vertex 57.7 32.4141 8.36977
    endloop
  endfacet
  facet normal -0 0.595719 0.803193
    outer loop
      vertex 55.8 20.861 2.90555
      vertex 57.7 20.2738 3.34107
      vertex 57.7 20.861 2.90555
    endloop
  endfacet
  facet normal 0 0.595719 0.803193
    outer loop
      vertex 57.7 20.2738 3.34107
      vertex 55.8 20.861 2.90555
      vertex 55.8 20.2738 3.34107
    endloop
  endfacet
  facet normal 0 0.941545 0.336887
    outer loop
      vertex 57.7 18.1171 6.24901
      vertex 55.8 17.8708 6.93738
      vertex 57.7 17.8708 6.93738
    endloop
  endfacet
  facet normal 0 0.941545 0.336887
    outer loop
      vertex 55.8 17.8708 6.93738
      vertex 57.7 18.1171 6.24901
      vertex 55.8 18.1171 6.24901
    endloop
  endfacet
  facet normal -0 0.146735 0.989176
    outer loop
      vertex 55.8 24.2698 1.68587
      vertex 57.7 23.5466 1.79315
      vertex 57.7 24.2698 1.68587
    endloop
  endfacet
  facet normal 0 0.146735 0.989176
    outer loop
      vertex 57.7 23.5466 1.79315
      vertex 55.8 24.2698 1.68587
      vertex 55.8 23.5466 1.79315
    endloop
  endfacet
  facet normal -0 0.336886 0.941546
    outer loop
      vertex 55.8 22.8374 1.97079
      vertex 57.7 22.149 2.2171
      vertex 57.7 22.8374 1.97079
    endloop
  endfacet
  facet normal 0 0.336886 0.941546
    outer loop
      vertex 57.7 22.149 2.2171
      vertex 55.8 22.8374 1.97079
      vertex 55.8 22.149 2.2171
    endloop
  endfacet
  facet normal 0 -0.740942 0.671569
    outer loop
      vertex 55.8 30.2679 3.83205
      vertex 57.7 30.7589 4.37377
      vertex 55.8 30.7589 4.37377
    endloop
  endfacet
  facet normal 0 -0.740942 0.671569
    outer loop
      vertex 57.7 30.7589 4.37377
      vertex 55.8 30.2679 3.83205
      vertex 57.7 30.2679 3.83205
    endloop
  endfacet
  facet normal 0 0.998794 0.0491033
    outer loop
      vertex 57.7 17.5859 8.36977
      vertex 55.8 17.55 9.1
      vertex 57.7 17.55 9.1
    endloop
  endfacet
  facet normal 0 0.998794 0.0491033
    outer loop
      vertex 55.8 17.55 9.1
      vertex 57.7 17.5859 8.36977
      vertex 55.8 17.5859 8.36977
    endloop
  endfacet
  facet normal 0 -0.80322 0.595682
    outer loop
      vertex 55.8 30.7589 4.37377
      vertex 57.7 31.1944 4.961
      vertex 55.8 31.1944 4.961
    endloop
  endfacet
  facet normal 0 -0.80322 0.595682
    outer loop
      vertex 57.7 31.1944 4.961
      vertex 55.8 30.7589 4.37377
      vertex 57.7 30.7589 4.37377
    endloop
  endfacet
  facet normal 0 -0.427564 0.903985
    outer loop
      vertex 55.8 28.5119 2.52969
      vertex 57.7 27.851 2.2171
      vertex 57.7 28.5119 2.52969
    endloop
  endfacet
  facet normal 0 -0.427564 0.903985
    outer loop
      vertex 57.7 27.851 2.2171
      vertex 55.8 28.5119 2.52969
      vertex 55.8 27.851 2.2171
    endloop
  endfacet
  facet normal 0 -0.595719 0.803193
    outer loop
      vertex 55.8 29.7262 3.34107
      vertex 57.7 29.139 2.90555
      vertex 57.7 29.7262 3.34107
    endloop
  endfacet
  facet normal 0 -0.595719 0.803193
    outer loop
      vertex 57.7 29.139 2.90555
      vertex 55.8 29.7262 3.34107
      vertex 55.8 29.139 2.90555
    endloop
  endfacet
  facet normal 0 -0.970014 0.243051
    outer loop
      vertex 55.8 32.1292 6.93738
      vertex 57.7 32.3069 7.64658
      vertex 55.8 32.3069 7.64658
    endloop
  endfacet
  facet normal 0 -0.970014 0.243051
    outer loop
      vertex 57.7 32.3069 7.64658
      vertex 55.8 32.1292 6.93738
      vertex 57.7 32.1292 6.93738
    endloop
  endfacet
  facet normal 0 -0.671568 0.740943
    outer loop
      vertex 55.8 30.2679 3.83205
      vertex 57.7 29.7262 3.34107
      vertex 57.7 30.2679 3.83205
    endloop
  endfacet
  facet normal 0 -0.671568 0.740943
    outer loop
      vertex 57.7 29.7262 3.34107
      vertex 55.8 30.2679 3.83205
      vertex 55.8 29.7262 3.34107
    endloop
  endfacet
  facet normal 0 0.989191 0.14663
    outer loop
      vertex 57.7 17.6931 7.64658
      vertex 55.8 17.5859 8.36977
      vertex 57.7 17.5859 8.36977
    endloop
  endfacet
  facet normal 0 0.989191 0.14663
    outer loop
      vertex 55.8 17.5859 8.36977
      vertex 57.7 17.6931 7.64658
      vertex 55.8 17.6931 7.64658
    endloop
  endfacet
  facet normal 0 -0.989191 0.14663
    outer loop
      vertex 55.8 32.3069 7.64658
      vertex 57.7 32.4141 8.36977
      vertex 55.8 32.4141 8.36977
    endloop
  endfacet
  facet normal 0 -0.989191 0.14663
    outer loop
      vertex 57.7 32.4141 8.36977
      vertex 55.8 32.3069 7.64658
      vertex 57.7 32.3069 7.64658
    endloop
  endfacet
  facet normal 0 -0.857706 0.51414
    outer loop
      vertex 55.8 14.1944 4.961
      vertex 57.7 14.5703 5.58809
      vertex 55.8 14.5703 5.58809
    endloop
  endfacet
  facet normal 0 -0.857706 0.51414
    outer loop
      vertex 57.7 14.5703 5.58809
      vertex 55.8 14.1944 4.961
      vertex 57.7 14.1944 4.961
    endloop
  endfacet
  facet normal 0 -0.146737 0.989176
    outer loop
      vertex 55.8 9.45342 1.79315
      vertex 57.7 8.73023 1.68587
      vertex 57.7 9.45342 1.79315
    endloop
  endfacet
  facet normal 0 -0.146737 0.989176
    outer loop
      vertex 57.7 8.73023 1.68587
      vertex 55.8 9.45342 1.79315
      vertex 55.8 8.73023 1.68587
    endloop
  endfacet
  facet normal 0 -0.24298 0.970031
    outer loop
      vertex 55.8 10.1626 1.97079
      vertex 57.7 9.45342 1.79315
      vertex 57.7 10.1626 1.97079
    endloop
  endfacet
  facet normal 0 -0.24298 0.970031
    outer loop
      vertex 57.7 9.45342 1.79315
      vertex 55.8 10.1626 1.97079
      vertex 55.8 9.45342 1.79315
    endloop
  endfacet
  facet normal -0 0.0490624 0.998796
    outer loop
      vertex 55.8 8 1.65
      vertex 57.7 7.26977 1.68587
      vertex 57.7 8 1.65
    endloop
  endfacet
  facet normal 0 0.0490624 0.998796
    outer loop
      vertex 57.7 7.26977 1.68587
      vertex 55.8 8 1.65
      vertex 55.8 7.26977 1.68587
    endloop
  endfacet
  facet normal 0 0.740955 0.671554
    outer loop
      vertex 57.7 2.73205 3.83205
      vertex 55.8 2.24107 4.37377
      vertex 57.7 2.24107 4.37377
    endloop
  endfacet
  facet normal 0 0.740955 0.671554
    outer loop
      vertex 55.8 2.24107 4.37377
      vertex 57.7 2.73205 3.83205
      vertex 55.8 2.73205 3.83205
    endloop
  endfacet
  facet normal 0 -0.595719 0.803193
    outer loop
      vertex 55.8 12.7262 3.34107
      vertex 57.7 12.139 2.90555
      vertex 57.7 12.7262 3.34107
    endloop
  endfacet
  facet normal 0 -0.595719 0.803193
    outer loop
      vertex 57.7 12.139 2.90555
      vertex 55.8 12.7262 3.34107
      vertex 55.8 12.139 2.90555
    endloop
  endfacet
  facet normal 0 -0.0490624 0.998796
    outer loop
      vertex 55.8 8.73023 1.68587
      vertex 57.7 8 1.65
      vertex 57.7 8.73023 1.68587
    endloop
  endfacet
  facet normal 0 -0.0490624 0.998796
    outer loop
      vertex 57.7 8 1.65
      vertex 55.8 8.73023 1.68587
      vertex 55.8 8 1.65
    endloop
  endfacet
  facet normal 0 -0.740942 0.671569
    outer loop
      vertex 55.8 13.2679 3.83205
      vertex 57.7 13.7589 4.37377
      vertex 55.8 13.7589 4.37377
    endloop
  endfacet
  facet normal 0 -0.740942 0.671569
    outer loop
      vertex 57.7 13.7589 4.37377
      vertex 55.8 13.2679 3.83205
      vertex 57.7 13.2679 3.83205
    endloop
  endfacet
  facet normal 0 0.941543 0.336894
    outer loop
      vertex 57.7 1.1171 6.24901
      vertex 55.8 0.870794 6.93738
      vertex 57.7 0.870794 6.93738
    endloop
  endfacet
  facet normal 0 0.941543 0.336894
    outer loop
      vertex 55.8 0.870794 6.93738
      vertex 57.7 1.1171 6.24901
      vertex 55.8 1.1171 6.24901
    endloop
  endfacet
  facet normal 0 0.989176 0.146732
    outer loop
      vertex 57.7 0.69315 7.64658
      vertex 55.8 0.585874 8.36977
      vertex 57.7 0.585874 8.36977
    endloop
  endfacet
  facet normal 0 0.989176 0.146732
    outer loop
      vertex 55.8 0.585874 8.36977
      vertex 57.7 0.69315 7.64658
      vertex 55.8 0.69315 7.64658
    endloop
  endfacet
  facet normal 0 0.90399 0.427553
    outer loop
      vertex 57.7 1.42969 5.58809
      vertex 55.8 1.1171 6.24901
      vertex 57.7 1.1171 6.24901
    endloop
  endfacet
  facet normal 0 0.90399 0.427553
    outer loop
      vertex 55.8 1.1171 6.24901
      vertex 57.7 1.42969 5.58809
      vertex 55.8 1.42969 5.58809
    endloop
  endfacet
  facet normal -0 0.146737 0.989176
    outer loop
      vertex 55.8 7.26977 1.68587
      vertex 57.7 6.54658 1.79315
      vertex 57.7 7.26977 1.68587
    endloop
  endfacet
  facet normal 0 0.146737 0.989176
    outer loop
      vertex 57.7 6.54658 1.79315
      vertex 55.8 7.26977 1.68587
      vertex 55.8 6.54658 1.79315
    endloop
  endfacet
  facet normal -0 0.671554 0.740955
    outer loop
      vertex 55.8 3.27377 3.34107
      vertex 57.7 2.73205 3.83205
      vertex 57.7 3.27377 3.34107
    endloop
  endfacet
  facet normal 0 0.671554 0.740955
    outer loop
      vertex 57.7 2.73205 3.83205
      vertex 55.8 3.27377 3.34107
      vertex 55.8 2.73205 3.83205
    endloop
  endfacet
  facet normal 0 -0.671568 0.740943
    outer loop
      vertex 55.8 13.2679 3.83205
      vertex 57.7 12.7262 3.34107
      vertex 57.7 13.2679 3.83205
    endloop
  endfacet
  facet normal 0 -0.671568 0.740943
    outer loop
      vertex 57.7 12.7262 3.34107
      vertex 55.8 13.2679 3.83205
      vertex 55.8 12.7262 3.34107
    endloop
  endfacet
  facet normal -0 0.242973 0.970033
    outer loop
      vertex 55.8 6.54658 1.79315
      vertex 57.7 5.83738 1.97079
      vertex 57.7 6.54658 1.79315
    endloop
  endfacet
  facet normal 0 0.242973 0.970033
    outer loop
      vertex 57.7 5.83738 1.97079
      vertex 55.8 6.54658 1.79315
      vertex 55.8 5.83738 1.97079
    endloop
  endfacet
  facet normal 0 0.998795 0.0490692
    outer loop
      vertex 57.7 0.585874 8.36977
      vertex 55.8 0.549999 9.1
      vertex 57.7 0.549999 9.1
    endloop
  endfacet
  facet normal 0 0.998795 0.0490692
    outer loop
      vertex 55.8 0.549999 9.1
      vertex 57.7 0.585874 8.36977
      vertex 55.8 0.585874 8.36977
    endloop
  endfacet
  facet normal -0 0.336899 0.941541
    outer loop
      vertex 55.8 5.83738 1.97079
      vertex 57.7 5.14901 2.2171
      vertex 57.7 5.83738 1.97079
    endloop
  endfacet
  facet normal 0 0.336899 0.941541
    outer loop
      vertex 57.7 5.14901 2.2171
      vertex 55.8 5.83738 1.97079
      vertex 55.8 5.14901 2.2171
    endloop
  endfacet
  facet normal 0 -0.80322 0.595682
    outer loop
      vertex 55.8 13.7589 4.37377
      vertex 57.7 14.1944 4.961
      vertex 55.8 14.1944 4.961
    endloop
  endfacet
  facet normal 0 -0.80322 0.595682
    outer loop
      vertex 57.7 14.1944 4.961
      vertex 55.8 13.7589 4.37377
      vertex 57.7 13.7589 4.37377
    endloop
  endfacet
  facet normal 0 0.970032 0.242978
    outer loop
      vertex 57.7 0.870794 6.93738
      vertex 55.8 0.69315 7.64658
      vertex 57.7 0.69315 7.64658
    endloop
  endfacet
  facet normal 0 0.970032 0.242978
    outer loop
      vertex 55.8 0.69315 7.64658
      vertex 57.7 0.870794 6.93738
      vertex 55.8 0.870794 6.93738
    endloop
  endfacet
  facet normal 0 -0.941545 0.336887
    outer loop
      vertex 55.8 14.8829 6.24901
      vertex 57.7 15.1292 6.93738
      vertex 55.8 15.1292 6.93738
    endloop
  endfacet
  facet normal 0 -0.941545 0.336887
    outer loop
      vertex 57.7 15.1292 6.93738
      vertex 55.8 14.8829 6.24901
      vertex 57.7 14.8829 6.24901
    endloop
  endfacet
  facet normal 0 -0.903985 0.427564
    outer loop
      vertex 55.8 14.5703 5.58809
      vertex 57.7 14.8829 6.24901
      vertex 55.8 14.8829 6.24901
    endloop
  endfacet
  facet normal 0 -0.903985 0.427564
    outer loop
      vertex 57.7 14.8829 6.24901
      vertex 55.8 14.5703 5.58809
      vertex 57.7 14.5703 5.58809
    endloop
  endfacet
  facet normal -0 0.514099 0.857731
    outer loop
      vertex 55.8 4.48809 2.52969
      vertex 57.7 3.861 2.90555
      vertex 57.7 4.48809 2.52969
    endloop
  endfacet
  facet normal 0 0.514099 0.857731
    outer loop
      vertex 57.7 3.861 2.90555
      vertex 55.8 4.48809 2.52969
      vertex 55.8 3.861 2.90555
    endloop
  endfacet
  facet normal 0 0.803207 0.5957
    outer loop
      vertex 57.7 2.24107 4.37377
      vertex 55.8 1.80555 4.961
      vertex 57.7 1.80555 4.961
    endloop
  endfacet
  facet normal 0 0.803207 0.5957
    outer loop
      vertex 55.8 1.80555 4.961
      vertex 57.7 2.24107 4.37377
      vertex 55.8 2.24107 4.37377
    endloop
  endfacet
  facet normal 0 -0.336886 0.941546
    outer loop
      vertex 55.8 10.851 2.2171
      vertex 57.7 10.1626 1.97079
      vertex 57.7 10.851 2.2171
    endloop
  endfacet
  facet normal 0 -0.336886 0.941546
    outer loop
      vertex 57.7 10.1626 1.97079
      vertex 55.8 10.851 2.2171
      vertex 55.8 10.1626 1.97079
    endloop
  endfacet
  facet normal -0 0.5957 0.803207
    outer loop
      vertex 55.8 3.861 2.90555
      vertex 57.7 3.27377 3.34107
      vertex 57.7 3.861 2.90555
    endloop
  endfacet
  facet normal 0 0.5957 0.803207
    outer loop
      vertex 57.7 3.27377 3.34107
      vertex 55.8 3.861 2.90555
      vertex 55.8 3.27377 3.34107
    endloop
  endfacet
  facet normal 0 -0.427564 0.903985
    outer loop
      vertex 55.8 11.5119 2.52969
      vertex 57.7 10.851 2.2171
      vertex 57.7 11.5119 2.52969
    endloop
  endfacet
  facet normal 0 -0.427564 0.903985
    outer loop
      vertex 57.7 10.851 2.2171
      vertex 55.8 11.5119 2.52969
      vertex 55.8 10.851 2.2171
    endloop
  endfacet
  facet normal 0 -0.514093 0.857734
    outer loop
      vertex 55.8 12.139 2.90555
      vertex 57.7 11.5119 2.52969
      vertex 57.7 12.139 2.90555
    endloop
  endfacet
  facet normal 0 -0.514093 0.857734
    outer loop
      vertex 57.7 11.5119 2.52969
      vertex 55.8 12.139 2.90555
      vertex 55.8 11.5119 2.52969
    endloop
  endfacet
  facet normal 0 -0.998794 0.0491033
    outer loop
      vertex 55.8 15.4141 8.36977
      vertex 57.7 15.45 9.1
      vertex 55.8 15.45 9.1
    endloop
  endfacet
  facet normal 0 -0.998794 0.0491033
    outer loop
      vertex 57.7 15.45 9.1
      vertex 55.8 15.4141 8.36977
      vertex 57.7 15.4141 8.36977
    endloop
  endfacet
  facet normal 0 0.857731 0.514099
    outer loop
      vertex 57.7 1.80555 4.961
      vertex 55.8 1.42969 5.58809
      vertex 57.7 1.42969 5.58809
    endloop
  endfacet
  facet normal 0 0.857731 0.514099
    outer loop
      vertex 55.8 1.42969 5.58809
      vertex 57.7 1.80555 4.961
      vertex 55.8 1.80555 4.961
    endloop
  endfacet
  facet normal 0 -0.970046 0.242922
    outer loop
      vertex 55.8 15.1292 6.93738
      vertex 57.7 15.3068 7.64658
      vertex 55.8 15.3068 7.64658
    endloop
  endfacet
  facet normal 0 -0.970046 0.242922
    outer loop
      vertex 57.7 15.3068 7.64658
      vertex 55.8 15.1292 6.93738
      vertex 57.7 15.1292 6.93738
    endloop
  endfacet
  facet normal 0 -0.989172 0.146764
    outer loop
      vertex 55.8 15.3068 7.64658
      vertex 57.7 15.4141 8.36977
      vertex 55.8 15.4141 8.36977
    endloop
  endfacet
  facet normal 0 -0.989172 0.146764
    outer loop
      vertex 57.7 15.4141 8.36977
      vertex 55.8 15.3068 7.64658
      vertex 57.7 15.3068 7.64658
    endloop
  endfacet
  facet normal -0 0.427553 0.90399
    outer loop
      vertex 55.8 5.14901 2.2171
      vertex 57.7 4.48809 2.52969
      vertex 57.7 5.14901 2.2171
    endloop
  endfacet
  facet normal 0 0.427553 0.90399
    outer loop
      vertex 57.7 4.48809 2.52969
      vertex 55.8 5.14901 2.2171
      vertex 55.8 4.48809 2.52969
    endloop
  endfacet
  facet normal -0 0 1
    outer loop
      vertex -0.299999 24.25 1.5
      vertex -0.2 8.75 1.5
      vertex -0.2 24.25 1.5
    endloop
  endfacet
  facet normal 0 0 1
    outer loop
      vertex -0.2 8.75 1.5
      vertex -0.299999 24.25 1.5
      vertex -0.299999 8.75 1.5
    endloop
  endfacet
  facet normal 1 0 0
    outer loop
      vertex -0.299999 23.9141 8.36977
      vertex -0.299999 24.25 9.1
      vertex -0.299999 23.95 9.1
    endloop
  endfacet
  facet normal 1 0 0
    outer loop
      vertex -0.299999 23.8069 7.64658
      vertex -0.299999 24.25 9.1
      vertex -0.299999 23.9141 8.36977
    endloop
  endfacet
  facet normal 1 0 0
    outer loop
      vertex -0.299999 24.25 9.1
      vertex -0.299999 23.8069 7.64658
      vertex -0.299999 24.25 1.5
    endloop
  endfacet
  facet normal 1 -0 0
    outer loop
      vertex -0.299999 23.6292 6.93738
      vertex -0.299999 24.25 1.5
      vertex -0.299999 23.8069 7.64658
    endloop
  endfacet
  facet normal 1 -0 0
    outer loop
      vertex -0.299999 23.3829 6.24901
      vertex -0.299999 24.25 1.5
      vertex -0.299999 23.6292 6.93738
    endloop
  endfacet
  facet normal 1 -0 0
    outer loop
      vertex -0.299999 23.0703 5.58809
      vertex -0.299999 24.25 1.5
      vertex -0.299999 23.3829 6.24901
    endloop
  endfacet
  facet normal 1 -0 0
    outer loop
      vertex -0.299999 22.6944 4.961
      vertex -0.299999 24.25 1.5
      vertex -0.299999 23.0703 5.58809
    endloop
  endfacet
  facet normal 1 -0 0
    outer loop
      vertex -0.299999 22.2589 4.37377
      vertex -0.299999 24.25 1.5
      vertex -0.299999 22.6944 4.961
    endloop
  endfacet
  facet normal 1 -0 0
    outer loop
      vertex -0.299999 21.7679 3.83205
      vertex -0.299999 24.25 1.5
      vertex -0.299999 22.2589 4.37377
    endloop
  endfacet
  facet normal 1 -0 0
    outer loop
      vertex -0.299999 21.2262 3.34107
      vertex -0.299999 24.25 1.5
      vertex -0.299999 21.7679 3.83205
    endloop
  endfacet
  facet normal 1 -0 0
    outer loop
      vertex -0.299999 20.639 2.90555
      vertex -0.299999 24.25 1.5
      vertex -0.299999 21.2262 3.34107
    endloop
  endfacet
  facet normal 1 -0 0
    outer loop
      vertex -0.299999 20.0119 2.52969
      vertex -0.299999 24.25 1.5
      vertex -0.299999 20.639 2.90555
    endloop
  endfacet
  facet normal 1 -0 0
    outer loop
      vertex -0.299999 19.351 2.2171
      vertex -0.299999 24.25 1.5
      vertex -0.299999 20.0119 2.52969
    endloop
  endfacet
  facet normal 1 -0 0
    outer loop
      vertex -0.299999 18.6626 1.97079
      vertex -0.299999 24.25 1.5
      vertex -0.299999 19.351 2.2171
    endloop
  endfacet
  facet normal 1 -0 0
    outer loop
      vertex -0.299999 17.9534 1.79315
      vertex -0.299999 24.25 1.5
      vertex -0.299999 18.6626 1.97079
    endloop
  endfacet
  facet normal 1 -0 0
    outer loop
      vertex -0.299999 17.2302 1.68587
      vertex -0.299999 24.25 1.5
      vertex -0.299999 17.9534 1.79315
    endloop
  endfacet
  facet normal 1 -0 0
    outer loop
      vertex -0.299999 16.5 1.65
      vertex -0.299999 24.25 1.5
      vertex -0.299999 17.2302 1.68587
    endloop
  endfacet
  facet normal 1 -0 0
    outer loop
      vertex -0.299999 8.75 9.1
      vertex -0.299999 9.08587 8.36977
      vertex -0.299999 9.05 9.1
    endloop
  endfacet
  facet normal 1 0 0
    outer loop
      vertex -0.299999 8.75 9.1
      vertex -0.299999 9.19315 7.64658
      vertex -0.299999 9.08587 8.36977
    endloop
  endfacet
  facet normal 1 0 0
    outer loop
      vertex -0.299999 8.75 1.5
      vertex -0.299999 9.19315 7.64658
      vertex -0.299999 8.75 9.1
    endloop
  endfacet
  facet normal 1 0 0
    outer loop
      vertex -0.299999 16.5 1.65
      vertex -0.299999 8.75 1.5
      vertex -0.299999 24.25 1.5
    endloop
  endfacet
  facet normal 1 0 0
    outer loop
      vertex -0.299999 15.7698 1.68587
      vertex -0.299999 8.75 1.5
      vertex -0.299999 16.5 1.65
    endloop
  endfacet
  facet normal 1 0 0
    outer loop
      vertex -0.299999 15.0466 1.79315
      vertex -0.299999 8.75 1.5
      vertex -0.299999 15.7698 1.68587
    endloop
  endfacet
  facet normal 1 0 0
    outer loop
      vertex -0.299999 14.3374 1.97079
      vertex -0.299999 8.75 1.5
      vertex -0.299999 15.0466 1.79315
    endloop
  endfacet
  facet normal 1 0 0
    outer loop
      vertex -0.299999 13.649 2.2171
      vertex -0.299999 8.75 1.5
      vertex -0.299999 14.3374 1.97079
    endloop
  endfacet
  facet normal 1 0 0
    outer loop
      vertex -0.299999 12.9881 2.52969
      vertex -0.299999 8.75 1.5
      vertex -0.299999 13.649 2.2171
    endloop
  endfacet
  facet normal 1 0 0
    outer loop
      vertex -0.299999 12.361 2.90555
      vertex -0.299999 8.75 1.5
      vertex -0.299999 12.9881 2.52969
    endloop
  endfacet
  facet normal 1 0 0
    outer loop
      vertex -0.299999 11.7738 3.34107
      vertex -0.299999 8.75 1.5
      vertex -0.299999 12.361 2.90555
    endloop
  endfacet
  facet normal 1 0 0
    outer loop
      vertex -0.299999 11.2321 3.83205
      vertex -0.299999 8.75 1.5
      vertex -0.299999 11.7738 3.34107
    endloop
  endfacet
  facet normal 1 0 0
    outer loop
      vertex -0.299999 10.7411 4.37377
      vertex -0.299999 8.75 1.5
      vertex -0.299999 11.2321 3.83205
    endloop
  endfacet
  facet normal 1 0 0
    outer loop
      vertex -0.299999 10.3056 4.961
      vertex -0.299999 8.75 1.5
      vertex -0.299999 10.7411 4.37377
    endloop
  endfacet
  facet normal 1 0 0
    outer loop
      vertex -0.299999 9.92969 5.58809
      vertex -0.299999 8.75 1.5
      vertex -0.299999 10.3056 4.961
    endloop
  endfacet
  facet normal 1 0 0
    outer loop
      vertex -0.299999 9.6171 6.24901
      vertex -0.299999 8.75 1.5
      vertex -0.299999 9.92969 5.58809
    endloop
  endfacet
  facet normal 1 0 0
    outer loop
      vertex -0.299999 9.37079 6.93738
      vertex -0.299999 8.75 1.5
      vertex -0.299999 9.6171 6.24901
    endloop
  endfacet
  facet normal 1 0 0
    outer loop
      vertex -0.299999 9.19315 7.64658
      vertex -0.299999 8.75 1.5
      vertex -0.299999 9.37079 6.93738
    endloop
  endfacet
  facet normal 0 -1 0
    outer loop
      vertex -0.299999 24.25 9.1
      vertex -0.2 24.25 9.09
      vertex -0.2 24.25 9.1
    endloop
  endfacet
  facet normal 0 -1 0
    outer loop
      vertex -0.299999 24.25 1.5
      vertex -0.2 24.25 9.09
      vertex -0.299999 24.25 9.1
    endloop
  endfacet
  facet normal 0 -1 -0
    outer loop
      vertex -0.2 24.25 9.09
      vertex -0.299999 24.25 1.5
      vertex -0.2 24.25 1.5
    endloop
  endfacet
  facet normal 0 -1 0
    outer loop
      vertex -0.2 24.25 9.1
      vertex 0.799999 24.25 10.5
      vertex -0.2 24.25 10.5
    endloop
  endfacet
  facet normal 0 -1 0
    outer loop
      vertex 0.799999 24.25 9.09
      vertex -0.2 24.25 9.1
      vertex -0.2 24.25 9.09
    endloop
  endfacet
  facet normal 0 -1 0
    outer loop
      vertex -0.2 24.25 9.1
      vertex 0.799999 24.25 9.09
      vertex 0.799999 24.25 10.5
    endloop
  endfacet
  facet normal 0 1 0
    outer loop
      vertex 0.799999 8.75 10.5
      vertex -0.2 8.75 9.1
      vertex -0.2 8.75 10.5
    endloop
  endfacet
  facet normal 0 1 -0
    outer loop
      vertex 0.799999 8.75 9.09
      vertex -0.2 8.75 9.1
      vertex 0.799999 8.75 10.5
    endloop
  endfacet
  facet normal 0 1 0
    outer loop
      vertex -0.2 8.75 9.09
      vertex -0.2 8.75 9.1
      vertex 0.799999 8.75 9.09
    endloop
  endfacet
  facet normal 0 1 0
    outer loop
      vertex -0.2 8.75 9.1
      vertex -0.2 8.75 9.09
      vertex -0.299999 8.75 9.1
    endloop
  endfacet
  facet normal 0 1 0
    outer loop
      vertex -0.299999 8.75 1.5
      vertex -0.2 8.75 9.09
      vertex -0.2 8.75 1.5
    endloop
  endfacet
  facet normal 0 1 0
    outer loop
      vertex -0.2 8.75 9.09
      vertex -0.299999 8.75 1.5
      vertex -0.299999 8.75 9.1
    endloop
  endfacet
  facet normal -1 0 0
    outer loop
      vertex 55.8 32.3069 7.64658
      vertex 55.8 32.75 9.1
      vertex 55.8 32.75 1.5
    endloop
  endfacet
  facet normal -1 -0 0
    outer loop
      vertex 55.8 32.75 9.1
      vertex 55.8 32.4141 8.36977
      vertex 55.8 32.45 9.1
    endloop
  endfacet
  facet normal -1 0 0
    outer loop
      vertex 55.8 32.75 9.1
      vertex 55.8 32.3069 7.64658
      vertex 55.8 32.4141 8.36977
    endloop
  endfacet
  facet normal -1 0 0
    outer loop
      vertex 55.8 32.75 1.5
      vertex 55.8 32.1292 6.93738
      vertex 55.8 32.3069 7.64658
    endloop
  endfacet
  facet normal -1 0 0
    outer loop
      vertex 55.8 32.75 1.5
      vertex 55.8 31.8829 6.24901
      vertex 55.8 32.1292 6.93738
    endloop
  endfacet
  facet normal -1 0 0
    outer loop
      vertex 55.8 32.75 1.5
      vertex 55.8 31.5703 5.58809
      vertex 55.8 31.8829 6.24901
    endloop
  endfacet
  facet normal -1 0 0
    outer loop
      vertex 55.8 32.75 1.5
      vertex 55.8 31.1944 4.961
      vertex 55.8 31.5703 5.58809
    endloop
  endfacet
  facet normal -1 0 0
    outer loop
      vertex 55.8 32.75 1.5
      vertex 55.8 30.7589 4.37377
      vertex 55.8 31.1944 4.961
    endloop
  endfacet
  facet normal -1 0 0
    outer loop
      vertex 55.8 32.75 1.5
      vertex 55.8 30.2679 3.83205
      vertex 55.8 30.7589 4.37377
    endloop
  endfacet
  facet normal -1 0 0
    outer loop
      vertex 55.8 32.75 1.5
      vertex 55.8 29.7262 3.34107
      vertex 55.8 30.2679 3.83205
    endloop
  endfacet
  facet normal -1 0 0
    outer loop
      vertex 55.8 32.75 1.5
      vertex 55.8 29.139 2.90555
      vertex 55.8 29.7262 3.34107
    endloop
  endfacet
  facet normal -1 0 0
    outer loop
      vertex 55.8 32.75 1.5
      vertex 55.8 28.5119 2.52969
      vertex 55.8 29.139 2.90555
    endloop
  endfacet
  facet normal -1 0 0
    outer loop
      vertex 55.8 32.75 1.5
      vertex 55.8 27.851 2.2171
      vertex 55.8 28.5119 2.52969
    endloop
  endfacet
  facet normal -1 0 0
    outer loop
      vertex 55.8 32.75 1.5
      vertex 55.8 27.1626 1.97079
      vertex 55.8 27.851 2.2171
    endloop
  endfacet
  facet normal -1 0 0
    outer loop
      vertex 55.8 32.75 1.5
      vertex 55.8 26.4534 1.79315
      vertex 55.8 27.1626 1.97079
    endloop
  endfacet
  facet normal -1 0 0
    outer loop
      vertex 55.8 32.75 1.5
      vertex 55.8 25.7302 1.68587
      vertex 55.8 26.4534 1.79315
    endloop
  endfacet
  facet normal -1 0 0
    outer loop
      vertex 55.8 32.75 1.5
      vertex 55.8 25 1.65
      vertex 55.8 25.7302 1.68587
    endloop
  endfacet
  facet normal -1 0 0
    outer loop
      vertex 55.8 17.25 1.5
      vertex 55.8 25 1.65
      vertex 55.8 32.75 1.5
    endloop
  endfacet
  facet normal -1 0 0
    outer loop
      vertex 55.8 17.25 1.5
      vertex 55.8 24.2698 1.68587
      vertex 55.8 25 1.65
    endloop
  endfacet
  facet normal -1 0 0
    outer loop
      vertex 55.8 17.25 1.5
      vertex 55.8 23.5466 1.79315
      vertex 55.8 24.2698 1.68587
    endloop
  endfacet
  facet normal -1 0 0
    outer loop
      vertex 55.8 17.25 1.5
      vertex 55.8 22.8374 1.97079
      vertex 55.8 23.5466 1.79315
    endloop
  endfacet
  facet normal -1 0 0
    outer loop
      vertex 55.8 17.25 1.5
      vertex 55.8 22.149 2.2171
      vertex 55.8 22.8374 1.97079
    endloop
  endfacet
  facet normal -1 0 0
    outer loop
      vertex 55.8 17.25 1.5
      vertex 55.8 21.4881 2.52969
      vertex 55.8 22.149 2.2171
    endloop
  endfacet
  facet normal -1 0 0
    outer loop
      vertex 55.8 17.25 1.5
      vertex 55.8 20.861 2.90555
      vertex 55.8 21.4881 2.52969
    endloop
  endfacet
  facet normal -1 0 0
    outer loop
      vertex 55.8 17.25 1.5
      vertex 55.8 20.2738 3.34107
      vertex 55.8 20.861 2.90555
    endloop
  endfacet
  facet normal -1 0 0
    outer loop
      vertex 55.8 17.25 1.5
      vertex 55.8 19.7321 3.83205
      vertex 55.8 20.2738 3.34107
    endloop
  endfacet
  facet normal -1 0 0
    outer loop
      vertex 55.8 17.25 1.5
      vertex 55.8 19.2411 4.37377
      vertex 55.8 19.7321 3.83205
    endloop
  endfacet
  facet normal -1 0 0
    outer loop
      vertex 55.8 17.25 1.5
      vertex 55.8 18.8055 4.961
      vertex 55.8 19.2411 4.37377
    endloop
  endfacet
  facet normal -1 0 0
    outer loop
      vertex 55.8 17.25 1.5
      vertex 55.8 18.4297 5.58809
      vertex 55.8 18.8055 4.961
    endloop
  endfacet
  facet normal -1 0 0
    outer loop
      vertex 55.8 17.25 1.5
      vertex 55.8 18.1171 6.24901
      vertex 55.8 18.4297 5.58809
    endloop
  endfacet
  facet normal -1 0 0
    outer loop
      vertex 55.8 17.25 1.5
      vertex 55.8 17.8708 6.93738
      vertex 55.8 18.1171 6.24901
    endloop
  endfacet
  facet normal -1 0 0
    outer loop
      vertex 55.8 17.25 1.5
      vertex 55.8 17.6931 7.64658
      vertex 55.8 17.8708 6.93738
    endloop
  endfacet
  facet normal -1 0 0
    outer loop
      vertex 55.8 17.25 9.1
      vertex 55.8 17.6931 7.64658
      vertex 55.8 17.25 1.5
    endloop
  endfacet
  facet normal -1 0 0
    outer loop
      vertex 55.8 17.6931 7.64658
      vertex 55.8 17.25 9.1
      vertex 55.8 17.5859 8.36977
    endloop
  endfacet
  facet normal -1 0 0
    outer loop
      vertex 55.8 17.5859 8.36977
      vertex 55.8 17.25 9.1
      vertex 55.8 17.55 9.1
    endloop
  endfacet
  facet normal 0 0 1
    outer loop
      vertex 55.8 32.75 1.5
      vertex 55.7 32.5 1.5
      vertex 55.8 17.25 1.5
    endloop
  endfacet
  facet normal 0 0 1
    outer loop
      vertex 55.8 32.75 1.5
      vertex 55.6961 32.5784 1.5
      vertex 55.7 32.5 1.5
    endloop
  endfacet
  facet normal 0 0 1
    outer loop
      vertex 55.8 32.75 1.5
      vertex 55.6846 32.6561 1.5
      vertex 55.6961 32.5784 1.5
    endloop
  endfacet
  facet normal 0 0 1
    outer loop
      vertex 55.8 32.75 1.5
      vertex 55.6656 32.7322 1.5
      vertex 55.6846 32.6561 1.5
    endloop
  endfacet
  facet normal 0 -0 1
    outer loop
      vertex 55.6656 32.7322 1.5
      vertex 55.8 32.75 1.5
      vertex 55.6592 32.75 1.5
    endloop
  endfacet
  facet normal 0 0 1
    outer loop
      vertex 55.8 17.25 1.5
      vertex 55.7 32.5 1.5
      vertex 55.7 17.25 1.5
    endloop
  endfacet
  facet normal 1 -0 0
    outer loop
      vertex 40.3 32.3 10.5
      vertex 40.3 32.75 9.09
      vertex 40.3 32.75 10.5
    endloop
  endfacet
  facet normal 1 0 0
    outer loop
      vertex 40.3 32.75 9.09
      vertex 40.3 32.3 10.5
      vertex 40.3 32.3 9.09
    endloop
  endfacet
  facet normal 0 -1 0
    outer loop
      vertex 40.3 32.75 10.5
      vertex 55.6592 32.75 9.1
      vertex 55.6592 32.75 10.5
    endloop
  endfacet
  facet normal 0 -1 0
    outer loop
      vertex 40.3 32.75 9.09
      vertex 55.6592 32.75 9.1
      vertex 40.3 32.75 10.5
    endloop
  endfacet
  facet normal 0 -1 0
    outer loop
      vertex 55.6592 32.75 9.09
      vertex 55.6592 32.75 9.1
      vertex 40.3 32.75 9.09
    endloop
  endfacet
  facet normal 0 -1 0
    outer loop
      vertex 55.6592 32.75 9.1
      vertex 55.6592 32.75 9.09
      vertex 55.8 32.75 9.1
    endloop
  endfacet
  facet normal 0 -1 0
    outer loop
      vertex 55.8 32.75 1.5
      vertex 55.6592 32.75 9.09
      vertex 55.6592 32.75 1.5
    endloop
  endfacet
  facet normal 0 -1 0
    outer loop
      vertex 55.6592 32.75 9.09
      vertex 55.8 32.75 1.5
      vertex 55.8 32.75 9.1
    endloop
  endfacet
  facet normal 0 1 0
    outer loop
      vertex 55.8 17.25 9.1
      vertex 55.7 17.25 9.09
      vertex 55.7 17.25 9.1
    endloop
  endfacet
  facet normal 0 1 -0
    outer loop
      vertex 55.8 17.25 1.5
      vertex 55.7 17.25 9.09
      vertex 55.8 17.25 9.1
    endloop
  endfacet
  facet normal 0 1 0
    outer loop
      vertex 55.7 17.25 9.09
      vertex 55.8 17.25 1.5
      vertex 55.7 17.25 1.5
    endloop
  endfacet
  facet normal 0 1 -0
    outer loop
      vertex 55.7 17.25 9.1
      vertex 54.7 17.25 10.5
      vertex 55.7 17.25 10.5
    endloop
  endfacet
  facet normal 0 1 0
    outer loop
      vertex 54.7 17.25 9.09
      vertex 55.7 17.25 9.1
      vertex 55.7 17.25 9.09
    endloop
  endfacet
  facet normal 0 1 0
    outer loop
      vertex 55.7 17.25 9.1
      vertex 54.7 17.25 9.09
      vertex 54.7 17.25 10.5
    endloop
  endfacet
  facet normal -1 0 0
    outer loop
      vertex 55.8 15.3068 7.64658
      vertex 55.8 15.75 9.1
      vertex 55.8 15.75 1.5
    endloop
  endfacet
  facet normal -1 -0 0
    outer loop
      vertex 55.8 15.75 9.1
      vertex 55.8 15.4141 8.36977
      vertex 55.8 15.45 9.1
    endloop
  endfacet
  facet normal -1 0 0
    outer loop
      vertex 55.8 15.75 9.1
      vertex 55.8 15.3068 7.64658
      vertex 55.8 15.4141 8.36977
    endloop
  endfacet
  facet normal -1 0 0
    outer loop
      vertex 55.8 15.75 1.5
      vertex 55.8 15.1292 6.93738
      vertex 55.8 15.3068 7.64658
    endloop
  endfacet
  facet normal -1 0 0
    outer loop
      vertex 55.8 15.75 1.5
      vertex 55.8 14.8829 6.24901
      vertex 55.8 15.1292 6.93738
    endloop
  endfacet
  facet normal -1 0 0
    outer loop
      vertex 55.8 15.75 1.5
      vertex 55.8 14.5703 5.58809
      vertex 55.8 14.8829 6.24901
    endloop
  endfacet
  facet normal -1 0 0
    outer loop
      vertex 55.8 15.75 1.5
      vertex 55.8 14.1944 4.961
      vertex 55.8 14.5703 5.58809
    endloop
  endfacet
  facet normal -1 0 0
    outer loop
      vertex 55.8 15.75 1.5
      vertex 55.8 13.7589 4.37377
      vertex 55.8 14.1944 4.961
    endloop
  endfacet
  facet normal -1 0 0
    outer loop
      vertex 55.8 15.75 1.5
      vertex 55.8 13.2679 3.83205
      vertex 55.8 13.7589 4.37377
    endloop
  endfacet
  facet normal -1 0 0
    outer loop
      vertex 55.8 15.75 1.5
      vertex 55.8 12.7262 3.34107
      vertex 55.8 13.2679 3.83205
    endloop
  endfacet
  facet normal -1 0 0
    outer loop
      vertex 55.8 15.75 1.5
      vertex 55.8 12.139 2.90555
      vertex 55.8 12.7262 3.34107
    endloop
  endfacet
  facet normal -1 0 0
    outer loop
      vertex 55.8 15.75 1.5
      vertex 55.8 11.5119 2.52969
      vertex 55.8 12.139 2.90555
    endloop
  endfacet
  facet normal -1 0 0
    outer loop
      vertex 55.8 15.75 1.5
      vertex 55.8 10.851 2.2171
      vertex 55.8 11.5119 2.52969
    endloop
  endfacet
  facet normal -1 0 0
    outer loop
      vertex 55.8 15.75 1.5
      vertex 55.8 10.1626 1.97079
      vertex 55.8 10.851 2.2171
    endloop
  endfacet
  facet normal -1 0 0
    outer loop
      vertex 55.8 15.75 1.5
      vertex 55.8 9.45342 1.79315
      vertex 55.8 10.1626 1.97079
    endloop
  endfacet
  facet normal -1 0 0
    outer loop
      vertex 55.8 15.75 1.5
      vertex 55.8 8.73023 1.68587
      vertex 55.8 9.45342 1.79315
    endloop
  endfacet
  facet normal -1 0 0
    outer loop
      vertex 55.8 15.75 1.5
      vertex 55.8 8 1.65
      vertex 55.8 8.73023 1.68587
    endloop
  endfacet
  facet normal -1 0 0
    outer loop
      vertex 55.8 0.25 1.5
      vertex 55.8 8 1.65
      vertex 55.8 15.75 1.5
    endloop
  endfacet
  facet normal -1 0 0
    outer loop
      vertex 55.8 0.25 1.5
      vertex 55.8 7.26977 1.68587
      vertex 55.8 8 1.65
    endloop
  endfacet
  facet normal -1 0 0
    outer loop
      vertex 55.8 0.25 1.5
      vertex 55.8 6.54658 1.79315
      vertex 55.8 7.26977 1.68587
    endloop
  endfacet
  facet normal -1 0 0
    outer loop
      vertex 55.8 0.25 1.5
      vertex 55.8 5.83738 1.97079
      vertex 55.8 6.54658 1.79315
    endloop
  endfacet
  facet normal -1 0 0
    outer loop
      vertex 55.8 0.25 1.5
      vertex 55.8 5.14901 2.2171
      vertex 55.8 5.83738 1.97079
    endloop
  endfacet
  facet normal -1 0 0
    outer loop
      vertex 55.8 0.25 1.5
      vertex 55.8 4.48809 2.52969
      vertex 55.8 5.14901 2.2171
    endloop
  endfacet
  facet normal -1 0 0
    outer loop
      vertex 55.8 0.25 1.5
      vertex 55.8 3.861 2.90555
      vertex 55.8 4.48809 2.52969
    endloop
  endfacet
  facet normal -1 0 0
    outer loop
      vertex 55.8 0.25 1.5
      vertex 55.8 3.27377 3.34107
      vertex 55.8 3.861 2.90555
    endloop
  endfacet
  facet normal -1 0 0
    outer loop
      vertex 55.8 0.25 1.5
      vertex 55.8 2.73205 3.83205
      vertex 55.8 3.27377 3.34107
    endloop
  endfacet
  facet normal -1 0 0
    outer loop
      vertex 55.8 0.25 1.5
      vertex 55.8 2.24107 4.37377
      vertex 55.8 2.73205 3.83205
    endloop
  endfacet
  facet normal -1 0 0
    outer loop
      vertex 55.8 0.25 1.5
      vertex 55.8 1.80555 4.961
      vertex 55.8 2.24107 4.37377
    endloop
  endfacet
  facet normal -1 0 0
    outer loop
      vertex 55.8 0.25 1.5
      vertex 55.8 1.42969 5.58809
      vertex 55.8 1.80555 4.961
    endloop
  endfacet
  facet normal -1 0 0
    outer loop
      vertex 55.8 0.25 1.5
      vertex 55.8 1.1171 6.24901
      vertex 55.8 1.42969 5.58809
    endloop
  endfacet
  facet normal -1 0 0
    outer loop
      vertex 55.8 0.25 1.5
      vertex 55.8 0.870794 6.93738
      vertex 55.8 1.1171 6.24901
    endloop
  endfacet
  facet normal -1 0 0
    outer loop
      vertex 55.8 0.25 1.5
      vertex 55.8 0.69315 7.64658
      vertex 55.8 0.870794 6.93738
    endloop
  endfacet
  facet normal -1 0 0
    outer loop
      vertex 55.8 0.25 9.1
      vertex 55.8 0.69315 7.64658
      vertex 55.8 0.25 1.5
    endloop
  endfacet
  facet normal -1 0 0
    outer loop
      vertex 55.8 0.69315 7.64658
      vertex 55.8 0.25 9.1
      vertex 55.8 0.585874 8.36977
    endloop
  endfacet
  facet normal -1 0 0
    outer loop
      vertex 55.8 0.585874 8.36977
      vertex 55.8 0.25 9.1
      vertex 55.8 0.549999 9.1
    endloop
  endfacet
  facet normal 0 0 1
    outer loop
      vertex 55.7 0.5 1.5
      vertex 55.8 15.75 1.5
      vertex 55.7 15.75 1.5
    endloop
  endfacet
  facet normal 0 0 1
    outer loop
      vertex 55.8 15.75 1.5
      vertex 55.7 0.5 1.5
      vertex 55.8 0.25 1.5
    endloop
  endfacet
  facet normal -0 0 1
    outer loop
      vertex 55.6961 0.421586 1.5
      vertex 55.8 0.25 1.5
      vertex 55.7 0.5 1.5
    endloop
  endfacet
  facet normal -0 0 1
    outer loop
      vertex 55.6846 0.343927 1.5
      vertex 55.8 0.25 1.5
      vertex 55.6961 0.421586 1.5
    endloop
  endfacet
  facet normal -0 0 1
    outer loop
      vertex 55.6656 0.267772 1.5
      vertex 55.8 0.25 1.5
      vertex 55.6846 0.343927 1.5
    endloop
  endfacet
  facet normal 0 0 1
    outer loop
      vertex 55.8 0.25 1.5
      vertex 55.6656 0.267772 1.5
      vertex 55.6592 0.25 1.5
    endloop
  endfacet
  facet normal 1 -0 0
    outer loop
      vertex 40.3 0.25 10.5
      vertex 40.3 0.7 9.09
      vertex 40.3 0.7 10.5
    endloop
  endfacet
  facet normal 1 0 0
    outer loop
      vertex 40.3 0.7 9.09
      vertex 40.3 0.25 10.5
      vertex 40.3 0.25 9.09
    endloop
  endfacet
  facet normal 0 -1 0
    outer loop
      vertex 54.7 15.75 10.5
      vertex 55.7 15.75 9.1
      vertex 55.7 15.75 10.5
    endloop
  endfacet
  facet normal 0 -1 0
    outer loop
      vertex 54.7 15.75 9.09
      vertex 55.7 15.75 9.1
      vertex 54.7 15.75 10.5
    endloop
  endfacet
  facet normal 0 -1 0
    outer loop
      vertex 55.7 15.75 9.09
      vertex 55.7 15.75 9.1
      vertex 54.7 15.75 9.09
    endloop
  endfacet
  facet normal 0 -1 0
    outer loop
      vertex 55.7 15.75 9.1
      vertex 55.7 15.75 9.09
      vertex 55.8 15.75 9.1
    endloop
  endfacet
  facet normal 0 -1 0
    outer loop
      vertex 55.8 15.75 1.5
      vertex 55.7 15.75 9.09
      vertex 55.7 15.75 1.5
    endloop
  endfacet
  facet normal 0 -1 0
    outer loop
      vertex 55.7 15.75 9.09
      vertex 55.8 15.75 1.5
      vertex 55.8 15.75 9.1
    endloop
  endfacet
  facet normal 0 1 0
    outer loop
      vertex 55.8 0.25 9.1
      vertex 55.6592 0.25 9.09
      vertex 55.6592 0.25 9.1
    endloop
  endfacet
  facet normal 0 1 -0
    outer loop
      vertex 55.8 0.25 1.5
      vertex 55.6592 0.25 9.09
      vertex 55.8 0.25 9.1
    endloop
  endfacet
  facet normal 0 1 0
    outer loop
      vertex 55.6592 0.25 9.09
      vertex 55.8 0.25 1.5
      vertex 55.6592 0.25 1.5
    endloop
  endfacet
  facet normal 0 1 -0
    outer loop
      vertex 55.6592 0.25 9.1
      vertex 40.3 0.25 10.5
      vertex 55.6592 0.25 10.5
    endloop
  endfacet
  facet normal 0 1 0
    outer loop
      vertex 40.3 0.25 9.09
      vertex 55.6592 0.25 9.1
      vertex 55.6592 0.25 9.09
    endloop
  endfacet
  facet normal 0 1 0
    outer loop
      vertex 55.6592 0.25 9.1
      vertex 40.3 0.25 9.09
      vertex 40.3 0.25 10.5
    endloop
  endfacet
  facet normal 0.0492599 -0.998786 0
    outer loop
      vertex 22.6824 17.6942 -3.51
      vertex 22.8 17.7 0
      vertex 22.6824 17.6942 0
    endloop
  endfacet
  facet normal 0.0492599 -0.998786 0
    outer loop
      vertex 22.8 17.7 0
      vertex 22.6824 17.6942 -3.51
      vertex 22.8 17.7 -3.51
    endloop
  endfacet
  facet normal -0.989153 -0.146887 0
    outer loop
      vertex 23.9942 16.6176 -3.51
      vertex 23.9769 16.7341 0
      vertex 23.9769 16.7341 -3.51
    endloop
  endfacet
  facet normal -0.989153 -0.146887 0
    outer loop
      vertex 23.9769 16.7341 0
      vertex 23.9942 16.6176 -3.51
      vertex 23.9942 16.6176 0
    endloop
  endfacet
  facet normal -0.998786 -0.0492599 0
    outer loop
      vertex 24 16.5 -3.51
      vertex 23.9942 16.6176 0
      vertex 23.9942 16.6176 -3.51
    endloop
  endfacet
  facet normal -0.998786 -0.0492599 0
    outer loop
      vertex 23.9942 16.6176 0
      vertex 24 16.5 -3.51
      vertex 24 16.5 0
    endloop
  endfacet
  facet normal -0.970042 -0.242935 0
    outer loop
      vertex 23.9769 16.7341 -3.51
      vertex 23.9483 16.8483 0
      vertex 23.9483 16.8483 -3.51
    endloop
  endfacet
  facet normal -0.970042 -0.242935 0
    outer loop
      vertex 23.9483 16.8483 0
      vertex 23.9769 16.7341 -3.51
      vertex 23.9769 16.7341 0
    endloop
  endfacet
  facet normal 0.0492599 0.998786 -0
    outer loop
      vertex 22.8 15.3 -3.51
      vertex 22.6824 15.3058 0
      vertex 22.8 15.3 0
    endloop
  endfacet
  facet normal 0.0492599 0.998786 0
    outer loop
      vertex 22.6824 15.3058 0
      vertex 22.8 15.3 -3.51
      vertex 22.6824 15.3058 -3.51
    endloop
  endfacet
  facet normal -0.803046 -0.595918 0
    outer loop
      vertex 23.7978 17.1667 -3.51
      vertex 23.7276 17.2613 0
      vertex 23.7276 17.2613 -3.51
    endloop
  endfacet
  facet normal -0.803046 -0.595918 0
    outer loop
      vertex 23.7276 17.2613 0
      vertex 23.7978 17.1667 -3.51
      vertex 23.7978 17.1667 0
    endloop
  endfacet
  facet normal -0.595918 -0.803046 0
    outer loop
      vertex 23.4667 17.4978 -3.51
      vertex 23.5613 17.4276 0
      vertex 23.4667 17.4978 0
    endloop
  endfacet
  facet normal -0.595918 -0.803046 -0
    outer loop
      vertex 23.5613 17.4276 0
      vertex 23.4667 17.4978 -3.51
      vertex 23.5613 17.4276 -3.51
    endloop
  endfacet
  facet normal 0.941761 -0.336283 0
    outer loop
      vertex 21.6517 16.8483 0
      vertex 21.6913 16.9592 -3.51
      vertex 21.6913 16.9592 0
    endloop
  endfacet
  facet normal 0.941761 -0.336283 0
    outer loop
      vertex 21.6913 16.9592 -3.51
      vertex 21.6517 16.8483 0
      vertex 21.6517 16.8483 -3.51
    endloop
  endfacet
  facet normal -0.998786 0.0492599 0
    outer loop
      vertex 23.9942 16.3824 -3.51
      vertex 24 16.5 0
      vertex 24 16.5 -3.51
    endloop
  endfacet
  facet normal -0.998786 0.0492599 0
    outer loop
      vertex 24 16.5 0
      vertex 23.9942 16.3824 -3.51
      vertex 23.9942 16.3824 0
    endloop
  endfacet
  facet normal 0.427758 -0.903893 0
    outer loop
      vertex 22.2343 17.5583 -3.51
      vertex 22.3408 17.6087 0
      vertex 22.2343 17.5583 0
    endloop
  endfacet
  facet normal 0.427758 -0.903893 0
    outer loop
      vertex 22.3408 17.6087 0
      vertex 22.2343 17.5583 -3.51
      vertex 22.3408 17.6087 -3.51
    endloop
  endfacet
  facet normal 0.146887 -0.989153 0
    outer loop
      vertex 22.5659 17.6769 -3.51
      vertex 22.6824 17.6942 0
      vertex 22.5659 17.6769 0
    endloop
  endfacet
  facet normal 0.146887 -0.989153 0
    outer loop
      vertex 22.6824 17.6942 0
      vertex 22.5659 17.6769 -3.51
      vertex 22.6824 17.6942 -3.51
    endloop
  endfacet
  facet normal 0.74067 -0.671869 0
    outer loop
      vertex 21.8724 17.2613 0
      vertex 21.9515 17.3485 -3.51
      vertex 21.9515 17.3485 0
    endloop
  endfacet
  facet normal 0.74067 -0.671869 0
    outer loop
      vertex 21.9515 17.3485 -3.51
      vertex 21.8724 17.2613 0
      vertex 21.8724 17.2613 -3.51
    endloop
  endfacet
  facet normal -0.427758 -0.903893 0
    outer loop
      vertex 23.2592 17.6087 -3.51
      vertex 23.3657 17.5583 0
      vertex 23.2592 17.6087 0
    endloop
  endfacet
  facet normal -0.427758 -0.903893 -0
    outer loop
      vertex 23.3657 17.5583 0
      vertex 23.2592 17.6087 -3.51
      vertex 23.3657 17.5583 -3.51
    endloop
  endfacet
  facet normal 0.857867 -0.513871 0
    outer loop
      vertex 21.7417 17.0657 0
      vertex 21.8022 17.1667 -3.51
      vertex 21.8022 17.1667 0
    endloop
  endfacet
  facet normal 0.857867 -0.513871 0
    outer loop
      vertex 21.8022 17.1667 -3.51
      vertex 21.7417 17.0657 0
      vertex 21.7417 17.0657 -3.51
    endloop
  endfacet
  facet normal -0.336283 0.941761 0
    outer loop
      vertex 23.2592 15.3913 -3.51
      vertex 23.1483 15.3517 0
      vertex 23.2592 15.3913 0
    endloop
  endfacet
  facet normal -0.336283 0.941761 0
    outer loop
      vertex 23.1483 15.3517 0
      vertex 23.2592 15.3913 -3.51
      vertex 23.1483 15.3517 -3.51
    endloop
  endfacet
  facet normal 0.336283 -0.941761 0
    outer loop
      vertex 22.3408 17.6087 -3.51
      vertex 22.4517 17.6483 0
      vertex 22.3408 17.6087 0
    endloop
  endfacet
  facet normal 0.336283 -0.941761 0
    outer loop
      vertex 22.4517 17.6483 0
      vertex 22.3408 17.6087 -3.51
      vertex 22.4517 17.6483 -3.51
    endloop
  endfacet
  facet normal 0.998786 0.0492599 0
    outer loop
      vertex 21.6058 16.3824 0
      vertex 21.6 16.5 -3.51
      vertex 21.6 16.5 0
    endloop
  endfacet
  facet normal 0.998786 0.0492599 0
    outer loop
      vertex 21.6 16.5 -3.51
      vertex 21.6058 16.3824 0
      vertex 21.6058 16.3824 -3.51
    endloop
  endfacet
  facet normal 0.803046 0.595918 0
    outer loop
      vertex 21.8724 15.7387 0
      vertex 21.8022 15.8333 -3.51
      vertex 21.8022 15.8333 0
    endloop
  endfacet
  facet normal 0.803046 0.595918 0
    outer loop
      vertex 21.8022 15.8333 -3.51
      vertex 21.8724 15.7387 0
      vertex 21.8724 15.7387 -3.51
    endloop
  endfacet
  facet normal -0.989153 0.146887 0
    outer loop
      vertex 23.9769 16.2659 -3.51
      vertex 23.9942 16.3824 0
      vertex 23.9942 16.3824 -3.51
    endloop
  endfacet
  facet normal -0.989153 0.146887 0
    outer loop
      vertex 23.9942 16.3824 0
      vertex 23.9769 16.2659 -3.51
      vertex 23.9769 16.2659 0
    endloop
  endfacet
  facet normal -0.941761 -0.336283 0
    outer loop
      vertex 23.9483 16.8483 -3.51
      vertex 23.9087 16.9592 0
      vertex 23.9087 16.9592 -3.51
    endloop
  endfacet
  facet normal -0.941761 -0.336283 0
    outer loop
      vertex 23.9087 16.9592 0
      vertex 23.9483 16.8483 -3.51
      vertex 23.9483 16.8483 0
    endloop
  endfacet
  facet normal 0.857867 0.513871 0
    outer loop
      vertex 21.8022 15.8333 0
      vertex 21.7417 15.9343 -3.51
      vertex 21.7417 15.9343 0
    endloop
  endfacet
  facet normal 0.857867 0.513871 0
    outer loop
      vertex 21.7417 15.9343 -3.51
      vertex 21.8022 15.8333 0
      vertex 21.8022 15.8333 -3.51
    endloop
  endfacet
  facet normal -0.803046 0.595918 0
    outer loop
      vertex 23.7276 15.7387 -3.51
      vertex 23.7978 15.8333 0
      vertex 23.7978 15.8333 -3.51
    endloop
  endfacet
  facet normal -0.803046 0.595918 0
    outer loop
      vertex 23.7978 15.8333 0
      vertex 23.7276 15.7387 -3.51
      vertex 23.7276 15.7387 0
    endloop
  endfacet
  facet normal -0.336283 -0.941761 0
    outer loop
      vertex 23.1483 17.6483 -3.51
      vertex 23.2592 17.6087 0
      vertex 23.1483 17.6483 0
    endloop
  endfacet
  facet normal -0.336283 -0.941761 -0
    outer loop
      vertex 23.2592 17.6087 0
      vertex 23.1483 17.6483 -3.51
      vertex 23.2592 17.6087 -3.51
    endloop
  endfacet
  facet normal -0.74067 -0.671869 0
    outer loop
      vertex 23.7276 17.2613 -3.51
      vertex 23.6485 17.3485 0
      vertex 23.6485 17.3485 -3.51
    endloop
  endfacet
  facet normal -0.74067 -0.671869 0
    outer loop
      vertex 23.6485 17.3485 0
      vertex 23.7276 17.2613 -3.51
      vertex 23.7276 17.2613 0
    endloop
  endfacet
  facet normal 0.903893 -0.427758 0
    outer loop
      vertex 21.6913 16.9592 0
      vertex 21.7417 17.0657 -3.51
      vertex 21.7417 17.0657 0
    endloop
  endfacet
  facet normal 0.903893 -0.427758 0
    outer loop
      vertex 21.7417 17.0657 -3.51
      vertex 21.6913 16.9592 0
      vertex 21.6913 16.9592 -3.51
    endloop
  endfacet
  facet normal -0.146887 -0.989153 0
    outer loop
      vertex 22.9176 17.6942 -3.51
      vertex 23.0341 17.6769 0
      vertex 22.9176 17.6942 0
    endloop
  endfacet
  facet normal -0.146887 -0.989153 -0
    outer loop
      vertex 23.0341 17.6769 0
      vertex 22.9176 17.6942 -3.51
      vertex 23.0341 17.6769 -3.51
    endloop
  endfacet
  facet normal -0.513871 0.857867 0
    outer loop
      vertex 23.4667 15.5022 -3.51
      vertex 23.3657 15.4417 0
      vertex 23.4667 15.5022 0
    endloop
  endfacet
  facet normal -0.513871 0.857867 0
    outer loop
      vertex 23.3657 15.4417 0
      vertex 23.4667 15.5022 -3.51
      vertex 23.3657 15.4417 -3.51
    endloop
  endfacet
  facet normal -0.513871 -0.857867 0
    outer loop
      vertex 23.3657 17.5583 -3.51
      vertex 23.4667 17.4978 0
      vertex 23.3657 17.5583 0
    endloop
  endfacet
  facet normal -0.513871 -0.857867 -0
    outer loop
      vertex 23.4667 17.4978 0
      vertex 23.3657 17.5583 -3.51
      vertex 23.4667 17.4978 -3.51
    endloop
  endfacet
  facet normal 0.242935 -0.970042 0
    outer loop
      vertex 22.4517 17.6483 -3.51
      vertex 22.5659 17.6769 0
      vertex 22.4517 17.6483 0
    endloop
  endfacet
  facet normal 0.242935 -0.970042 0
    outer loop
      vertex 22.5659 17.6769 0
      vertex 22.4517 17.6483 -3.51
      vertex 22.5659 17.6769 -3.51
    endloop
  endfacet
  facet normal 0.903893 0.427758 0
    outer loop
      vertex 21.7417 15.9343 0
      vertex 21.6913 16.0408 -3.51
      vertex 21.6913 16.0408 0
    endloop
  endfacet
  facet normal 0.903893 0.427758 0
    outer loop
      vertex 21.6913 16.0408 -3.51
      vertex 21.7417 15.9343 0
      vertex 21.7417 15.9343 -3.51
    endloop
  endfacet
  facet normal -0.903893 -0.427758 0
    outer loop
      vertex 23.9087 16.9592 -3.51
      vertex 23.8583 17.0657 0
      vertex 23.8583 17.0657 -3.51
    endloop
  endfacet
  facet normal -0.903893 -0.427758 0
    outer loop
      vertex 23.8583 17.0657 0
      vertex 23.9087 16.9592 -3.51
      vertex 23.9087 16.9592 0
    endloop
  endfacet
  facet normal 0.146887 0.989153 -0
    outer loop
      vertex 22.6824 15.3058 -3.51
      vertex 22.5659 15.3231 0
      vertex 22.6824 15.3058 0
    endloop
  endfacet
  facet normal 0.146887 0.989153 0
    outer loop
      vertex 22.5659 15.3231 0
      vertex 22.6824 15.3058 -3.51
      vertex 22.5659 15.3231 -3.51
    endloop
  endfacet
  facet normal -0.671869 0.74067 0
    outer loop
      vertex 23.6485 15.6515 -3.51
      vertex 23.5613 15.5724 0
      vertex 23.6485 15.6515 0
    endloop
  endfacet
  facet normal -0.671869 0.74067 0
    outer loop
      vertex 23.5613 15.5724 0
      vertex 23.6485 15.6515 -3.51
      vertex 23.5613 15.5724 -3.51
    endloop
  endfacet
  facet normal 0.998786 -0.0492599 0
    outer loop
      vertex 21.6 16.5 0
      vertex 21.6058 16.6176 -3.51
      vertex 21.6058 16.6176 0
    endloop
  endfacet
  facet normal 0.998786 -0.0492599 0
    outer loop
      vertex 21.6058 16.6176 -3.51
      vertex 21.6 16.5 0
      vertex 21.6 16.5 -3.51
    endloop
  endfacet
  facet normal 0.989153 0.146887 0
    outer loop
      vertex 21.6231 16.2659 0
      vertex 21.6058 16.3824 -3.51
      vertex 21.6058 16.3824 0
    endloop
  endfacet
  facet normal 0.989153 0.146887 0
    outer loop
      vertex 21.6058 16.3824 -3.51
      vertex 21.6231 16.2659 0
      vertex 21.6231 16.2659 -3.51
    endloop
  endfacet
  facet normal 0.595918 0.803046 -0
    outer loop
      vertex 22.1333 15.5022 -3.51
      vertex 22.0387 15.5724 0
      vertex 22.1333 15.5022 0
    endloop
  endfacet
  facet normal 0.595918 0.803046 0
    outer loop
      vertex 22.0387 15.5724 0
      vertex 22.1333 15.5022 -3.51
      vertex 22.0387 15.5724 -3.51
    endloop
  endfacet
  facet normal -0.146887 0.989153 0
    outer loop
      vertex 23.0341 15.3231 -3.51
      vertex 22.9176 15.3058 0
      vertex 23.0341 15.3231 0
    endloop
  endfacet
  facet normal -0.146887 0.989153 0
    outer loop
      vertex 22.9176 15.3058 0
      vertex 23.0341 15.3231 -3.51
      vertex 22.9176 15.3058 -3.51
    endloop
  endfacet
  facet normal 0.941761 0.336283 0
    outer loop
      vertex 21.6913 16.0408 0
      vertex 21.6517 16.1517 -3.51
      vertex 21.6517 16.1517 0
    endloop
  endfacet
  facet normal 0.941761 0.336283 0
    outer loop
      vertex 21.6517 16.1517 -3.51
      vertex 21.6913 16.0408 0
      vertex 21.6913 16.0408 -3.51
    endloop
  endfacet
  facet normal -0.595918 0.803046 0
    outer loop
      vertex 23.5613 15.5724 -3.51
      vertex 23.4667 15.5022 0
      vertex 23.5613 15.5724 0
    endloop
  endfacet
  facet normal -0.595918 0.803046 0
    outer loop
      vertex 23.4667 15.5022 0
      vertex 23.5613 15.5724 -3.51
      vertex 23.4667 15.5022 -3.51
    endloop
  endfacet
  facet normal -0.427758 0.903893 0
    outer loop
      vertex 23.3657 15.4417 -3.51
      vertex 23.2592 15.3913 0
      vertex 23.3657 15.4417 0
    endloop
  endfacet
  facet normal -0.427758 0.903893 0
    outer loop
      vertex 23.2592 15.3913 0
      vertex 23.3657 15.4417 -3.51
      vertex 23.2592 15.3913 -3.51
    endloop
  endfacet
  facet normal 0.74067 0.671869 0
    outer loop
      vertex 21.9515 15.6515 0
      vertex 21.8724 15.7387 -3.51
      vertex 21.8724 15.7387 0
    endloop
  endfacet
  facet normal 0.74067 0.671869 0
    outer loop
      vertex 21.8724 15.7387 -3.51
      vertex 21.9515 15.6515 0
      vertex 21.9515 15.6515 -3.51
    endloop
  endfacet
  facet normal 0.671869 0.74067 -0
    outer loop
      vertex 22.0387 15.5724 -3.51
      vertex 21.9515 15.6515 0
      vertex 22.0387 15.5724 0
    endloop
  endfacet
  facet normal 0.671869 0.74067 0
    outer loop
      vertex 21.9515 15.6515 0
      vertex 22.0387 15.5724 -3.51
      vertex 21.9515 15.6515 -3.51
    endloop
  endfacet
  facet normal 0.242935 0.970042 -0
    outer loop
      vertex 22.5659 15.3231 -3.51
      vertex 22.4517 15.3517 0
      vertex 22.5659 15.3231 0
    endloop
  endfacet
  facet normal 0.242935 0.970042 0
    outer loop
      vertex 22.4517 15.3517 0
      vertex 22.5659 15.3231 -3.51
      vertex 22.4517 15.3517 -3.51
    endloop
  endfacet
  facet normal -0.0492599 -0.998786 0
    outer loop
      vertex 22.8 17.7 -3.51
      vertex 22.9176 17.6942 0
      vertex 22.8 17.7 0
    endloop
  endfacet
  facet normal -0.0492599 -0.998786 -0
    outer loop
      vertex 22.9176 17.6942 0
      vertex 22.8 17.7 -3.51
      vertex 22.9176 17.6942 -3.51
    endloop
  endfacet
  facet normal -0.903893 0.427758 0
    outer loop
      vertex 23.8583 15.9343 -3.51
      vertex 23.9087 16.0408 0
      vertex 23.9087 16.0408 -3.51
    endloop
  endfacet
  facet normal -0.903893 0.427758 0
    outer loop
      vertex 23.9087 16.0408 0
      vertex 23.8583 15.9343 -3.51
      vertex 23.8583 15.9343 0
    endloop
  endfacet
  facet normal 0.513871 -0.857867 0
    outer loop
      vertex 22.1333 17.4978 -3.51
      vertex 22.2343 17.5583 0
      vertex 22.1333 17.4978 0
    endloop
  endfacet
  facet normal 0.513871 -0.857867 0
    outer loop
      vertex 22.2343 17.5583 0
      vertex 22.1333 17.4978 -3.51
      vertex 22.2343 17.5583 -3.51
    endloop
  endfacet
  facet normal -0.671869 -0.74067 0
    outer loop
      vertex 23.5613 17.4276 -3.51
      vertex 23.6485 17.3485 0
      vertex 23.5613 17.4276 0
    endloop
  endfacet
  facet normal -0.671869 -0.74067 -0
    outer loop
      vertex 23.6485 17.3485 0
      vertex 23.5613 17.4276 -3.51
      vertex 23.6485 17.3485 -3.51
    endloop
  endfacet
  facet normal 0.970042 -0.242935 0
    outer loop
      vertex 21.6231 16.7341 0
      vertex 21.6517 16.8483 -3.51
      vertex 21.6517 16.8483 0
    endloop
  endfacet
  facet normal 0.970042 -0.242935 0
    outer loop
      vertex 21.6517 16.8483 -3.51
      vertex 21.6231 16.7341 0
      vertex 21.6231 16.7341 -3.51
    endloop
  endfacet
  facet normal -0.970042 0.242935 0
    outer loop
      vertex 23.9483 16.1517 -3.51
      vertex 23.9769 16.2659 0
      vertex 23.9769 16.2659 -3.51
    endloop
  endfacet
  facet normal -0.970042 0.242935 0
    outer loop
      vertex 23.9769 16.2659 0
      vertex 23.9483 16.1517 -3.51
      vertex 23.9483 16.1517 0
    endloop
  endfacet
  facet normal -0.242935 0.970042 0
    outer loop
      vertex 23.1483 15.3517 -3.51
      vertex 23.0341 15.3231 0
      vertex 23.1483 15.3517 0
    endloop
  endfacet
  facet normal -0.242935 0.970042 0
    outer loop
      vertex 23.0341 15.3231 0
      vertex 23.1483 15.3517 -3.51
      vertex 23.0341 15.3231 -3.51
    endloop
  endfacet
  facet normal -0.74067 0.671869 0
    outer loop
      vertex 23.6485 15.6515 -3.51
      vertex 23.7276 15.7387 0
      vertex 23.7276 15.7387 -3.51
    endloop
  endfacet
  facet normal -0.74067 0.671869 0
    outer loop
      vertex 23.7276 15.7387 0
      vertex 23.6485 15.6515 -3.51
      vertex 23.6485 15.6515 0
    endloop
  endfacet
  facet normal -0.857867 -0.513871 0
    outer loop
      vertex 23.8583 17.0657 -3.51
      vertex 23.7978 17.1667 0
      vertex 23.7978 17.1667 -3.51
    endloop
  endfacet
  facet normal -0.857867 -0.513871 0
    outer loop
      vertex 23.7978 17.1667 0
      vertex 23.8583 17.0657 -3.51
      vertex 23.8583 17.0657 0
    endloop
  endfacet
  facet normal 0.595918 -0.803046 0
    outer loop
      vertex 22.0387 17.4276 -3.51
      vertex 22.1333 17.4978 0
      vertex 22.0387 17.4276 0
    endloop
  endfacet
  facet normal 0.595918 -0.803046 0
    outer loop
      vertex 22.1333 17.4978 0
      vertex 22.0387 17.4276 -3.51
      vertex 22.1333 17.4978 -3.51
    endloop
  endfacet
  facet normal -0.0492599 0.998786 0
    outer loop
      vertex 22.9176 15.3058 -3.51
      vertex 22.8 15.3 0
      vertex 22.9176 15.3058 0
    endloop
  endfacet
  facet normal -0.0492599 0.998786 0
    outer loop
      vertex 22.8 15.3 0
      vertex 22.9176 15.3058 -3.51
      vertex 22.8 15.3 -3.51
    endloop
  endfacet
  facet normal 0.970042 0.242935 0
    outer loop
      vertex 21.6517 16.1517 0
      vertex 21.6231 16.2659 -3.51
      vertex 21.6231 16.2659 0
    endloop
  endfacet
  facet normal 0.970042 0.242935 0
    outer loop
      vertex 21.6231 16.2659 -3.51
      vertex 21.6517 16.1517 0
      vertex 21.6517 16.1517 -3.51
    endloop
  endfacet
  facet normal 0.671869 -0.74067 0
    outer loop
      vertex 21.9515 17.3485 -3.51
      vertex 22.0387 17.4276 0
      vertex 21.9515 17.3485 0
    endloop
  endfacet
  facet normal 0.671869 -0.74067 0
    outer loop
      vertex 22.0387 17.4276 0
      vertex 21.9515 17.3485 -3.51
      vertex 22.0387 17.4276 -3.51
    endloop
  endfacet
  facet normal 0.513871 0.857867 -0
    outer loop
      vertex 22.2343 15.4417 -3.51
      vertex 22.1333 15.5022 0
      vertex 22.2343 15.4417 0
    endloop
  endfacet
  facet normal 0.513871 0.857867 0
    outer loop
      vertex 22.1333 15.5022 0
      vertex 22.2343 15.4417 -3.51
      vertex 22.1333 15.5022 -3.51
    endloop
  endfacet
  facet normal 0.336283 0.941761 -0
    outer loop
      vertex 22.4517 15.3517 -3.51
      vertex 22.3408 15.3913 0
      vertex 22.4517 15.3517 0
    endloop
  endfacet
  facet normal 0.336283 0.941761 0
    outer loop
      vertex 22.3408 15.3913 0
      vertex 22.4517 15.3517 -3.51
      vertex 22.3408 15.3913 -3.51
    endloop
  endfacet
  facet normal -0.857867 0.513871 0
    outer loop
      vertex 23.7978 15.8333 -3.51
      vertex 23.8583 15.9343 0
      vertex 23.8583 15.9343 -3.51
    endloop
  endfacet
  facet normal -0.857867 0.513871 0
    outer loop
      vertex 23.8583 15.9343 0
      vertex 23.7978 15.8333 -3.51
      vertex 23.7978 15.8333 0
    endloop
  endfacet
  facet normal -0.941761 0.336283 0
    outer loop
      vertex 23.9087 16.0408 -3.51
      vertex 23.9483 16.1517 0
      vertex 23.9483 16.1517 -3.51
    endloop
  endfacet
  facet normal -0.941761 0.336283 0
    outer loop
      vertex 23.9483 16.1517 0
      vertex 23.9087 16.0408 -3.51
      vertex 23.9087 16.0408 0
    endloop
  endfacet
  facet normal 0.427758 0.903893 -0
    outer loop
      vertex 22.3408 15.3913 -3.51
      vertex 22.2343 15.4417 0
      vertex 22.3408 15.3913 0
    endloop
  endfacet
  facet normal 0.427758 0.903893 0
    outer loop
      vertex 22.2343 15.4417 0
      vertex 22.3408 15.3913 -3.51
      vertex 22.2343 15.4417 -3.51
    endloop
  endfacet
  facet normal 0.989153 -0.146887 0
    outer loop
      vertex 21.6058 16.6176 0
      vertex 21.6231 16.7341 -3.51
      vertex 21.6231 16.7341 0
    endloop
  endfacet
  facet normal 0.989153 -0.146887 0
    outer loop
      vertex 21.6231 16.7341 -3.51
      vertex 21.6058 16.6176 0
      vertex 21.6058 16.6176 -3.51
    endloop
  endfacet
  facet normal -0.242935 -0.970042 0
    outer loop
      vertex 23.0341 17.6769 -3.51
      vertex 23.1483 17.6483 0
      vertex 23.0341 17.6769 0
    endloop
  endfacet
  facet normal -0.242935 -0.970042 -0
    outer loop
      vertex 23.1483 17.6483 0
      vertex 23.0341 17.6769 -3.51
      vertex 23.1483 17.6483 -3.51
    endloop
  endfacet
  facet normal 0.803046 -0.595918 0
    outer loop
      vertex 21.8022 17.1667 0
      vertex 21.8724 17.2613 -3.51
      vertex 21.8724 17.2613 0
    endloop
  endfacet
  facet normal 0.803046 -0.595918 0
    outer loop
      vertex 21.8724 17.2613 -3.51
      vertex 21.8022 17.1667 0
      vertex 21.8022 17.1667 -3.51
    endloop
  endfacet
  facet normal -0.989166 -0.1468 0
    outer loop
      vertex 24.9894 16.7156 -5
      vertex 24.9577 16.9292 -3.51
      vertex 24.9577 16.9292 -5
    endloop
  endfacet
  facet normal -0.989166 -0.1468 0
    outer loop
      vertex 24.9577 16.9292 -3.51
      vertex 24.9894 16.7156 -5
      vertex 24.9894 16.7156 -3.51
    endloop
  endfacet
  facet normal -0.998794 -0.0491058 0
    outer loop
      vertex 25 16.5 -5
      vertex 24.9894 16.7156 -3.51
      vertex 24.9894 16.7156 -5
    endloop
  endfacet
  facet normal -0.998794 -0.0491058 0
    outer loop
      vertex 24.9894 16.7156 -3.51
      vertex 25 16.5 -5
      vertex 25 16.5 -3.51
    endloop
  endfacet
  facet normal -0.970088 -0.242754 0
    outer loop
      vertex 24.9577 16.9292 -5
      vertex 24.9053 17.1386 -3.51
      vertex 24.9053 17.1386 -5
    endloop
  endfacet
  facet normal -0.970088 -0.242754 0
    outer loop
      vertex 24.9053 17.1386 -3.51
      vertex 24.9577 16.9292 -5
      vertex 24.9577 16.9292 -3.51
    endloop
  endfacet
  facet normal -0.740778 -0.67175 0
    outer loop
      vertex 24.5006 17.8957 -5
      vertex 24.3556 18.0556 -3.51
      vertex 24.3556 18.0556 -5
    endloop
  endfacet
  facet normal -0.740778 -0.67175 0
    outer loop
      vertex 24.3556 18.0556 -3.51
      vertex 24.5006 17.8957 -5
      vertex 24.5006 17.8957 -3.51
    endloop
  endfacet
  facet normal 0.857738 -0.514087 0
    outer loop
      vertex 20.8598 17.5371 -3.51
      vertex 20.9708 17.7223 -5
      vertex 20.9708 17.7223 -3.51
    endloop
  endfacet
  facet normal 0.857738 -0.514087 0
    outer loop
      vertex 20.9708 17.7223 -5
      vertex 20.8598 17.5371 -3.51
      vertex 20.8598 17.5371 -5
    endloop
  endfacet
  facet normal 0.427469 -0.90403 0
    outer loop
      vertex 21.7629 18.4402 -5
      vertex 21.9581 18.5325 -3.51
      vertex 21.7629 18.4402 -3.51
    endloop
  endfacet
  facet normal 0.427469 -0.90403 0
    outer loop
      vertex 21.9581 18.5325 -3.51
      vertex 21.7629 18.4402 -5
      vertex 21.9581 18.5325 -5
    endloop
  endfacet
  facet normal -0.1468 0.989166 0
    outer loop
      vertex 23.2292 14.3423 -5
      vertex 23.0156 14.3106 -3.51
      vertex 23.2292 14.3423 -3.51
    endloop
  endfacet
  facet normal -0.1468 0.989166 0
    outer loop
      vertex 23.0156 14.3106 -3.51
      vertex 23.2292 14.3423 -5
      vertex 23.0156 14.3106 -5
    endloop
  endfacet
  facet normal -0.337128 -0.941459 0
    outer loop
      vertex 23.4386 18.6053 -5
      vertex 23.6419 18.5325 -3.51
      vertex 23.4386 18.6053 -3.51
    endloop
  endfacet
  facet normal -0.337128 -0.941459 -0
    outer loop
      vertex 23.6419 18.5325 -3.51
      vertex 23.4386 18.6053 -5
      vertex 23.6419 18.5325 -5
    endloop
  endfacet
  facet normal -0.514087 -0.857738 0
    outer loop
      vertex 23.8371 18.4402 -5
      vertex 24.0223 18.3292 -3.51
      vertex 23.8371 18.4402 -3.51
    endloop
  endfacet
  facet normal -0.514087 -0.857738 -0
    outer loop
      vertex 24.0223 18.3292 -3.51
      vertex 23.8371 18.4402 -5
      vertex 24.0223 18.3292 -5
    endloop
  endfacet
  facet normal -0.998794 0.0491058 0
    outer loop
      vertex 24.9894 16.2844 -5
      vertex 25 16.5 -3.51
      vertex 25 16.5 -5
    endloop
  endfacet
  facet normal -0.998794 0.0491058 0
    outer loop
      vertex 25 16.5 -3.51
      vertex 24.9894 16.2844 -5
      vertex 24.9894 16.2844 -3.51
    endloop
  endfacet
  facet normal -0.803212 0.595693 0
    outer loop
      vertex 24.5006 15.1043 -5
      vertex 24.6292 15.2777 -3.51
      vertex 24.6292 15.2777 -5
    endloop
  endfacet
  facet normal -0.803212 0.595693 0
    outer loop
      vertex 24.6292 15.2777 -3.51
      vertex 24.5006 15.1043 -5
      vertex 24.5006 15.1043 -3.51
    endloop
  endfacet
  facet normal -0.0491058 -0.998794 0
    outer loop
      vertex 22.8 18.7 -5
      vertex 23.0156 18.6894 -3.51
      vertex 22.8 18.7 -3.51
    endloop
  endfacet
  facet normal -0.0491058 -0.998794 -0
    outer loop
      vertex 23.0156 18.6894 -3.51
      vertex 22.8 18.7 -5
      vertex 23.0156 18.6894 -5
    endloop
  endfacet
  facet normal 0.740778 0.67175 0
    outer loop
      vertex 21.2444 14.9444 -3.51
      vertex 21.0994 15.1043 -5
      vertex 21.0994 15.1043 -3.51
    endloop
  endfacet
  facet normal 0.740778 0.67175 0
    outer loop
      vertex 21.0994 15.1043 -5
      vertex 21.2444 14.9444 -3.51
      vertex 21.2444 14.9444 -5
    endloop
  endfacet
  facet normal 0.514087 -0.857738 0
    outer loop
      vertex 21.5777 18.3292 -5
      vertex 21.7629 18.4402 -3.51
      vertex 21.5777 18.3292 -3.51
    endloop
  endfacet
  facet normal 0.514087 -0.857738 0
    outer loop
      vertex 21.7629 18.4402 -3.51
      vertex 21.5777 18.3292 -5
      vertex 21.7629 18.4402 -5
    endloop
  endfacet
  facet normal 0.427469 0.90403 -0
    outer loop
      vertex 21.9581 14.4675 -5
      vertex 21.7629 14.5598 -3.51
      vertex 21.9581 14.4675 -3.51
    endloop
  endfacet
  facet normal 0.427469 0.90403 0
    outer loop
      vertex 21.7629 14.5598 -3.51
      vertex 21.9581 14.4675 -5
      vertex 21.7629 14.5598 -5
    endloop
  endfacet
  facet normal -0.242754 0.970088 0
    outer loop
      vertex 23.4386 14.3947 -5
      vertex 23.2292 14.3423 -3.51
      vertex 23.4386 14.3947 -3.51
    endloop
  endfacet
  facet normal -0.242754 0.970088 0
    outer loop
      vertex 23.2292 14.3423 -3.51
      vertex 23.4386 14.3947 -5
      vertex 23.2292 14.3423 -5
    endloop
  endfacet
  facet normal -0.514087 0.857738 0
    outer loop
      vertex 24.0223 14.6708 -5
      vertex 23.8371 14.5598 -3.51
      vertex 24.0223 14.6708 -3.51
    endloop
  endfacet
  facet normal -0.514087 0.857738 0
    outer loop
      vertex 23.8371 14.5598 -3.51
      vertex 24.0223 14.6708 -5
      vertex 23.8371 14.5598 -5
    endloop
  endfacet
  facet normal -0.941459 0.337128 0
    outer loop
      vertex 24.8325 15.6581 -5
      vertex 24.9053 15.8614 -3.51
      vertex 24.9053 15.8614 -5
    endloop
  endfacet
  facet normal -0.941459 0.337128 0
    outer loop
      vertex 24.9053 15.8614 -3.51
      vertex 24.8325 15.6581 -5
      vertex 24.8325 15.6581 -3.51
    endloop
  endfacet
  facet normal 0.740778 -0.67175 0
    outer loop
      vertex 21.0994 17.8957 -3.51
      vertex 21.2444 18.0556 -5
      vertex 21.2444 18.0556 -3.51
    endloop
  endfacet
  facet normal 0.740778 -0.67175 0
    outer loop
      vertex 21.2444 18.0556 -5
      vertex 21.0994 17.8957 -3.51
      vertex 21.0994 17.8957 -5
    endloop
  endfacet
  facet normal 0.0491058 -0.998794 0
    outer loop
      vertex 22.5844 18.6894 -5
      vertex 22.8 18.7 -3.51
      vertex 22.5844 18.6894 -3.51
    endloop
  endfacet
  facet normal 0.0491058 -0.998794 0
    outer loop
      vertex 22.8 18.7 -3.51
      vertex 22.5844 18.6894 -5
      vertex 22.8 18.7 -5
    endloop
  endfacet
  facet normal 0.67175 -0.740778 0
    outer loop
      vertex 21.2444 18.0556 -5
      vertex 21.4043 18.2006 -3.51
      vertex 21.2444 18.0556 -3.51
    endloop
  endfacet
  facet normal 0.67175 -0.740778 0
    outer loop
      vertex 21.4043 18.2006 -3.51
      vertex 21.2444 18.0556 -5
      vertex 21.4043 18.2006 -5
    endloop
  endfacet
  facet normal 0.1468 -0.989166 0
    outer loop
      vertex 22.3708 18.6577 -5
      vertex 22.5844 18.6894 -3.51
      vertex 22.3708 18.6577 -3.51
    endloop
  endfacet
  facet normal 0.1468 -0.989166 0
    outer loop
      vertex 22.5844 18.6894 -3.51
      vertex 22.3708 18.6577 -5
      vertex 22.5844 18.6894 -5
    endloop
  endfacet
  facet normal -0.857738 0.514087 0
    outer loop
      vertex 24.6292 15.2777 -5
      vertex 24.7402 15.4629 -3.51
      vertex 24.7402 15.4629 -5
    endloop
  endfacet
  facet normal -0.857738 0.514087 0
    outer loop
      vertex 24.7402 15.4629 -3.51
      vertex 24.6292 15.2777 -5
      vertex 24.6292 15.2777 -3.51
    endloop
  endfacet
  facet normal -0.427469 0.90403 0
    outer loop
      vertex 23.8371 14.5598 -5
      vertex 23.6419 14.4675 -3.51
      vertex 23.8371 14.5598 -3.51
    endloop
  endfacet
  facet normal -0.427469 0.90403 0
    outer loop
      vertex 23.6419 14.4675 -3.51
      vertex 23.8371 14.5598 -5
      vertex 23.6419 14.4675 -5
    endloop
  endfacet
  facet normal -0.67175 -0.740778 0
    outer loop
      vertex 24.1957 18.2006 -5
      vertex 24.3556 18.0556 -3.51
      vertex 24.1957 18.2006 -3.51
    endloop
  endfacet
  facet normal -0.67175 -0.740778 -0
    outer loop
      vertex 24.3556 18.0556 -3.51
      vertex 24.1957 18.2006 -5
      vertex 24.3556 18.0556 -5
    endloop
  endfacet
  facet normal 0.242754 -0.970088 0
    outer loop
      vertex 22.1614 18.6053 -5
      vertex 22.3708 18.6577 -3.51
      vertex 22.1614 18.6053 -3.51
    endloop
  endfacet
  facet normal 0.242754 -0.970088 0
    outer loop
      vertex 22.3708 18.6577 -3.51
      vertex 22.1614 18.6053 -5
      vertex 22.3708 18.6577 -5
    endloop
  endfacet
  facet normal -0.427469 -0.90403 0
    outer loop
      vertex 23.6419 18.5325 -5
      vertex 23.8371 18.4402 -3.51
      vertex 23.6419 18.5325 -3.51
    endloop
  endfacet
  facet normal -0.427469 -0.90403 -0
    outer loop
      vertex 23.8371 18.4402 -3.51
      vertex 23.6419 18.5325 -5
      vertex 23.8371 18.4402 -5
    endloop
  endfacet
  facet normal 0.803212 -0.595693 0
    outer loop
      vertex 20.9708 17.7223 -3.51
      vertex 21.0994 17.8957 -5
      vertex 21.0994 17.8957 -3.51
    endloop
  endfacet
  facet normal 0.803212 -0.595693 0
    outer loop
      vertex 21.0994 17.8957 -5
      vertex 20.9708 17.7223 -3.51
      vertex 20.9708 17.7223 -5
    endloop
  endfacet
  facet normal -0.0491058 0.998794 0
    outer loop
      vertex 23.0156 14.3106 -5
      vertex 22.8 14.3 -3.51
      vertex 23.0156 14.3106 -3.51
    endloop
  endfacet
  facet normal -0.0491058 0.998794 0
    outer loop
      vertex 22.8 14.3 -3.51
      vertex 23.0156 14.3106 -5
      vertex 22.8 14.3 -5
    endloop
  endfacet
  facet normal -0.803212 -0.595693 0
    outer loop
      vertex 24.6292 17.7223 -5
      vertex 24.5006 17.8957 -3.51
      vertex 24.5006 17.8957 -5
    endloop
  endfacet
  facet normal -0.803212 -0.595693 0
    outer loop
      vertex 24.5006 17.8957 -3.51
      vertex 24.6292 17.7223 -5
      vertex 24.6292 17.7223 -3.51
    endloop
  endfacet
  facet normal -0.90403 0.427469 0
    outer loop
      vertex 24.7402 15.4629 -5
      vertex 24.8325 15.6581 -3.51
      vertex 24.8325 15.6581 -5
    endloop
  endfacet
  facet normal -0.90403 0.427469 0
    outer loop
      vertex 24.8325 15.6581 -3.51
      vertex 24.7402 15.4629 -5
      vertex 24.7402 15.4629 -3.51
    endloop
  endfacet
  facet normal 0.242754 0.970088 -0
    outer loop
      vertex 22.3708 14.3423 -5
      vertex 22.1614 14.3947 -3.51
      vertex 22.3708 14.3423 -3.51
    endloop
  endfacet
  facet normal 0.242754 0.970088 0
    outer loop
      vertex 22.1614 14.3947 -3.51
      vertex 22.3708 14.3423 -5
      vertex 22.1614 14.3947 -5
    endloop
  endfacet
  facet normal 0.67175 0.740778 -0
    outer loop
      vertex 21.4043 14.7994 -5
      vertex 21.2444 14.9444 -3.51
      vertex 21.4043 14.7994 -3.51
    endloop
  endfacet
  facet normal 0.67175 0.740778 0
    outer loop
      vertex 21.2444 14.9444 -3.51
      vertex 21.4043 14.7994 -5
      vertex 21.2444 14.9444 -5
    endloop
  endfacet
  facet normal 0.989166 -0.1468 0
    outer loop
      vertex 20.6106 16.7156 -3.51
      vertex 20.6423 16.9292 -5
      vertex 20.6423 16.9292 -3.51
    endloop
  endfacet
  facet normal 0.989166 -0.1468 0
    outer loop
      vertex 20.6423 16.9292 -5
      vertex 20.6106 16.7156 -3.51
      vertex 20.6106 16.7156 -5
    endloop
  endfacet
  facet normal 0.998794 -0.0491058 0
    outer loop
      vertex 20.6 16.5 -3.51
      vertex 20.6106 16.7156 -5
      vertex 20.6106 16.7156 -3.51
    endloop
  endfacet
  facet normal 0.998794 -0.0491058 0
    outer loop
      vertex 20.6106 16.7156 -5
      vertex 20.6 16.5 -3.51
      vertex 20.6 16.5 -5
    endloop
  endfacet
  facet normal -0.337128 0.941459 0
    outer loop
      vertex 23.6419 14.4675 -5
      vertex 23.4386 14.3947 -3.51
      vertex 23.6419 14.4675 -3.51
    endloop
  endfacet
  facet normal -0.337128 0.941459 0
    outer loop
      vertex 23.4386 14.3947 -3.51
      vertex 23.6419 14.4675 -5
      vertex 23.4386 14.3947 -5
    endloop
  endfacet
  facet normal -0.67175 0.740778 0
    outer loop
      vertex 24.3556 14.9444 -5
      vertex 24.1957 14.7994 -3.51
      vertex 24.3556 14.9444 -3.51
    endloop
  endfacet
  facet normal -0.67175 0.740778 0
    outer loop
      vertex 24.1957 14.7994 -3.51
      vertex 24.3556 14.9444 -5
      vertex 24.1957 14.7994 -5
    endloop
  endfacet
  facet normal -0.970088 0.242754 0
    outer loop
      vertex 24.9053 15.8614 -5
      vertex 24.9577 16.0708 -3.51
      vertex 24.9577 16.0708 -5
    endloop
  endfacet
  facet normal -0.970088 0.242754 0
    outer loop
      vertex 24.9577 16.0708 -3.51
      vertex 24.9053 15.8614 -5
      vertex 24.9053 15.8614 -3.51
    endloop
  endfacet
  facet normal -0.740778 0.67175 0
    outer loop
      vertex 24.3556 14.9444 -5
      vertex 24.5006 15.1043 -3.51
      vertex 24.5006 15.1043 -5
    endloop
  endfacet
  facet normal -0.740778 0.67175 0
    outer loop
      vertex 24.5006 15.1043 -3.51
      vertex 24.3556 14.9444 -5
      vertex 24.3556 14.9444 -3.51
    endloop
  endfacet
  facet normal -0.941459 -0.337128 0
    outer loop
      vertex 24.9053 17.1386 -5
      vertex 24.8325 17.3419 -3.51
      vertex 24.8325 17.3419 -5
    endloop
  endfacet
  facet normal -0.941459 -0.337128 0
    outer loop
      vertex 24.8325 17.3419 -3.51
      vertex 24.9053 17.1386 -5
      vertex 24.9053 17.1386 -3.51
    endloop
  endfacet
  facet normal -0.595693 -0.803212 0
    outer loop
      vertex 24.0223 18.3292 -5
      vertex 24.1957 18.2006 -3.51
      vertex 24.0223 18.3292 -3.51
    endloop
  endfacet
  facet normal -0.595693 -0.803212 -0
    outer loop
      vertex 24.1957 18.2006 -3.51
      vertex 24.0223 18.3292 -5
      vertex 24.1957 18.2006 -5
    endloop
  endfacet
  facet normal 0.90403 -0.427469 0
    outer loop
      vertex 20.7675 17.3419 -3.51
      vertex 20.8598 17.5371 -5
      vertex 20.8598 17.5371 -3.51
    endloop
  endfacet
  facet normal 0.90403 -0.427469 0
    outer loop
      vertex 20.8598 17.5371 -5
      vertex 20.7675 17.3419 -3.51
      vertex 20.7675 17.3419 -5
    endloop
  endfacet
  facet normal 0.970088 0.242754 0
    outer loop
      vertex 20.6947 15.8614 -3.51
      vertex 20.6423 16.0708 -5
      vertex 20.6423 16.0708 -3.51
    endloop
  endfacet
  facet normal 0.970088 0.242754 0
    outer loop
      vertex 20.6423 16.0708 -5
      vertex 20.6947 15.8614 -3.51
      vertex 20.6947 15.8614 -5
    endloop
  endfacet
  facet normal -0.90403 -0.427469 0
    outer loop
      vertex 24.8325 17.3419 -5
      vertex 24.7402 17.5371 -3.51
      vertex 24.7402 17.5371 -5
    endloop
  endfacet
  facet normal -0.90403 -0.427469 0
    outer loop
      vertex 24.7402 17.5371 -3.51
      vertex 24.8325 17.3419 -5
      vertex 24.8325 17.3419 -3.51
    endloop
  endfacet
  facet normal -0.989166 0.1468 0
    outer loop
      vertex 24.9577 16.0708 -5
      vertex 24.9894 16.2844 -3.51
      vertex 24.9894 16.2844 -5
    endloop
  endfacet
  facet normal -0.989166 0.1468 0
    outer loop
      vertex 24.9894 16.2844 -3.51
      vertex 24.9577 16.0708 -5
      vertex 24.9577 16.0708 -3.51
    endloop
  endfacet
  facet normal -0.857738 -0.514087 0
    outer loop
      vertex 24.7402 17.5371 -5
      vertex 24.6292 17.7223 -3.51
      vertex 24.6292 17.7223 -5
    endloop
  endfacet
  facet normal -0.857738 -0.514087 0
    outer loop
      vertex 24.6292 17.7223 -3.51
      vertex 24.7402 17.5371 -5
      vertex 24.7402 17.5371 -3.51
    endloop
  endfacet
  facet normal 0.337128 -0.941459 0
    outer loop
      vertex 21.9581 18.5325 -5
      vertex 22.1614 18.6053 -3.51
      vertex 21.9581 18.5325 -3.51
    endloop
  endfacet
  facet normal 0.337128 -0.941459 0
    outer loop
      vertex 22.1614 18.6053 -3.51
      vertex 21.9581 18.5325 -5
      vertex 22.1614 18.6053 -5
    endloop
  endfacet
  facet normal 0.803212 0.595693 0
    outer loop
      vertex 21.0994 15.1043 -3.51
      vertex 20.9708 15.2777 -5
      vertex 20.9708 15.2777 -3.51
    endloop
  endfacet
  facet normal 0.803212 0.595693 0
    outer loop
      vertex 20.9708 15.2777 -5
      vertex 21.0994 15.1043 -3.51
      vertex 21.0994 15.1043 -5
    endloop
  endfacet
  facet normal 0.857738 0.514087 0
    outer loop
      vertex 20.9708 15.2777 -3.51
      vertex 20.8598 15.4629 -5
      vertex 20.8598 15.4629 -3.51
    endloop
  endfacet
  facet normal 0.857738 0.514087 0
    outer loop
      vertex 20.8598 15.4629 -5
      vertex 20.9708 15.2777 -3.51
      vertex 20.9708 15.2777 -5
    endloop
  endfacet
  facet normal 0.989166 0.1468 0
    outer loop
      vertex 20.6423 16.0708 -3.51
      vertex 20.6106 16.2844 -5
      vertex 20.6106 16.2844 -3.51
    endloop
  endfacet
  facet normal 0.989166 0.1468 0
    outer loop
      vertex 20.6106 16.2844 -5
      vertex 20.6423 16.0708 -3.51
      vertex 20.6423 16.0708 -5
    endloop
  endfacet
  facet normal 0.0491058 0.998794 -0
    outer loop
      vertex 22.8 14.3 -5
      vertex 22.5844 14.3106 -3.51
      vertex 22.8 14.3 -3.51
    endloop
  endfacet
  facet normal 0.0491058 0.998794 0
    outer loop
      vertex 22.5844 14.3106 -3.51
      vertex 22.8 14.3 -5
      vertex 22.5844 14.3106 -5
    endloop
  endfacet
  facet normal 0.970088 -0.242754 0
    outer loop
      vertex 20.6423 16.9292 -3.51
      vertex 20.6947 17.1386 -5
      vertex 20.6947 17.1386 -3.51
    endloop
  endfacet
  facet normal 0.970088 -0.242754 0
    outer loop
      vertex 20.6947 17.1386 -5
      vertex 20.6423 16.9292 -3.51
      vertex 20.6423 16.9292 -5
    endloop
  endfacet
  facet normal 0.90403 0.427469 0
    outer loop
      vertex 20.8598 15.4629 -3.51
      vertex 20.7675 15.6581 -5
      vertex 20.7675 15.6581 -3.51
    endloop
  endfacet
  facet normal 0.90403 0.427469 0
    outer loop
      vertex 20.7675 15.6581 -5
      vertex 20.8598 15.4629 -3.51
      vertex 20.8598 15.4629 -5
    endloop
  endfacet
  facet normal -0.242754 -0.970088 0
    outer loop
      vertex 23.2292 18.6577 -5
      vertex 23.4386 18.6053 -3.51
      vertex 23.2292 18.6577 -3.51
    endloop
  endfacet
  facet normal -0.242754 -0.970088 -0
    outer loop
      vertex 23.4386 18.6053 -3.51
      vertex 23.2292 18.6577 -5
      vertex 23.4386 18.6053 -5
    endloop
  endfacet
  facet normal 0.941459 0.337128 0
    outer loop
      vertex 20.7675 15.6581 -3.51
      vertex 20.6947 15.8614 -5
      vertex 20.6947 15.8614 -3.51
    endloop
  endfacet
  facet normal 0.941459 0.337128 0
    outer loop
      vertex 20.6947 15.8614 -5
      vertex 20.7675 15.6581 -3.51
      vertex 20.7675 15.6581 -5
    endloop
  endfacet
  facet normal -0.595693 0.803212 0
    outer loop
      vertex 24.1957 14.7994 -5
      vertex 24.0223 14.6708 -3.51
      vertex 24.1957 14.7994 -3.51
    endloop
  endfacet
  facet normal -0.595693 0.803212 0
    outer loop
      vertex 24.0223 14.6708 -3.51
      vertex 24.1957 14.7994 -5
      vertex 24.0223 14.6708 -5
    endloop
  endfacet
  facet normal 0.595693 -0.803212 0
    outer loop
      vertex 21.4043 18.2006 -5
      vertex 21.5777 18.3292 -3.51
      vertex 21.4043 18.2006 -3.51
    endloop
  endfacet
  facet normal 0.595693 -0.803212 0
    outer loop
      vertex 21.5777 18.3292 -3.51
      vertex 21.4043 18.2006 -5
      vertex 21.5777 18.3292 -5
    endloop
  endfacet
  facet normal 0.941459 -0.337128 0
    outer loop
      vertex 20.6947 17.1386 -3.51
      vertex 20.7675 17.3419 -5
      vertex 20.7675 17.3419 -3.51
    endloop
  endfacet
  facet normal 0.941459 -0.337128 0
    outer loop
      vertex 20.7675 17.3419 -5
      vertex 20.6947 17.1386 -3.51
      vertex 20.6947 17.1386 -5
    endloop
  endfacet
  facet normal 0.1468 0.989166 -0
    outer loop
      vertex 22.5844 14.3106 -5
      vertex 22.3708 14.3423 -3.51
      vertex 22.5844 14.3106 -3.51
    endloop
  endfacet
  facet normal 0.1468 0.989166 0
    outer loop
      vertex 22.3708 14.3423 -3.51
      vertex 22.5844 14.3106 -5
      vertex 22.3708 14.3423 -5
    endloop
  endfacet
  facet normal 0.595693 0.803212 -0
    outer loop
      vertex 21.5777 14.6708 -5
      vertex 21.4043 14.7994 -3.51
      vertex 21.5777 14.6708 -3.51
    endloop
  endfacet
  facet normal 0.595693 0.803212 0
    outer loop
      vertex 21.4043 14.7994 -3.51
      vertex 21.5777 14.6708 -5
      vertex 21.4043 14.7994 -5
    endloop
  endfacet
  facet normal 0.514087 0.857738 -0
    outer loop
      vertex 21.7629 14.5598 -5
      vertex 21.5777 14.6708 -3.51
      vertex 21.7629 14.5598 -3.51
    endloop
  endfacet
  facet normal 0.514087 0.857738 0
    outer loop
      vertex 21.5777 14.6708 -3.51
      vertex 21.7629 14.5598 -5
      vertex 21.5777 14.6708 -5
    endloop
  endfacet
  facet normal 0.998794 0.0491058 0
    outer loop
      vertex 20.6106 16.2844 -3.51
      vertex 20.6 16.5 -5
      vertex 20.6 16.5 -3.51
    endloop
  endfacet
  facet normal 0.998794 0.0491058 0
    outer loop
      vertex 20.6 16.5 -5
      vertex 20.6106 16.2844 -3.51
      vertex 20.6106 16.2844 -5
    endloop
  endfacet
  facet normal -0.1468 -0.989166 0
    outer loop
      vertex 23.0156 18.6894 -5
      vertex 23.2292 18.6577 -3.51
      vertex 23.0156 18.6894 -3.51
    endloop
  endfacet
  facet normal -0.1468 -0.989166 -0
    outer loop
      vertex 23.2292 18.6577 -3.51
      vertex 23.0156 18.6894 -5
      vertex 23.2292 18.6577 -5
    endloop
  endfacet
  facet normal 0.337128 0.941459 -0
    outer loop
      vertex 22.1614 14.3947 -5
      vertex 21.9581 14.4675 -3.51
      vertex 22.1614 14.3947 -3.51
    endloop
  endfacet
  facet normal 0.337128 0.941459 0
    outer loop
      vertex 21.9581 14.4675 -3.51
      vertex 22.1614 14.3947 -5
      vertex 21.9581 14.4675 -5
    endloop
  endfacet
  facet normal 0 0 -1
    outer loop
      vertex 24 16.5 -3.51
      vertex 25 16.5 -3.51
      vertex 24.9894 16.2844 -3.51
    endloop
  endfacet
  facet normal 0 0 -1
    outer loop
      vertex 23.9942 16.3824 -3.51
      vertex 24.9894 16.2844 -3.51
      vertex 24.9577 16.0708 -3.51
    endloop
  endfacet
  facet normal 0 0 -1
    outer loop
      vertex 25 16.5 -3.51
      vertex 24 16.5 -3.51
      vertex 24.9894 16.7156 -3.51
    endloop
  endfacet
  facet normal 0 0 -1
    outer loop
      vertex 23.9769 16.2659 -3.51
      vertex 24.9577 16.0708 -3.51
      vertex 24.9053 15.8614 -3.51
    endloop
  endfacet
  facet normal 0 0 -1
    outer loop
      vertex 23.9942 16.6176 -3.51
      vertex 24.9894 16.7156 -3.51
      vertex 24 16.5 -3.51
    endloop
  endfacet
  facet normal 0 0 -1
    outer loop
      vertex 23.9483 16.1517 -3.51
      vertex 24.9053 15.8614 -3.51
      vertex 24.8325 15.6581 -3.51
    endloop
  endfacet
  facet normal -0 0 -1
    outer loop
      vertex 24.9894 16.7156 -3.51
      vertex 23.9942 16.6176 -3.51
      vertex 24.9577 16.9292 -3.51
    endloop
  endfacet
  facet normal 0 0 -1
    outer loop
      vertex 23.9087 16.0408 -3.51
      vertex 24.8325 15.6581 -3.51
      vertex 24.7402 15.4629 -3.51
    endloop
  endfacet
  facet normal 0 0 -1
    outer loop
      vertex 23.9769 16.7341 -3.51
      vertex 24.9577 16.9292 -3.51
      vertex 23.9942 16.6176 -3.51
    endloop
  endfacet
  facet normal 0 0 -1
    outer loop
      vertex 23.8583 15.9343 -3.51
      vertex 24.7402 15.4629 -3.51
      vertex 24.6292 15.2777 -3.51
    endloop
  endfacet
  facet normal -0 0 -1
    outer loop
      vertex 24.9577 16.9292 -3.51
      vertex 23.9769 16.7341 -3.51
      vertex 24.9053 17.1386 -3.51
    endloop
  endfacet
  facet normal 0 0 -1
    outer loop
      vertex 23.7978 15.8333 -3.51
      vertex 24.6292 15.2777 -3.51
      vertex 24.5006 15.1043 -3.51
    endloop
  endfacet
  facet normal 0 0 -1
    outer loop
      vertex 23.9483 16.8483 -3.51
      vertex 24.9053 17.1386 -3.51
      vertex 23.9769 16.7341 -3.51
    endloop
  endfacet
  facet normal 0 0 -1
    outer loop
      vertex 23.7276 15.7387 -3.51
      vertex 24.5006 15.1043 -3.51
      vertex 24.3556 14.9444 -3.51
    endloop
  endfacet
  facet normal -0 0 -1
    outer loop
      vertex 24.9053 17.1386 -3.51
      vertex 23.9483 16.8483 -3.51
      vertex 24.8325 17.3419 -3.51
    endloop
  endfacet
  facet normal 0 0 -1
    outer loop
      vertex 23.6485 15.6515 -3.51
      vertex 24.3556 14.9444 -3.51
      vertex 24.1957 14.7994 -3.51
    endloop
  endfacet
  facet normal 0 0 -1
    outer loop
      vertex 23.9087 16.9592 -3.51
      vertex 24.8325 17.3419 -3.51
      vertex 23.9483 16.8483 -3.51
    endloop
  endfacet
  facet normal 0 0 -1
    outer loop
      vertex 23.5613 15.5724 -3.51
      vertex 24.1957 14.7994 -3.51
      vertex 24.0223 14.6708 -3.51
    endloop
  endfacet
  facet normal -0 0 -1
    outer loop
      vertex 24.8325 17.3419 -3.51
      vertex 23.9087 16.9592 -3.51
      vertex 24.7402 17.5371 -3.51
    endloop
  endfacet
  facet normal 0 0 -1
    outer loop
      vertex 23.8583 17.0657 -3.51
      vertex 24.7402 17.5371 -3.51
      vertex 23.9087 16.9592 -3.51
    endloop
  endfacet
  facet normal 0 0 -1
    outer loop
      vertex 24.9894 16.2844 -3.51
      vertex 23.9942 16.3824 -3.51
      vertex 24 16.5 -3.51
    endloop
  endfacet
  facet normal 0 0 -1
    outer loop
      vertex 24.9577 16.0708 -3.51
      vertex 23.9769 16.2659 -3.51
      vertex 23.9942 16.3824 -3.51
    endloop
  endfacet
  facet normal 0 0 -1
    outer loop
      vertex 24.9053 15.8614 -3.51
      vertex 23.9483 16.1517 -3.51
      vertex 23.9769 16.2659 -3.51
    endloop
  endfacet
  facet normal 0 0 -1
    outer loop
      vertex 24.8325 15.6581 -3.51
      vertex 23.9087 16.0408 -3.51
      vertex 23.9483 16.1517 -3.51
    endloop
  endfacet
  facet normal 0 0 -1
    outer loop
      vertex 24.7402 15.4629 -3.51
      vertex 23.8583 15.9343 -3.51
      vertex 23.9087 16.0408 -3.51
    endloop
  endfacet
  facet normal 0 0 -1
    outer loop
      vertex 23.4667 15.5022 -3.51
      vertex 24.0223 14.6708 -3.51
      vertex 23.8371 14.5598 -3.51
    endloop
  endfacet
  facet normal 0 0 -1
    outer loop
      vertex 24.6292 15.2777 -3.51
      vertex 23.7978 15.8333 -3.51
      vertex 23.8583 15.9343 -3.51
    endloop
  endfacet
  facet normal 0 0 -1
    outer loop
      vertex 24.5006 15.1043 -3.51
      vertex 23.7276 15.7387 -3.51
      vertex 23.7978 15.8333 -3.51
    endloop
  endfacet
  facet normal 0 0 -1
    outer loop
      vertex 24.3556 14.9444 -3.51
      vertex 23.6485 15.6515 -3.51
      vertex 23.7276 15.7387 -3.51
    endloop
  endfacet
  facet normal 0 0 -1
    outer loop
      vertex 23.3657 15.4417 -3.51
      vertex 23.8371 14.5598 -3.51
      vertex 23.6419 14.4675 -3.51
    endloop
  endfacet
  facet normal 0 0 -1
    outer loop
      vertex 24.1957 14.7994 -3.51
      vertex 23.5613 15.5724 -3.51
      vertex 23.6485 15.6515 -3.51
    endloop
  endfacet
  facet normal 0 0 -1
    outer loop
      vertex 24.0223 14.6708 -3.51
      vertex 23.4667 15.5022 -3.51
      vertex 23.5613 15.5724 -3.51
    endloop
  endfacet
  facet normal 0 0 -1
    outer loop
      vertex 23.2592 15.3913 -3.51
      vertex 23.6419 14.4675 -3.51
      vertex 23.4386 14.3947 -3.51
    endloop
  endfacet
  facet normal 0 0 -1
    outer loop
      vertex 23.8371 14.5598 -3.51
      vertex 23.3657 15.4417 -3.51
      vertex 23.4667 15.5022 -3.51
    endloop
  endfacet
  facet normal 0 0 -1
    outer loop
      vertex 23.6419 14.4675 -3.51
      vertex 23.2592 15.3913 -3.51
      vertex 23.3657 15.4417 -3.51
    endloop
  endfacet
  facet normal 0 0 -1
    outer loop
      vertex 23.1483 15.3517 -3.51
      vertex 23.4386 14.3947 -3.51
      vertex 23.2292 14.3423 -3.51
    endloop
  endfacet
  facet normal 0 0 -1
    outer loop
      vertex 23.4386 14.3947 -3.51
      vertex 23.1483 15.3517 -3.51
      vertex 23.2592 15.3913 -3.51
    endloop
  endfacet
  facet normal 0 0 -1
    outer loop
      vertex 23.2292 14.3423 -3.51
      vertex 23.0341 15.3231 -3.51
      vertex 23.1483 15.3517 -3.51
    endloop
  endfacet
  facet normal 0 0 -1
    outer loop
      vertex 23.0156 14.3106 -3.51
      vertex 23.0341 15.3231 -3.51
      vertex 23.2292 14.3423 -3.51
    endloop
  endfacet
  facet normal 0 0 -1
    outer loop
      vertex 23.0156 14.3106 -3.51
      vertex 22.9176 15.3058 -3.51
      vertex 23.0341 15.3231 -3.51
    endloop
  endfacet
  facet normal 0 0 -1
    outer loop
      vertex 22.8 14.3 -3.51
      vertex 22.9176 15.3058 -3.51
      vertex 23.0156 14.3106 -3.51
    endloop
  endfacet
  facet normal 0 0 -1
    outer loop
      vertex 22.8 14.3 -3.51
      vertex 22.8 15.3 -3.51
      vertex 22.9176 15.3058 -3.51
    endloop
  endfacet
  facet normal 0 0 -1
    outer loop
      vertex 22.8 14.3 -3.51
      vertex 22.6824 15.3058 -3.51
      vertex 22.8 15.3 -3.51
    endloop
  endfacet
  facet normal 0 0 -1
    outer loop
      vertex 22.5844 14.3106 -3.51
      vertex 22.6824 15.3058 -3.51
      vertex 22.8 14.3 -3.51
    endloop
  endfacet
  facet normal 0 0 -1
    outer loop
      vertex 22.5844 14.3106 -3.51
      vertex 22.5659 15.3231 -3.51
      vertex 22.6824 15.3058 -3.51
    endloop
  endfacet
  facet normal 0 0 -1
    outer loop
      vertex 22.3708 14.3423 -3.51
      vertex 22.5659 15.3231 -3.51
      vertex 22.5844 14.3106 -3.51
    endloop
  endfacet
  facet normal -0 0 -1
    outer loop
      vertex 22.5659 15.3231 -3.51
      vertex 22.3708 14.3423 -3.51
      vertex 22.4517 15.3517 -3.51
    endloop
  endfacet
  facet normal 0 0 -1
    outer loop
      vertex 22.1614 14.3947 -3.51
      vertex 22.4517 15.3517 -3.51
      vertex 22.3708 14.3423 -3.51
    endloop
  endfacet
  facet normal -0 0 -1
    outer loop
      vertex 22.4517 15.3517 -3.51
      vertex 22.1614 14.3947 -3.51
      vertex 22.3408 15.3913 -3.51
    endloop
  endfacet
  facet normal 0 0 -1
    outer loop
      vertex 21.9581 14.4675 -3.51
      vertex 22.3408 15.3913 -3.51
      vertex 22.1614 14.3947 -3.51
    endloop
  endfacet
  facet normal -0 0 -1
    outer loop
      vertex 22.3408 15.3913 -3.51
      vertex 21.9581 14.4675 -3.51
      vertex 22.2343 15.4417 -3.51
    endloop
  endfacet
  facet normal 0 0 -1
    outer loop
      vertex 21.7629 14.5598 -3.51
      vertex 22.2343 15.4417 -3.51
      vertex 21.9581 14.4675 -3.51
    endloop
  endfacet
  facet normal -0 0 -1
    outer loop
      vertex 22.2343 15.4417 -3.51
      vertex 21.7629 14.5598 -3.51
      vertex 22.1333 15.5022 -3.51
    endloop
  endfacet
  facet normal 0 0 -1
    outer loop
      vertex 21.5777 14.6708 -3.51
      vertex 22.1333 15.5022 -3.51
      vertex 21.7629 14.5598 -3.51
    endloop
  endfacet
  facet normal -0 0 -1
    outer loop
      vertex 22.1333 15.5022 -3.51
      vertex 21.5777 14.6708 -3.51
      vertex 22.0387 15.5724 -3.51
    endloop
  endfacet
  facet normal 0 0 -1
    outer loop
      vertex 21.4043 14.7994 -3.51
      vertex 22.0387 15.5724 -3.51
      vertex 21.5777 14.6708 -3.51
    endloop
  endfacet
  facet normal -0 0 -1
    outer loop
      vertex 22.0387 15.5724 -3.51
      vertex 21.4043 14.7994 -3.51
      vertex 21.9515 15.6515 -3.51
    endloop
  endfacet
  facet normal 0 0 -1
    outer loop
      vertex 21.2444 14.9444 -3.51
      vertex 21.9515 15.6515 -3.51
      vertex 21.4043 14.7994 -3.51
    endloop
  endfacet
  facet normal -0 0 -1
    outer loop
      vertex 21.9515 15.6515 -3.51
      vertex 21.2444 14.9444 -3.51
      vertex 21.8724 15.7387 -3.51
    endloop
  endfacet
  facet normal 0 0 -1
    outer loop
      vertex 21.0994 15.1043 -3.51
      vertex 21.8724 15.7387 -3.51
      vertex 21.2444 14.9444 -3.51
    endloop
  endfacet
  facet normal -0 0 -1
    outer loop
      vertex 21.8724 15.7387 -3.51
      vertex 21.0994 15.1043 -3.51
      vertex 21.8022 15.8333 -3.51
    endloop
  endfacet
  facet normal 0 0 -1
    outer loop
      vertex 20.9708 15.2777 -3.51
      vertex 21.8022 15.8333 -3.51
      vertex 21.0994 15.1043 -3.51
    endloop
  endfacet
  facet normal 0 0 -1
    outer loop
      vertex 20.8598 15.4629 -3.51
      vertex 21.7417 15.9343 -3.51
      vertex 20.9708 15.2777 -3.51
    endloop
  endfacet
  facet normal -0 0 -1
    outer loop
      vertex 21.8022 15.8333 -3.51
      vertex 20.9708 15.2777 -3.51
      vertex 21.7417 15.9343 -3.51
    endloop
  endfacet
  facet normal -0 0 -1
    outer loop
      vertex 24.7402 17.5371 -3.51
      vertex 23.8583 17.0657 -3.51
      vertex 24.6292 17.7223 -3.51
    endloop
  endfacet
  facet normal 0 0 -1
    outer loop
      vertex 23.7978 17.1667 -3.51
      vertex 24.6292 17.7223 -3.51
      vertex 23.8583 17.0657 -3.51
    endloop
  endfacet
  facet normal -0 0 -1
    outer loop
      vertex 24.6292 17.7223 -3.51
      vertex 23.7978 17.1667 -3.51
      vertex 24.5006 17.8957 -3.51
    endloop
  endfacet
  facet normal 0 0 -1
    outer loop
      vertex 23.7276 17.2613 -3.51
      vertex 24.5006 17.8957 -3.51
      vertex 23.7978 17.1667 -3.51
    endloop
  endfacet
  facet normal -0 0 -1
    outer loop
      vertex 24.5006 17.8957 -3.51
      vertex 23.7276 17.2613 -3.51
      vertex 24.3556 18.0556 -3.51
    endloop
  endfacet
  facet normal 0 0 -1
    outer loop
      vertex 23.6485 17.3485 -3.51
      vertex 24.3556 18.0556 -3.51
      vertex 23.7276 17.2613 -3.51
    endloop
  endfacet
  facet normal -0 0 -1
    outer loop
      vertex 24.3556 18.0556 -3.51
      vertex 23.6485 17.3485 -3.51
      vertex 24.1957 18.2006 -3.51
    endloop
  endfacet
  facet normal 0 0 -1
    outer loop
      vertex 23.5613 17.4276 -3.51
      vertex 24.1957 18.2006 -3.51
      vertex 23.6485 17.3485 -3.51
    endloop
  endfacet
  facet normal -0 0 -1
    outer loop
      vertex 24.1957 18.2006 -3.51
      vertex 23.5613 17.4276 -3.51
      vertex 24.0223 18.3292 -3.51
    endloop
  endfacet
  facet normal 0 0 -1
    outer loop
      vertex 23.4667 17.4978 -3.51
      vertex 24.0223 18.3292 -3.51
      vertex 23.5613 17.4276 -3.51
    endloop
  endfacet
  facet normal -0 0 -1
    outer loop
      vertex 24.0223 18.3292 -3.51
      vertex 23.4667 17.4978 -3.51
      vertex 23.8371 18.4402 -3.51
    endloop
  endfacet
  facet normal 0 0 -1
    outer loop
      vertex 23.3657 17.5583 -3.51
      vertex 23.8371 18.4402 -3.51
      vertex 23.4667 17.4978 -3.51
    endloop
  endfacet
  facet normal -0 0 -1
    outer loop
      vertex 23.8371 18.4402 -3.51
      vertex 23.3657 17.5583 -3.51
      vertex 23.6419 18.5325 -3.51
    endloop
  endfacet
  facet normal 0 0 -1
    outer loop
      vertex 23.2592 17.6087 -3.51
      vertex 23.6419 18.5325 -3.51
      vertex 23.3657 17.5583 -3.51
    endloop
  endfacet
  facet normal -0 0 -1
    outer loop
      vertex 23.6419 18.5325 -3.51
      vertex 23.2592 17.6087 -3.51
      vertex 23.4386 18.6053 -3.51
    endloop
  endfacet
  facet normal 0 0 -1
    outer loop
      vertex 23.1483 17.6483 -3.51
      vertex 23.4386 18.6053 -3.51
      vertex 23.2592 17.6087 -3.51
    endloop
  endfacet
  facet normal -0 0 -1
    outer loop
      vertex 23.4386 18.6053 -3.51
      vertex 23.1483 17.6483 -3.51
      vertex 23.2292 18.6577 -3.51
    endloop
  endfacet
  facet normal 0 0 -1
    outer loop
      vertex 23.0341 17.6769 -3.51
      vertex 23.2292 18.6577 -3.51
      vertex 23.1483 17.6483 -3.51
    endloop
  endfacet
  facet normal 0 0 -1
    outer loop
      vertex 23.0341 17.6769 -3.51
      vertex 23.0156 18.6894 -3.51
      vertex 23.2292 18.6577 -3.51
    endloop
  endfacet
  facet normal 0 0 -1
    outer loop
      vertex 22.9176 17.6942 -3.51
      vertex 23.0156 18.6894 -3.51
      vertex 23.0341 17.6769 -3.51
    endloop
  endfacet
  facet normal 0 0 -1
    outer loop
      vertex 22.8 17.7 -3.51
      vertex 23.0156 18.6894 -3.51
      vertex 22.9176 17.6942 -3.51
    endloop
  endfacet
  facet normal 0 0 -1
    outer loop
      vertex 22.8 17.7 -3.51
      vertex 22.8 18.7 -3.51
      vertex 23.0156 18.6894 -3.51
    endloop
  endfacet
  facet normal 0 0 -1
    outer loop
      vertex 22.6824 17.6942 -3.51
      vertex 22.8 18.7 -3.51
      vertex 22.8 17.7 -3.51
    endloop
  endfacet
  facet normal 0 0 -1
    outer loop
      vertex 22.6824 17.6942 -3.51
      vertex 22.5844 18.6894 -3.51
      vertex 22.8 18.7 -3.51
    endloop
  endfacet
  facet normal 0 0 -1
    outer loop
      vertex 22.5659 17.6769 -3.51
      vertex 22.5844 18.6894 -3.51
      vertex 22.6824 17.6942 -3.51
    endloop
  endfacet
  facet normal 0 0 -1
    outer loop
      vertex 22.3708 18.6577 -3.51
      vertex 22.5659 17.6769 -3.51
      vertex 22.4517 17.6483 -3.51
    endloop
  endfacet
  facet normal 0 0 -1
    outer loop
      vertex 22.5659 17.6769 -3.51
      vertex 22.3708 18.6577 -3.51
      vertex 22.5844 18.6894 -3.51
    endloop
  endfacet
  facet normal 0 0 -1
    outer loop
      vertex 22.1614 18.6053 -3.51
      vertex 22.4517 17.6483 -3.51
      vertex 22.3408 17.6087 -3.51
    endloop
  endfacet
  facet normal 0 0 -1
    outer loop
      vertex 21.9581 18.5325 -3.51
      vertex 22.3408 17.6087 -3.51
      vertex 22.2343 17.5583 -3.51
    endloop
  endfacet
  facet normal 0 0 -1
    outer loop
      vertex 22.4517 17.6483 -3.51
      vertex 22.1614 18.6053 -3.51
      vertex 22.3708 18.6577 -3.51
    endloop
  endfacet
  facet normal 0 0 -1
    outer loop
      vertex 21.7629 18.4402 -3.51
      vertex 22.2343 17.5583 -3.51
      vertex 22.1333 17.4978 -3.51
    endloop
  endfacet
  facet normal 0 0 -1
    outer loop
      vertex 21.5777 18.3292 -3.51
      vertex 22.1333 17.4978 -3.51
      vertex 22.0387 17.4276 -3.51
    endloop
  endfacet
  facet normal 0 0 -1
    outer loop
      vertex 22.3408 17.6087 -3.51
      vertex 21.9581 18.5325 -3.51
      vertex 22.1614 18.6053 -3.51
    endloop
  endfacet
  facet normal 0 0 -1
    outer loop
      vertex 21.4043 18.2006 -3.51
      vertex 22.0387 17.4276 -3.51
      vertex 21.9515 17.3485 -3.51
    endloop
  endfacet
  facet normal 0 0 -1
    outer loop
      vertex 21.2444 18.0556 -3.51
      vertex 21.9515 17.3485 -3.51
      vertex 21.8724 17.2613 -3.51
    endloop
  endfacet
  facet normal 0 0 -1
    outer loop
      vertex 21.0994 17.8957 -3.51
      vertex 21.8724 17.2613 -3.51
      vertex 21.8022 17.1667 -3.51
    endloop
  endfacet
  facet normal 0 0 -1
    outer loop
      vertex 22.2343 17.5583 -3.51
      vertex 21.7629 18.4402 -3.51
      vertex 21.9581 18.5325 -3.51
    endloop
  endfacet
  facet normal 0 0 -1
    outer loop
      vertex 20.9708 17.7223 -3.51
      vertex 21.8022 17.1667 -3.51
      vertex 21.7417 17.0657 -3.51
    endloop
  endfacet
  facet normal 0 0 -1
    outer loop
      vertex 20.8598 17.5371 -3.51
      vertex 21.7417 17.0657 -3.51
      vertex 21.6913 16.9592 -3.51
    endloop
  endfacet
  facet normal 0 0 -1
    outer loop
      vertex 20.7675 17.3419 -3.51
      vertex 21.6913 16.9592 -3.51
      vertex 21.6517 16.8483 -3.51
    endloop
  endfacet
  facet normal 0 0 -1
    outer loop
      vertex 20.6947 17.1386 -3.51
      vertex 21.6517 16.8483 -3.51
      vertex 21.6231 16.7341 -3.51
    endloop
  endfacet
  facet normal 0 0 -1
    outer loop
      vertex 20.6423 16.9292 -3.51
      vertex 21.6231 16.7341 -3.51
      vertex 21.6058 16.6176 -3.51
    endloop
  endfacet
  facet normal 0 0 -1
    outer loop
      vertex 22.1333 17.4978 -3.51
      vertex 21.5777 18.3292 -3.51
      vertex 21.7629 18.4402 -3.51
    endloop
  endfacet
  facet normal 0 0 -1
    outer loop
      vertex 20.6106 16.7156 -3.51
      vertex 21.6058 16.6176 -3.51
      vertex 21.6 16.5 -3.51
    endloop
  endfacet
  facet normal -0 0 -1
    outer loop
      vertex 21.7417 15.9343 -3.51
      vertex 20.8598 15.4629 -3.51
      vertex 21.6913 16.0408 -3.51
    endloop
  endfacet
  facet normal 0 0 -1
    outer loop
      vertex 20.7675 15.6581 -3.51
      vertex 21.6913 16.0408 -3.51
      vertex 20.8598 15.4629 -3.51
    endloop
  endfacet
  facet normal 0 0 -1
    outer loop
      vertex 22.0387 17.4276 -3.51
      vertex 21.4043 18.2006 -3.51
      vertex 21.5777 18.3292 -3.51
    endloop
  endfacet
  facet normal -0 0 -1
    outer loop
      vertex 21.6913 16.0408 -3.51
      vertex 20.7675 15.6581 -3.51
      vertex 21.6517 16.1517 -3.51
    endloop
  endfacet
  facet normal 0 0 -1
    outer loop
      vertex 21.9515 17.3485 -3.51
      vertex 21.2444 18.0556 -3.51
      vertex 21.4043 18.2006 -3.51
    endloop
  endfacet
  facet normal 0 0 -1
    outer loop
      vertex 20.6947 15.8614 -3.51
      vertex 21.6517 16.1517 -3.51
      vertex 20.7675 15.6581 -3.51
    endloop
  endfacet
  facet normal 0 0 -1
    outer loop
      vertex 21.8724 17.2613 -3.51
      vertex 21.0994 17.8957 -3.51
      vertex 21.2444 18.0556 -3.51
    endloop
  endfacet
  facet normal -0 0 -1
    outer loop
      vertex 21.6517 16.1517 -3.51
      vertex 20.6947 15.8614 -3.51
      vertex 21.6231 16.2659 -3.51
    endloop
  endfacet
  facet normal 0 0 -1
    outer loop
      vertex 21.8022 17.1667 -3.51
      vertex 20.9708 17.7223 -3.51
      vertex 21.0994 17.8957 -3.51
    endloop
  endfacet
  facet normal 0 0 -1
    outer loop
      vertex 20.6423 16.0708 -3.51
      vertex 21.6231 16.2659 -3.51
      vertex 20.6947 15.8614 -3.51
    endloop
  endfacet
  facet normal 0 0 -1
    outer loop
      vertex 21.7417 17.0657 -3.51
      vertex 20.8598 17.5371 -3.51
      vertex 20.9708 17.7223 -3.51
    endloop
  endfacet
  facet normal -0 0 -1
    outer loop
      vertex 21.6231 16.2659 -3.51
      vertex 20.6423 16.0708 -3.51
      vertex 21.6058 16.3824 -3.51
    endloop
  endfacet
  facet normal 0 0 -1
    outer loop
      vertex 21.6913 16.9592 -3.51
      vertex 20.7675 17.3419 -3.51
      vertex 20.8598 17.5371 -3.51
    endloop
  endfacet
  facet normal 0 0 -1
    outer loop
      vertex 20.6106 16.2844 -3.51
      vertex 21.6058 16.3824 -3.51
      vertex 20.6423 16.0708 -3.51
    endloop
  endfacet
  facet normal 0 0 -1
    outer loop
      vertex 21.6517 16.8483 -3.51
      vertex 20.6947 17.1386 -3.51
      vertex 20.7675 17.3419 -3.51
    endloop
  endfacet
  facet normal -0 0 -1
    outer loop
      vertex 21.6058 16.3824 -3.51
      vertex 20.6106 16.2844 -3.51
      vertex 21.6 16.5 -3.51
    endloop
  endfacet
  facet normal 0 0 -1
    outer loop
      vertex 21.6231 16.7341 -3.51
      vertex 20.6423 16.9292 -3.51
      vertex 20.6947 17.1386 -3.51
    endloop
  endfacet
  facet normal 0 0 -1
    outer loop
      vertex 20.6 16.5 -3.51
      vertex 21.6 16.5 -3.51
      vertex 20.6106 16.2844 -3.51
    endloop
  endfacet
  facet normal 0 0 -1
    outer loop
      vertex 21.6058 16.6176 -3.51
      vertex 20.6106 16.7156 -3.51
      vertex 20.6423 16.9292 -3.51
    endloop
  endfacet
  facet normal 0 0 -1
    outer loop
      vertex 21.6 16.5 -3.51
      vertex 20.6 16.5 -3.51
      vertex 20.6106 16.7156 -3.51
    endloop
  endfacet
  facet normal 0.0492599 -0.998786 0
    outer loop
      vertex 32.6824 17.6942 -3.51
      vertex 32.8 17.7 0
      vertex 32.6824 17.6942 0
    endloop
  endfacet
  facet normal 0.0492599 -0.998786 0
    outer loop
      vertex 32.8 17.7 0
      vertex 32.6824 17.6942 -3.51
      vertex 32.8 17.7 -3.51
    endloop
  endfacet
  facet normal -0.989153 -0.146887 0
    outer loop
      vertex 33.9942 16.6176 -3.51
      vertex 33.9769 16.7341 0
      vertex 33.9769 16.7341 -3.51
    endloop
  endfacet
  facet normal -0.989153 -0.146887 0
    outer loop
      vertex 33.9769 16.7341 0
      vertex 33.9942 16.6176 -3.51
      vertex 33.9942 16.6176 0
    endloop
  endfacet
  facet normal -0.998786 -0.0492599 0
    outer loop
      vertex 34 16.5 -3.51
      vertex 33.9942 16.6176 0
      vertex 33.9942 16.6176 -3.51
    endloop
  endfacet
  facet normal -0.998786 -0.0492599 0
    outer loop
      vertex 33.9942 16.6176 0
      vertex 34 16.5 -3.51
      vertex 34 16.5 0
    endloop
  endfacet
  facet normal -0.970042 -0.242935 0
    outer loop
      vertex 33.9769 16.7341 -3.51
      vertex 33.9483 16.8483 0
      vertex 33.9483 16.8483 -3.51
    endloop
  endfacet
  facet normal -0.970042 -0.242935 0
    outer loop
      vertex 33.9483 16.8483 0
      vertex 33.9769 16.7341 -3.51
      vertex 33.9769 16.7341 0
    endloop
  endfacet
  facet normal 0.0492599 0.998786 -0
    outer loop
      vertex 32.8 15.3 -3.51
      vertex 32.6824 15.3058 0
      vertex 32.8 15.3 0
    endloop
  endfacet
  facet normal 0.0492599 0.998786 0
    outer loop
      vertex 32.6824 15.3058 0
      vertex 32.8 15.3 -3.51
      vertex 32.6824 15.3058 -3.51
    endloop
  endfacet
  facet normal -0.803046 -0.595918 0
    outer loop
      vertex 33.7978 17.1667 -3.51
      vertex 33.7276 17.2613 0
      vertex 33.7276 17.2613 -3.51
    endloop
  endfacet
  facet normal -0.803046 -0.595918 0
    outer loop
      vertex 33.7276 17.2613 0
      vertex 33.7978 17.1667 -3.51
      vertex 33.7978 17.1667 0
    endloop
  endfacet
  facet normal -0.595918 -0.803046 0
    outer loop
      vertex 33.4667 17.4978 -3.51
      vertex 33.5613 17.4276 0
      vertex 33.4667 17.4978 0
    endloop
  endfacet
  facet normal -0.595918 -0.803046 -0
    outer loop
      vertex 33.5613 17.4276 0
      vertex 33.4667 17.4978 -3.51
      vertex 33.5613 17.4276 -3.51
    endloop
  endfacet
  facet normal 0.941761 -0.336283 0
    outer loop
      vertex 31.6517 16.8483 0
      vertex 31.6913 16.9592 -3.51
      vertex 31.6913 16.9592 0
    endloop
  endfacet
  facet normal 0.941761 -0.336283 0
    outer loop
      vertex 31.6913 16.9592 -3.51
      vertex 31.6517 16.8483 0
      vertex 31.6517 16.8483 -3.51
    endloop
  endfacet
  facet normal -0.998786 0.0492599 0
    outer loop
      vertex 33.9942 16.3824 -3.51
      vertex 34 16.5 0
      vertex 34 16.5 -3.51
    endloop
  endfacet
  facet normal -0.998786 0.0492599 0
    outer loop
      vertex 34 16.5 0
      vertex 33.9942 16.3824 -3.51
      vertex 33.9942 16.3824 0
    endloop
  endfacet
  facet normal 0.427758 -0.903893 0
    outer loop
      vertex 32.2343 17.5583 -3.51
      vertex 32.3408 17.6087 0
      vertex 32.2343 17.5583 0
    endloop
  endfacet
  facet normal 0.427758 -0.903893 0
    outer loop
      vertex 32.3408 17.6087 0
      vertex 32.2343 17.5583 -3.51
      vertex 32.3408 17.6087 -3.51
    endloop
  endfacet
  facet normal 0.146887 -0.989153 0
    outer loop
      vertex 32.5659 17.6769 -3.51
      vertex 32.6824 17.6942 0
      vertex 32.5659 17.6769 0
    endloop
  endfacet
  facet normal 0.146887 -0.989153 0
    outer loop
      vertex 32.6824 17.6942 0
      vertex 32.5659 17.6769 -3.51
      vertex 32.6824 17.6942 -3.51
    endloop
  endfacet
  facet normal 0.74067 -0.671869 0
    outer loop
      vertex 31.8724 17.2613 0
      vertex 31.9515 17.3485 -3.51
      vertex 31.9515 17.3485 0
    endloop
  endfacet
  facet normal 0.74067 -0.671869 0
    outer loop
      vertex 31.9515 17.3485 -3.51
      vertex 31.8724 17.2613 0
      vertex 31.8724 17.2613 -3.51
    endloop
  endfacet
  facet normal -0.427758 -0.903893 0
    outer loop
      vertex 33.2592 17.6087 -3.51
      vertex 33.3657 17.5583 0
      vertex 33.2592 17.6087 0
    endloop
  endfacet
  facet normal -0.427758 -0.903893 -0
    outer loop
      vertex 33.3657 17.5583 0
      vertex 33.2592 17.6087 -3.51
      vertex 33.3657 17.5583 -3.51
    endloop
  endfacet
  facet normal 0.857867 -0.513871 0
    outer loop
      vertex 31.7417 17.0657 0
      vertex 31.8022 17.1667 -3.51
      vertex 31.8022 17.1667 0
    endloop
  endfacet
  facet normal 0.857867 -0.513871 0
    outer loop
      vertex 31.8022 17.1667 -3.51
      vertex 31.7417 17.0657 0
      vertex 31.7417 17.0657 -3.51
    endloop
  endfacet
  facet normal -0.336283 0.941761 0
    outer loop
      vertex 33.2592 15.3913 -3.51
      vertex 33.1483 15.3517 0
      vertex 33.2592 15.3913 0
    endloop
  endfacet
  facet normal -0.336283 0.941761 0
    outer loop
      vertex 33.1483 15.3517 0
      vertex 33.2592 15.3913 -3.51
      vertex 33.1483 15.3517 -3.51
    endloop
  endfacet
  facet normal 0.336283 -0.941761 0
    outer loop
      vertex 32.3408 17.6087 -3.51
      vertex 32.4517 17.6483 0
      vertex 32.3408 17.6087 0
    endloop
  endfacet
  facet normal 0.336283 -0.941761 0
    outer loop
      vertex 32.4517 17.6483 0
      vertex 32.3408 17.6087 -3.51
      vertex 32.4517 17.6483 -3.51
    endloop
  endfacet
  facet normal 0.595918 -0.803046 0
    outer loop
      vertex 32.0387 17.4276 -3.51
      vertex 32.1333 17.4978 0
      vertex 32.0387 17.4276 0
    endloop
  endfacet
  facet normal 0.595918 -0.803046 0
    outer loop
      vertex 32.1333 17.4978 0
      vertex 32.0387 17.4276 -3.51
      vertex 32.1333 17.4978 -3.51
    endloop
  endfacet
  facet normal 0.998786 0.0492599 0
    outer loop
      vertex 31.6058 16.3824 0
      vertex 31.6 16.5 -3.51
      vertex 31.6 16.5 0
    endloop
  endfacet
  facet normal 0.998786 0.0492599 0
    outer loop
      vertex 31.6 16.5 -3.51
      vertex 31.6058 16.3824 0
      vertex 31.6058 16.3824 -3.51
    endloop
  endfacet
  facet normal 0.803046 0.595918 0
    outer loop
      vertex 31.8724 15.7387 0
      vertex 31.8022 15.8333 -3.51
      vertex 31.8022 15.8333 0
    endloop
  endfacet
  facet normal 0.803046 0.595918 0
    outer loop
      vertex 31.8022 15.8333 -3.51
      vertex 31.8724 15.7387 0
      vertex 31.8724 15.7387 -3.51
    endloop
  endfacet
  facet normal -0.989153 0.146887 0
    outer loop
      vertex 33.9769 16.2659 -3.51
      vertex 33.9942 16.3824 0
      vertex 33.9942 16.3824 -3.51
    endloop
  endfacet
  facet normal -0.989153 0.146887 0
    outer loop
      vertex 33.9942 16.3824 0
      vertex 33.9769 16.2659 -3.51
      vertex 33.9769 16.2659 0
    endloop
  endfacet
  facet normal -0.941761 -0.336283 0
    outer loop
      vertex 33.9483 16.8483 -3.51
      vertex 33.9087 16.9592 0
      vertex 33.9087 16.9592 -3.51
    endloop
  endfacet
  facet normal -0.941761 -0.336283 0
    outer loop
      vertex 33.9087 16.9592 0
      vertex 33.9483 16.8483 -3.51
      vertex 33.9483 16.8483 0
    endloop
  endfacet
  facet normal 0.857867 0.513871 0
    outer loop
      vertex 31.8022 15.8333 0
      vertex 31.7417 15.9343 -3.51
      vertex 31.7417 15.9343 0
    endloop
  endfacet
  facet normal 0.857867 0.513871 0
    outer loop
      vertex 31.7417 15.9343 -3.51
      vertex 31.8022 15.8333 0
      vertex 31.8022 15.8333 -3.51
    endloop
  endfacet
  facet normal -0.803046 0.595918 0
    outer loop
      vertex 33.7276 15.7387 -3.51
      vertex 33.7978 15.8333 0
      vertex 33.7978 15.8333 -3.51
    endloop
  endfacet
  facet normal -0.803046 0.595918 0
    outer loop
      vertex 33.7978 15.8333 0
      vertex 33.7276 15.7387 -3.51
      vertex 33.7276 15.7387 0
    endloop
  endfacet
  facet normal -0.336283 -0.941761 0
    outer loop
      vertex 33.1483 17.6483 -3.51
      vertex 33.2592 17.6087 0
      vertex 33.1483 17.6483 0
    endloop
  endfacet
  facet normal -0.336283 -0.941761 -0
    outer loop
      vertex 33.2592 17.6087 0
      vertex 33.1483 17.6483 -3.51
      vertex 33.2592 17.6087 -3.51
    endloop
  endfacet
  facet normal -0.74067 -0.671869 0
    outer loop
      vertex 33.7276 17.2613 -3.51
      vertex 33.6485 17.3485 0
      vertex 33.6485 17.3485 -3.51
    endloop
  endfacet
  facet normal -0.74067 -0.671869 0
    outer loop
      vertex 33.6485 17.3485 0
      vertex 33.7276 17.2613 -3.51
      vertex 33.7276 17.2613 0
    endloop
  endfacet
  facet normal 0.903893 -0.427758 0
    outer loop
      vertex 31.6913 16.9592 0
      vertex 31.7417 17.0657 -3.51
      vertex 31.7417 17.0657 0
    endloop
  endfacet
  facet normal 0.903893 -0.427758 0
    outer loop
      vertex 31.7417 17.0657 -3.51
      vertex 31.6913 16.9592 0
      vertex 31.6913 16.9592 -3.51
    endloop
  endfacet
  facet normal -0.146887 -0.989153 0
    outer loop
      vertex 32.9176 17.6942 -3.51
      vertex 33.0341 17.6769 0
      vertex 32.9176 17.6942 0
    endloop
  endfacet
  facet normal -0.146887 -0.989153 -0
    outer loop
      vertex 33.0341 17.6769 0
      vertex 32.9176 17.6942 -3.51
      vertex 33.0341 17.6769 -3.51
    endloop
  endfacet
  facet normal -0.513871 0.857867 0
    outer loop
      vertex 33.4667 15.5022 -3.51
      vertex 33.3657 15.4417 0
      vertex 33.4667 15.5022 0
    endloop
  endfacet
  facet normal -0.513871 0.857867 0
    outer loop
      vertex 33.3657 15.4417 0
      vertex 33.4667 15.5022 -3.51
      vertex 33.3657 15.4417 -3.51
    endloop
  endfacet
  facet normal -0.513871 -0.857867 0
    outer loop
      vertex 33.3657 17.5583 -3.51
      vertex 33.4667 17.4978 0
      vertex 33.3657 17.5583 0
    endloop
  endfacet
  facet normal -0.513871 -0.857867 -0
    outer loop
      vertex 33.4667 17.4978 0
      vertex 33.3657 17.5583 -3.51
      vertex 33.4667 17.4978 -3.51
    endloop
  endfacet
  facet normal 0.242935 -0.970042 0
    outer loop
      vertex 32.4517 17.6483 -3.51
      vertex 32.5659 17.6769 0
      vertex 32.4517 17.6483 0
    endloop
  endfacet
  facet normal 0.242935 -0.970042 0
    outer loop
      vertex 32.5659 17.6769 0
      vertex 32.4517 17.6483 -3.51
      vertex 32.5659 17.6769 -3.51
    endloop
  endfacet
  facet normal 0.903893 0.427758 0
    outer loop
      vertex 31.7417 15.9343 0
      vertex 31.6913 16.0408 -3.51
      vertex 31.6913 16.0408 0
    endloop
  endfacet
  facet normal 0.903893 0.427758 0
    outer loop
      vertex 31.6913 16.0408 -3.51
      vertex 31.7417 15.9343 0
      vertex 31.7417 15.9343 -3.51
    endloop
  endfacet
  facet normal -0.903893 -0.427758 0
    outer loop
      vertex 33.9087 16.9592 -3.51
      vertex 33.8583 17.0657 0
      vertex 33.8583 17.0657 -3.51
    endloop
  endfacet
  facet normal -0.903893 -0.427758 0
    outer loop
      vertex 33.8583 17.0657 0
      vertex 33.9087 16.9592 -3.51
      vertex 33.9087 16.9592 0
    endloop
  endfacet
  facet normal 0.146887 0.989153 -0
    outer loop
      vertex 32.6824 15.3058 -3.51
      vertex 32.5659 15.3231 0
      vertex 32.6824 15.3058 0
    endloop
  endfacet
  facet normal 0.146887 0.989153 0
    outer loop
      vertex 32.5659 15.3231 0
      vertex 32.6824 15.3058 -3.51
      vertex 32.5659 15.3231 -3.51
    endloop
  endfacet
  facet normal -0.671869 0.74067 0
    outer loop
      vertex 33.6485 15.6515 -3.51
      vertex 33.5613 15.5724 0
      vertex 33.6485 15.6515 0
    endloop
  endfacet
  facet normal -0.671869 0.74067 0
    outer loop
      vertex 33.5613 15.5724 0
      vertex 33.6485 15.6515 -3.51
      vertex 33.5613 15.5724 -3.51
    endloop
  endfacet
  facet normal 0.998786 -0.0492599 0
    outer loop
      vertex 31.6 16.5 0
      vertex 31.6058 16.6176 -3.51
      vertex 31.6058 16.6176 0
    endloop
  endfacet
  facet normal 0.998786 -0.0492599 0
    outer loop
      vertex 31.6058 16.6176 -3.51
      vertex 31.6 16.5 0
      vertex 31.6 16.5 -3.51
    endloop
  endfacet
  facet normal 0.989153 0.146887 0
    outer loop
      vertex 31.6231 16.2659 0
      vertex 31.6058 16.3824 -3.51
      vertex 31.6058 16.3824 0
    endloop
  endfacet
  facet normal 0.989153 0.146887 0
    outer loop
      vertex 31.6058 16.3824 -3.51
      vertex 31.6231 16.2659 0
      vertex 31.6231 16.2659 -3.51
    endloop
  endfacet
  facet normal 0.595918 0.803046 -0
    outer loop
      vertex 32.1333 15.5022 -3.51
      vertex 32.0387 15.5724 0
      vertex 32.1333 15.5022 0
    endloop
  endfacet
  facet normal 0.595918 0.803046 0
    outer loop
      vertex 32.0387 15.5724 0
      vertex 32.1333 15.5022 -3.51
      vertex 32.0387 15.5724 -3.51
    endloop
  endfacet
  facet normal -0.146887 0.989153 0
    outer loop
      vertex 33.0341 15.3231 -3.51
      vertex 32.9176 15.3058 0
      vertex 33.0341 15.3231 0
    endloop
  endfacet
  facet normal -0.146887 0.989153 0
    outer loop
      vertex 32.9176 15.3058 0
      vertex 33.0341 15.3231 -3.51
      vertex 32.9176 15.3058 -3.51
    endloop
  endfacet
  facet normal 0.941761 0.336283 0
    outer loop
      vertex 31.6913 16.0408 0
      vertex 31.6517 16.1517 -3.51
      vertex 31.6517 16.1517 0
    endloop
  endfacet
  facet normal 0.941761 0.336283 0
    outer loop
      vertex 31.6517 16.1517 -3.51
      vertex 31.6913 16.0408 0
      vertex 31.6913 16.0408 -3.51
    endloop
  endfacet
  facet normal -0.595918 0.803046 0
    outer loop
      vertex 33.5613 15.5724 -3.51
      vertex 33.4667 15.5022 0
      vertex 33.5613 15.5724 0
    endloop
  endfacet
  facet normal -0.595918 0.803046 0
    outer loop
      vertex 33.4667 15.5022 0
      vertex 33.5613 15.5724 -3.51
      vertex 33.4667 15.5022 -3.51
    endloop
  endfacet
  facet normal -0.427758 0.903893 0
    outer loop
      vertex 33.3657 15.4417 -3.51
      vertex 33.2592 15.3913 0
      vertex 33.3657 15.4417 0
    endloop
  endfacet
  facet normal -0.427758 0.903893 0
    outer loop
      vertex 33.2592 15.3913 0
      vertex 33.3657 15.4417 -3.51
      vertex 33.2592 15.3913 -3.51
    endloop
  endfacet
  facet normal 0.74067 0.671869 0
    outer loop
      vertex 31.9515 15.6515 0
      vertex 31.8724 15.7387 -3.51
      vertex 31.8724 15.7387 0
    endloop
  endfacet
  facet normal 0.74067 0.671869 0
    outer loop
      vertex 31.8724 15.7387 -3.51
      vertex 31.9515 15.6515 0
      vertex 31.9515 15.6515 -3.51
    endloop
  endfacet
  facet normal 0.671869 0.74067 -0
    outer loop
      vertex 32.0387 15.5724 -3.51
      vertex 31.9515 15.6515 0
      vertex 32.0387 15.5724 0
    endloop
  endfacet
  facet normal 0.671869 0.74067 0
    outer loop
      vertex 31.9515 15.6515 0
      vertex 32.0387 15.5724 -3.51
      vertex 31.9515 15.6515 -3.51
    endloop
  endfacet
  facet normal 0.242935 0.970042 -0
    outer loop
      vertex 32.5659 15.3231 -3.51
      vertex 32.4517 15.3517 0
      vertex 32.5659 15.3231 0
    endloop
  endfacet
  facet normal 0.242935 0.970042 0
    outer loop
      vertex 32.4517 15.3517 0
      vertex 32.5659 15.3231 -3.51
      vertex 32.4517 15.3517 -3.51
    endloop
  endfacet
  facet normal -0.0492599 -0.998786 0
    outer loop
      vertex 32.8 17.7 -3.51
      vertex 32.9176 17.6942 0
      vertex 32.8 17.7 0
    endloop
  endfacet
  facet normal -0.0492599 -0.998786 -0
    outer loop
      vertex 32.9176 17.6942 0
      vertex 32.8 17.7 -3.51
      vertex 32.9176 17.6942 -3.51
    endloop
  endfacet
  facet normal -0.903893 0.427758 0
    outer loop
      vertex 33.8583 15.9343 -3.51
      vertex 33.9087 16.0408 0
      vertex 33.9087 16.0408 -3.51
    endloop
  endfacet
  facet normal -0.903893 0.427758 0
    outer loop
      vertex 33.9087 16.0408 0
      vertex 33.8583 15.9343 -3.51
      vertex 33.8583 15.9343 0
    endloop
  endfacet
  facet normal -0.671869 -0.74067 0
    outer loop
      vertex 33.5613 17.4276 -3.51
      vertex 33.6485 17.3485 0
      vertex 33.5613 17.4276 0
    endloop
  endfacet
  facet normal -0.671869 -0.74067 -0
    outer loop
      vertex 33.6485 17.3485 0
      vertex 33.5613 17.4276 -3.51
      vertex 33.6485 17.3485 -3.51
    endloop
  endfacet
  facet normal 0.970042 -0.242935 0
    outer loop
      vertex 31.6231 16.7341 0
      vertex 31.6517 16.8483 -3.51
      vertex 31.6517 16.8483 0
    endloop
  endfacet
  facet normal 0.970042 -0.242935 0
    outer loop
      vertex 31.6517 16.8483 -3.51
      vertex 31.6231 16.7341 0
      vertex 31.6231 16.7341 -3.51
    endloop
  endfacet
  facet normal -0.970042 0.242935 0
    outer loop
      vertex 33.9483 16.1517 -3.51
      vertex 33.9769 16.2659 0
      vertex 33.9769 16.2659 -3.51
    endloop
  endfacet
  facet normal -0.970042 0.242935 0
    outer loop
      vertex 33.9769 16.2659 0
      vertex 33.9483 16.1517 -3.51
      vertex 33.9483 16.1517 0
    endloop
  endfacet
  facet normal -0.242935 0.970042 0
    outer loop
      vertex 33.1483 15.3517 -3.51
      vertex 33.0341 15.3231 0
      vertex 33.1483 15.3517 0
    endloop
  endfacet
  facet normal -0.242935 0.970042 0
    outer loop
      vertex 33.0341 15.3231 0
      vertex 33.1483 15.3517 -3.51
      vertex 33.0341 15.3231 -3.51
    endloop
  endfacet
  facet normal -0.74067 0.671869 0
    outer loop
      vertex 33.6485 15.6515 -3.51
      vertex 33.7276 15.7387 0
      vertex 33.7276 15.7387 -3.51
    endloop
  endfacet
  facet normal -0.74067 0.671869 0
    outer loop
      vertex 33.7276 15.7387 0
      vertex 33.6485 15.6515 -3.51
      vertex 33.6485 15.6515 0
    endloop
  endfacet
  facet normal -0.857867 -0.513871 0
    outer loop
      vertex 33.8583 17.0657 -3.51
      vertex 33.7978 17.1667 0
      vertex 33.7978 17.1667 -3.51
    endloop
  endfacet
  facet normal -0.857867 -0.513871 0
    outer loop
      vertex 33.7978 17.1667 0
      vertex 33.8583 17.0657 -3.51
      vertex 33.8583 17.0657 0
    endloop
  endfacet
  facet normal -0.0492599 0.998786 0
    outer loop
      vertex 32.9176 15.3058 -3.51
      vertex 32.8 15.3 0
      vertex 32.9176 15.3058 0
    endloop
  endfacet
  facet normal -0.0492599 0.998786 0
    outer loop
      vertex 32.8 15.3 0
      vertex 32.9176 15.3058 -3.51
      vertex 32.8 15.3 -3.51
    endloop
  endfacet
  facet normal 0.970042 0.242935 0
    outer loop
      vertex 31.6517 16.1517 0
      vertex 31.6231 16.2659 -3.51
      vertex 31.6231 16.2659 0
    endloop
  endfacet
  facet normal 0.970042 0.242935 0
    outer loop
      vertex 31.6231 16.2659 -3.51
      vertex 31.6517 16.1517 0
      vertex 31.6517 16.1517 -3.51
    endloop
  endfacet
  facet normal 0.671869 -0.74067 0
    outer loop
      vertex 31.9515 17.3485 -3.51
      vertex 32.0387 17.4276 0
      vertex 31.9515 17.3485 0
    endloop
  endfacet
  facet normal 0.671869 -0.74067 0
    outer loop
      vertex 32.0387 17.4276 0
      vertex 31.9515 17.3485 -3.51
      vertex 32.0387 17.4276 -3.51
    endloop
  endfacet
  facet normal 0.513871 0.857867 -0
    outer loop
      vertex 32.2343 15.4417 -3.51
      vertex 32.1333 15.5022 0
      vertex 32.2343 15.4417 0
    endloop
  endfacet
  facet normal 0.513871 0.857867 0
    outer loop
      vertex 32.1333 15.5022 0
      vertex 32.2343 15.4417 -3.51
      vertex 32.1333 15.5022 -3.51
    endloop
  endfacet
  facet normal 0.336283 0.941761 -0
    outer loop
      vertex 32.4517 15.3517 -3.51
      vertex 32.3408 15.3913 0
      vertex 32.4517 15.3517 0
    endloop
  endfacet
  facet normal 0.336283 0.941761 0
    outer loop
      vertex 32.3408 15.3913 0
      vertex 32.4517 15.3517 -3.51
      vertex 32.3408 15.3913 -3.51
    endloop
  endfacet
  facet normal 0.513871 -0.857867 0
    outer loop
      vertex 32.1333 17.4978 -3.51
      vertex 32.2343 17.5583 0
      vertex 32.1333 17.4978 0
    endloop
  endfacet
  facet normal 0.513871 -0.857867 0
    outer loop
      vertex 32.2343 17.5583 0
      vertex 32.1333 17.4978 -3.51
      vertex 32.2343 17.5583 -3.51
    endloop
  endfacet
  facet normal -0.857867 0.513871 0
    outer loop
      vertex 33.7978 15.8333 -3.51
      vertex 33.8583 15.9343 0
      vertex 33.8583 15.9343 -3.51
    endloop
  endfacet
  facet normal -0.857867 0.513871 0
    outer loop
      vertex 33.8583 15.9343 0
      vertex 33.7978 15.8333 -3.51
      vertex 33.7978 15.8333 0
    endloop
  endfacet
  facet normal -0.941761 0.336283 0
    outer loop
      vertex 33.9087 16.0408 -3.51
      vertex 33.9483 16.1517 0
      vertex 33.9483 16.1517 -3.51
    endloop
  endfacet
  facet normal -0.941761 0.336283 0
    outer loop
      vertex 33.9483 16.1517 0
      vertex 33.9087 16.0408 -3.51
      vertex 33.9087 16.0408 0
    endloop
  endfacet
  facet normal 0.427758 0.903893 -0
    outer loop
      vertex 32.3408 15.3913 -3.51
      vertex 32.2343 15.4417 0
      vertex 32.3408 15.3913 0
    endloop
  endfacet
  facet normal 0.427758 0.903893 0
    outer loop
      vertex 32.2343 15.4417 0
      vertex 32.3408 15.3913 -3.51
      vertex 32.2343 15.4417 -3.51
    endloop
  endfacet
  facet normal 0.989153 -0.146887 0
    outer loop
      vertex 31.6058 16.6176 0
      vertex 31.6231 16.7341 -3.51
      vertex 31.6231 16.7341 0
    endloop
  endfacet
  facet normal 0.989153 -0.146887 0
    outer loop
      vertex 31.6231 16.7341 -3.51
      vertex 31.6058 16.6176 0
      vertex 31.6058 16.6176 -3.51
    endloop
  endfacet
  facet normal -0.242935 -0.970042 0
    outer loop
      vertex 33.0341 17.6769 -3.51
      vertex 33.1483 17.6483 0
      vertex 33.0341 17.6769 0
    endloop
  endfacet
  facet normal -0.242935 -0.970042 -0
    outer loop
      vertex 33.1483 17.6483 0
      vertex 33.0341 17.6769 -3.51
      vertex 33.1483 17.6483 -3.51
    endloop
  endfacet
  facet normal 0.803046 -0.595918 0
    outer loop
      vertex 31.8022 17.1667 0
      vertex 31.8724 17.2613 -3.51
      vertex 31.8724 17.2613 0
    endloop
  endfacet
  facet normal 0.803046 -0.595918 0
    outer loop
      vertex 31.8724 17.2613 -3.51
      vertex 31.8022 17.1667 0
      vertex 31.8022 17.1667 -3.51
    endloop
  endfacet
  facet normal -0.989166 -0.1468 0
    outer loop
      vertex 34.9894 16.7156 -5
      vertex 34.9577 16.9292 -3.51
      vertex 34.9577 16.9292 -5
    endloop
  endfacet
  facet normal -0.989166 -0.1468 0
    outer loop
      vertex 34.9577 16.9292 -3.51
      vertex 34.9894 16.7156 -5
      vertex 34.9894 16.7156 -3.51
    endloop
  endfacet
  facet normal -0.998794 -0.0491058 0
    outer loop
      vertex 35 16.5 -5
      vertex 34.9894 16.7156 -3.51
      vertex 34.9894 16.7156 -5
    endloop
  endfacet
  facet normal -0.998794 -0.0491058 0
    outer loop
      vertex 34.9894 16.7156 -3.51
      vertex 35 16.5 -5
      vertex 35 16.5 -3.51
    endloop
  endfacet
  facet normal -0.970088 -0.242754 0
    outer loop
      vertex 34.9577 16.9292 -5
      vertex 34.9053 17.1386 -3.51
      vertex 34.9053 17.1386 -5
    endloop
  endfacet
  facet normal -0.970088 -0.242754 0
    outer loop
      vertex 34.9053 17.1386 -3.51
      vertex 34.9577 16.9292 -5
      vertex 34.9577 16.9292 -3.51
    endloop
  endfacet
  facet normal -0.740778 -0.67175 0
    outer loop
      vertex 34.5006 17.8957 -5
      vertex 34.3556 18.0556 -3.51
      vertex 34.3556 18.0556 -5
    endloop
  endfacet
  facet normal -0.740778 -0.67175 0
    outer loop
      vertex 34.3556 18.0556 -3.51
      vertex 34.5006 17.8957 -5
      vertex 34.5006 17.8957 -3.51
    endloop
  endfacet
  facet normal 0.857738 -0.514087 0
    outer loop
      vertex 30.8598 17.5371 -3.51
      vertex 30.9708 17.7223 -5
      vertex 30.9708 17.7223 -3.51
    endloop
  endfacet
  facet normal 0.857738 -0.514087 0
    outer loop
      vertex 30.9708 17.7223 -5
      vertex 30.8598 17.5371 -3.51
      vertex 30.8598 17.5371 -5
    endloop
  endfacet
  facet normal 0.427469 -0.90403 0
    outer loop
      vertex 31.7629 18.4402 -5
      vertex 31.9581 18.5325 -3.51
      vertex 31.7629 18.4402 -3.51
    endloop
  endfacet
  facet normal 0.427469 -0.90403 0
    outer loop
      vertex 31.9581 18.5325 -3.51
      vertex 31.7629 18.4402 -5
      vertex 31.9581 18.5325 -5
    endloop
  endfacet
  facet normal -0.1468 0.989166 0
    outer loop
      vertex 33.2292 14.3423 -5
      vertex 33.0156 14.3106 -3.51
      vertex 33.2292 14.3423 -3.51
    endloop
  endfacet
  facet normal -0.1468 0.989166 0
    outer loop
      vertex 33.0156 14.3106 -3.51
      vertex 33.2292 14.3423 -5
      vertex 33.0156 14.3106 -5
    endloop
  endfacet
  facet normal -0.337128 -0.941459 0
    outer loop
      vertex 33.4386 18.6053 -5
      vertex 33.6419 18.5325 -3.51
      vertex 33.4386 18.6053 -3.51
    endloop
  endfacet
  facet normal -0.337128 -0.941459 -0
    outer loop
      vertex 33.6419 18.5325 -3.51
      vertex 33.4386 18.6053 -5
      vertex 33.6419 18.5325 -5
    endloop
  endfacet
  facet normal -0.514087 -0.857738 0
    outer loop
      vertex 33.8371 18.4402 -5
      vertex 34.0223 18.3292 -3.51
      vertex 33.8371 18.4402 -3.51
    endloop
  endfacet
  facet normal -0.514087 -0.857738 -0
    outer loop
      vertex 34.0223 18.3292 -3.51
      vertex 33.8371 18.4402 -5
      vertex 34.0223 18.3292 -5
    endloop
  endfacet
  facet normal -0.998794 0.0491058 0
    outer loop
      vertex 34.9894 16.2844 -5
      vertex 35 16.5 -3.51
      vertex 35 16.5 -5
    endloop
  endfacet
  facet normal -0.998794 0.0491058 0
    outer loop
      vertex 35 16.5 -3.51
      vertex 34.9894 16.2844 -5
      vertex 34.9894 16.2844 -3.51
    endloop
  endfacet
  facet normal -0.803212 0.595693 0
    outer loop
      vertex 34.5006 15.1043 -5
      vertex 34.6292 15.2777 -3.51
      vertex 34.6292 15.2777 -5
    endloop
  endfacet
  facet normal -0.803212 0.595693 0
    outer loop
      vertex 34.6292 15.2777 -3.51
      vertex 34.5006 15.1043 -5
      vertex 34.5006 15.1043 -3.51
    endloop
  endfacet
  facet normal -0.0491058 -0.998794 0
    outer loop
      vertex 32.8 18.7 -5
      vertex 33.0156 18.6894 -3.51
      vertex 32.8 18.7 -3.51
    endloop
  endfacet
  facet normal -0.0491058 -0.998794 -0
    outer loop
      vertex 33.0156 18.6894 -3.51
      vertex 32.8 18.7 -5
      vertex 33.0156 18.6894 -5
    endloop
  endfacet
  facet normal 0.740778 0.67175 0
    outer loop
      vertex 31.2444 14.9444 -3.51
      vertex 31.0994 15.1043 -5
      vertex 31.0994 15.1043 -3.51
    endloop
  endfacet
  facet normal 0.740778 0.67175 0
    outer loop
      vertex 31.0994 15.1043 -5
      vertex 31.2444 14.9444 -3.51
      vertex 31.2444 14.9444 -5
    endloop
  endfacet
  facet normal 0.514087 -0.857738 0
    outer loop
      vertex 31.5777 18.3292 -5
      vertex 31.7629 18.4402 -3.51
      vertex 31.5777 18.3292 -3.51
    endloop
  endfacet
  facet normal 0.514087 -0.857738 0
    outer loop
      vertex 31.7629 18.4402 -3.51
      vertex 31.5777 18.3292 -5
      vertex 31.7629 18.4402 -5
    endloop
  endfacet
  facet normal 0.427469 0.90403 -0
    outer loop
      vertex 31.9581 14.4675 -5
      vertex 31.7629 14.5598 -3.51
      vertex 31.9581 14.4675 -3.51
    endloop
  endfacet
  facet normal 0.427469 0.90403 0
    outer loop
      vertex 31.7629 14.5598 -3.51
      vertex 31.9581 14.4675 -5
      vertex 31.7629 14.5598 -5
    endloop
  endfacet
  facet normal -0.242754 0.970088 0
    outer loop
      vertex 33.4386 14.3947 -5
      vertex 33.2292 14.3423 -3.51
      vertex 33.4386 14.3947 -3.51
    endloop
  endfacet
  facet normal -0.242754 0.970088 0
    outer loop
      vertex 33.2292 14.3423 -3.51
      vertex 33.4386 14.3947 -5
      vertex 33.2292 14.3423 -5
    endloop
  endfacet
  facet normal -0.514087 0.857738 0
    outer loop
      vertex 34.0223 14.6708 -5
      vertex 33.8371 14.5598 -3.51
      vertex 34.0223 14.6708 -3.51
    endloop
  endfacet
  facet normal -0.514087 0.857738 0
    outer loop
      vertex 33.8371 14.5598 -3.51
      vertex 34.0223 14.6708 -5
      vertex 33.8371 14.5598 -5
    endloop
  endfacet
  facet normal -0.941459 0.337128 0
    outer loop
      vertex 34.8325 15.6581 -5
      vertex 34.9053 15.8614 -3.51
      vertex 34.9053 15.8614 -5
    endloop
  endfacet
  facet normal -0.941459 0.337128 0
    outer loop
      vertex 34.9053 15.8614 -3.51
      vertex 34.8325 15.6581 -5
      vertex 34.8325 15.6581 -3.51
    endloop
  endfacet
  facet normal 0.740778 -0.67175 0
    outer loop
      vertex 31.0994 17.8957 -3.51
      vertex 31.2444 18.0556 -5
      vertex 31.2444 18.0556 -3.51
    endloop
  endfacet
  facet normal 0.740778 -0.67175 0
    outer loop
      vertex 31.2444 18.0556 -5
      vertex 31.0994 17.8957 -3.51
      vertex 31.0994 17.8957 -5
    endloop
  endfacet
  facet normal 0.0491058 -0.998794 0
    outer loop
      vertex 32.5844 18.6894 -5
      vertex 32.8 18.7 -3.51
      vertex 32.5844 18.6894 -3.51
    endloop
  endfacet
  facet normal 0.0491058 -0.998794 0
    outer loop
      vertex 32.8 18.7 -3.51
      vertex 32.5844 18.6894 -5
      vertex 32.8 18.7 -5
    endloop
  endfacet
  facet normal 0.1468 -0.989166 0
    outer loop
      vertex 32.3708 18.6577 -5
      vertex 32.5844 18.6894 -3.51
      vertex 32.3708 18.6577 -3.51
    endloop
  endfacet
  facet normal 0.1468 -0.989166 0
    outer loop
      vertex 32.5844 18.6894 -3.51
      vertex 32.3708 18.6577 -5
      vertex 32.5844 18.6894 -5
    endloop
  endfacet
  facet normal -0.857738 0.514087 0
    outer loop
      vertex 34.6292 15.2777 -5
      vertex 34.7402 15.4629 -3.51
      vertex 34.7402 15.4629 -5
    endloop
  endfacet
  facet normal -0.857738 0.514087 0
    outer loop
      vertex 34.7402 15.4629 -3.51
      vertex 34.6292 15.2777 -5
      vertex 34.6292 15.2777 -3.51
    endloop
  endfacet
  facet normal -0.427469 0.90403 0
    outer loop
      vertex 33.8371 14.5598 -5
      vertex 33.6419 14.4675 -3.51
      vertex 33.8371 14.5598 -3.51
    endloop
  endfacet
  facet normal -0.427469 0.90403 0
    outer loop
      vertex 33.6419 14.4675 -3.51
      vertex 33.8371 14.5598 -5
      vertex 33.6419 14.4675 -5
    endloop
  endfacet
  facet normal -0.67175 -0.740778 0
    outer loop
      vertex 34.1957 18.2006 -5
      vertex 34.3556 18.0556 -3.51
      vertex 34.1957 18.2006 -3.51
    endloop
  endfacet
  facet normal -0.67175 -0.740778 -0
    outer loop
      vertex 34.3556 18.0556 -3.51
      vertex 34.1957 18.2006 -5
      vertex 34.3556 18.0556 -5
    endloop
  endfacet
  facet normal 0.242754 -0.970088 0
    outer loop
      vertex 32.1614 18.6053 -5
      vertex 32.3708 18.6577 -3.51
      vertex 32.1614 18.6053 -3.51
    endloop
  endfacet
  facet normal 0.242754 -0.970088 0
    outer loop
      vertex 32.3708 18.6577 -3.51
      vertex 32.1614 18.6053 -5
      vertex 32.3708 18.6577 -5
    endloop
  endfacet
  facet normal -0.427469 -0.90403 0
    outer loop
      vertex 33.6419 18.5325 -5
      vertex 33.8371 18.4402 -3.51
      vertex 33.6419 18.5325 -3.51
    endloop
  endfacet
  facet normal -0.427469 -0.90403 -0
    outer loop
      vertex 33.8371 18.4402 -3.51
      vertex 33.6419 18.5325 -5
      vertex 33.8371 18.4402 -5
    endloop
  endfacet
  facet normal 0.803212 -0.595693 0
    outer loop
      vertex 30.9708 17.7223 -3.51
      vertex 31.0994 17.8957 -5
      vertex 31.0994 17.8957 -3.51
    endloop
  endfacet
  facet normal 0.803212 -0.595693 0
    outer loop
      vertex 31.0994 17.8957 -5
      vertex 30.9708 17.7223 -3.51
      vertex 30.9708 17.7223 -5
    endloop
  endfacet
  facet normal -0.0491058 0.998794 0
    outer loop
      vertex 33.0156 14.3106 -5
      vertex 32.8 14.3 -3.51
      vertex 33.0156 14.3106 -3.51
    endloop
  endfacet
  facet normal -0.0491058 0.998794 0
    outer loop
      vertex 32.8 14.3 -3.51
      vertex 33.0156 14.3106 -5
      vertex 32.8 14.3 -5
    endloop
  endfacet
  facet normal -0.803212 -0.595693 0
    outer loop
      vertex 34.6292 17.7223 -5
      vertex 34.5006 17.8957 -3.51
      vertex 34.5006 17.8957 -5
    endloop
  endfacet
  facet normal -0.803212 -0.595693 0
    outer loop
      vertex 34.5006 17.8957 -3.51
      vertex 34.6292 17.7223 -5
      vertex 34.6292 17.7223 -3.51
    endloop
  endfacet
  facet normal -0.90403 0.427469 0
    outer loop
      vertex 34.7402 15.4629 -5
      vertex 34.8325 15.6581 -3.51
      vertex 34.8325 15.6581 -5
    endloop
  endfacet
  facet normal -0.90403 0.427469 0
    outer loop
      vertex 34.8325 15.6581 -3.51
      vertex 34.7402 15.4629 -5
      vertex 34.7402 15.4629 -3.51
    endloop
  endfacet
  facet normal 0.242754 0.970088 -0
    outer loop
      vertex 32.3708 14.3423 -5
      vertex 32.1614 14.3947 -3.51
      vertex 32.3708 14.3423 -3.51
    endloop
  endfacet
  facet normal 0.242754 0.970088 0
    outer loop
      vertex 32.1614 14.3947 -3.51
      vertex 32.3708 14.3423 -5
      vertex 32.1614 14.3947 -5
    endloop
  endfacet
  facet normal 0.67175 0.740778 -0
    outer loop
      vertex 31.4043 14.7994 -5
      vertex 31.2444 14.9444 -3.51
      vertex 31.4043 14.7994 -3.51
    endloop
  endfacet
  facet normal 0.67175 0.740778 0
    outer loop
      vertex 31.2444 14.9444 -3.51
      vertex 31.4043 14.7994 -5
      vertex 31.2444 14.9444 -5
    endloop
  endfacet
  facet normal 0.998794 -0.0491058 0
    outer loop
      vertex 30.6 16.5 -3.51
      vertex 30.6106 16.7156 -5
      vertex 30.6106 16.7156 -3.51
    endloop
  endfacet
  facet normal 0.998794 -0.0491058 0
    outer loop
      vertex 30.6106 16.7156 -5
      vertex 30.6 16.5 -3.51
      vertex 30.6 16.5 -5
    endloop
  endfacet
  facet normal -0.337128 0.941459 0
    outer loop
      vertex 33.6419 14.4675 -5
      vertex 33.4386 14.3947 -3.51
      vertex 33.6419 14.4675 -3.51
    endloop
  endfacet
  facet normal -0.337128 0.941459 0
    outer loop
      vertex 33.4386 14.3947 -3.51
      vertex 33.6419 14.4675 -5
      vertex 33.4386 14.3947 -5
    endloop
  endfacet
  facet normal -0.67175 0.740778 0
    outer loop
      vertex 34.3556 14.9444 -5
      vertex 34.1957 14.7994 -3.51
      vertex 34.3556 14.9444 -3.51
    endloop
  endfacet
  facet normal -0.67175 0.740778 0
    outer loop
      vertex 34.1957 14.7994 -3.51
      vertex 34.3556 14.9444 -5
      vertex 34.1957 14.7994 -5
    endloop
  endfacet
  facet normal -0.970088 0.242754 0
    outer loop
      vertex 34.9053 15.8614 -5
      vertex 34.9577 16.0708 -3.51
      vertex 34.9577 16.0708 -5
    endloop
  endfacet
  facet normal -0.970088 0.242754 0
    outer loop
      vertex 34.9577 16.0708 -3.51
      vertex 34.9053 15.8614 -5
      vertex 34.9053 15.8614 -3.51
    endloop
  endfacet
  facet normal -0.740778 0.67175 0
    outer loop
      vertex 34.3556 14.9444 -5
      vertex 34.5006 15.1043 -3.51
      vertex 34.5006 15.1043 -5
    endloop
  endfacet
  facet normal -0.740778 0.67175 0
    outer loop
      vertex 34.5006 15.1043 -3.51
      vertex 34.3556 14.9444 -5
      vertex 34.3556 14.9444 -3.51
    endloop
  endfacet
  facet normal -0.941459 -0.337128 0
    outer loop
      vertex 34.9053 17.1386 -5
      vertex 34.8325 17.3419 -3.51
      vertex 34.8325 17.3419 -5
    endloop
  endfacet
  facet normal -0.941459 -0.337128 0
    outer loop
      vertex 34.8325 17.3419 -3.51
      vertex 34.9053 17.1386 -5
      vertex 34.9053 17.1386 -3.51
    endloop
  endfacet
  facet normal -0.595693 -0.803212 0
    outer loop
      vertex 34.0223 18.3292 -5
      vertex 34.1957 18.2006 -3.51
      vertex 34.0223 18.3292 -3.51
    endloop
  endfacet
  facet normal -0.595693 -0.803212 -0
    outer loop
      vertex 34.1957 18.2006 -3.51
      vertex 34.0223 18.3292 -5
      vertex 34.1957 18.2006 -5
    endloop
  endfacet
  facet normal 0.90403 -0.427469 0
    outer loop
      vertex 30.7675 17.3419 -3.51
      vertex 30.8598 17.5371 -5
      vertex 30.8598 17.5371 -3.51
    endloop
  endfacet
  facet normal 0.90403 -0.427469 0
    outer loop
      vertex 30.8598 17.5371 -5
      vertex 30.7675 17.3419 -3.51
      vertex 30.7675 17.3419 -5
    endloop
  endfacet
  facet normal 0.970088 0.242754 0
    outer loop
      vertex 30.6947 15.8614 -3.51
      vertex 30.6423 16.0708 -5
      vertex 30.6423 16.0708 -3.51
    endloop
  endfacet
  facet normal 0.970088 0.242754 0
    outer loop
      vertex 30.6423 16.0708 -5
      vertex 30.6947 15.8614 -3.51
      vertex 30.6947 15.8614 -5
    endloop
  endfacet
  facet normal -0.90403 -0.427469 0
    outer loop
      vertex 34.8325 17.3419 -5
      vertex 34.7402 17.5371 -3.51
      vertex 34.7402 17.5371 -5
    endloop
  endfacet
  facet normal -0.90403 -0.427469 0
    outer loop
      vertex 34.7402 17.5371 -3.51
      vertex 34.8325 17.3419 -5
      vertex 34.8325 17.3419 -3.51
    endloop
  endfacet
  facet normal -0.989166 0.1468 0
    outer loop
      vertex 34.9577 16.0708 -5
      vertex 34.9894 16.2844 -3.51
      vertex 34.9894 16.2844 -5
    endloop
  endfacet
  facet normal -0.989166 0.1468 0
    outer loop
      vertex 34.9894 16.2844 -3.51
      vertex 34.9577 16.0708 -5
      vertex 34.9577 16.0708 -3.51
    endloop
  endfacet
  facet normal -0.857738 -0.514087 0
    outer loop
      vertex 34.7402 17.5371 -5
      vertex 34.6292 17.7223 -3.51
      vertex 34.6292 17.7223 -5
    endloop
  endfacet
  facet normal -0.857738 -0.514087 0
    outer loop
      vertex 34.6292 17.7223 -3.51
      vertex 34.7402 17.5371 -5
      vertex 34.7402 17.5371 -3.51
    endloop
  endfacet
  facet normal 0.337128 -0.941459 0
    outer loop
      vertex 31.9581 18.5325 -5
      vertex 32.1614 18.6053 -3.51
      vertex 31.9581 18.5325 -3.51
    endloop
  endfacet
  facet normal 0.337128 -0.941459 0
    outer loop
      vertex 32.1614 18.6053 -3.51
      vertex 31.9581 18.5325 -5
      vertex 32.1614 18.6053 -5
    endloop
  endfacet
  facet normal 0.803212 0.595693 0
    outer loop
      vertex 31.0994 15.1043 -3.51
      vertex 30.9708 15.2777 -5
      vertex 30.9708 15.2777 -3.51
    endloop
  endfacet
  facet normal 0.803212 0.595693 0
    outer loop
      vertex 30.9708 15.2777 -5
      vertex 31.0994 15.1043 -3.51
      vertex 31.0994 15.1043 -5
    endloop
  endfacet
  facet normal 0.857738 0.514087 0
    outer loop
      vertex 30.9708 15.2777 -3.51
      vertex 30.8598 15.4629 -5
      vertex 30.8598 15.4629 -3.51
    endloop
  endfacet
  facet normal 0.857738 0.514087 0
    outer loop
      vertex 30.8598 15.4629 -5
      vertex 30.9708 15.2777 -3.51
      vertex 30.9708 15.2777 -5
    endloop
  endfacet
  facet normal 0.989166 0.1468 0
    outer loop
      vertex 30.6423 16.0708 -3.51
      vertex 30.6106 16.2844 -5
      vertex 30.6106 16.2844 -3.51
    endloop
  endfacet
  facet normal 0.989166 0.1468 0
    outer loop
      vertex 30.6106 16.2844 -5
      vertex 30.6423 16.0708 -3.51
      vertex 30.6423 16.0708 -5
    endloop
  endfacet
  facet normal 0.0491058 0.998794 -0
    outer loop
      vertex 32.8 14.3 -5
      vertex 32.5844 14.3106 -3.51
      vertex 32.8 14.3 -3.51
    endloop
  endfacet
  facet normal 0.0491058 0.998794 0
    outer loop
      vertex 32.5844 14.3106 -3.51
      vertex 32.8 14.3 -5
      vertex 32.5844 14.3106 -5
    endloop
  endfacet
  facet normal 0.67175 -0.740778 0
    outer loop
      vertex 31.2444 18.0556 -5
      vertex 31.4043 18.2006 -3.51
      vertex 31.2444 18.0556 -3.51
    endloop
  endfacet
  facet normal 0.67175 -0.740778 0
    outer loop
      vertex 31.4043 18.2006 -3.51
      vertex 31.2444 18.0556 -5
      vertex 31.4043 18.2006 -5
    endloop
  endfacet
  facet normal 0.970088 -0.242754 0
    outer loop
      vertex 30.6423 16.9292 -3.51
      vertex 30.6947 17.1386 -5
      vertex 30.6947 17.1386 -3.51
    endloop
  endfacet
  facet normal 0.970088 -0.242754 0
    outer loop
      vertex 30.6947 17.1386 -5
      vertex 30.6423 16.9292 -3.51
      vertex 30.6423 16.9292 -5
    endloop
  endfacet
  facet normal 0.941459 -0.337128 0
    outer loop
      vertex 30.6947 17.1386 -3.51
      vertex 30.7675 17.3419 -5
      vertex 30.7675 17.3419 -3.51
    endloop
  endfacet
  facet normal 0.941459 -0.337128 0
    outer loop
      vertex 30.7675 17.3419 -5
      vertex 30.6947 17.1386 -3.51
      vertex 30.6947 17.1386 -5
    endloop
  endfacet
  facet normal 0.90403 0.427469 0
    outer loop
      vertex 30.8598 15.4629 -3.51
      vertex 30.7675 15.6581 -5
      vertex 30.7675 15.6581 -3.51
    endloop
  endfacet
  facet normal 0.90403 0.427469 0
    outer loop
      vertex 30.7675 15.6581 -5
      vertex 30.8598 15.4629 -3.51
      vertex 30.8598 15.4629 -5
    endloop
  endfacet
  facet normal 0.989166 -0.1468 0
    outer loop
      vertex 30.6106 16.7156 -3.51
      vertex 30.6423 16.9292 -5
      vertex 30.6423 16.9292 -3.51
    endloop
  endfacet
  facet normal 0.989166 -0.1468 0
    outer loop
      vertex 30.6423 16.9292 -5
      vertex 30.6106 16.7156 -3.51
      vertex 30.6106 16.7156 -5
    endloop
  endfacet
  facet normal -0.242754 -0.970088 0
    outer loop
      vertex 33.2292 18.6577 -5
      vertex 33.4386 18.6053 -3.51
      vertex 33.2292 18.6577 -3.51
    endloop
  endfacet
  facet normal -0.242754 -0.970088 -0
    outer loop
      vertex 33.4386 18.6053 -3.51
      vertex 33.2292 18.6577 -5
      vertex 33.4386 18.6053 -5
    endloop
  endfacet
  facet normal 0.941459 0.337128 0
    outer loop
      vertex 30.7675 15.6581 -3.51
      vertex 30.6947 15.8614 -5
      vertex 30.6947 15.8614 -3.51
    endloop
  endfacet
  facet normal 0.941459 0.337128 0
    outer loop
      vertex 30.6947 15.8614 -5
      vertex 30.7675 15.6581 -3.51
      vertex 30.7675 15.6581 -5
    endloop
  endfacet
  facet normal -0.595693 0.803212 0
    outer loop
      vertex 34.1957 14.7994 -5
      vertex 34.0223 14.6708 -3.51
      vertex 34.1957 14.7994 -3.51
    endloop
  endfacet
  facet normal -0.595693 0.803212 0
    outer loop
      vertex 34.0223 14.6708 -3.51
      vertex 34.1957 14.7994 -5
      vertex 34.0223 14.6708 -5
    endloop
  endfacet
  facet normal 0.595693 -0.803212 0
    outer loop
      vertex 31.4043 18.2006 -5
      vertex 31.5777 18.3292 -3.51
      vertex 31.4043 18.2006 -3.51
    endloop
  endfacet
  facet normal 0.595693 -0.803212 0
    outer loop
      vertex 31.5777 18.3292 -3.51
      vertex 31.4043 18.2006 -5
      vertex 31.5777 18.3292 -5
    endloop
  endfacet
  facet normal 0.1468 0.989166 -0
    outer loop
      vertex 32.5844 14.3106 -5
      vertex 32.3708 14.3423 -3.51
      vertex 32.5844 14.3106 -3.51
    endloop
  endfacet
  facet normal 0.1468 0.989166 0
    outer loop
      vertex 32.3708 14.3423 -3.51
      vertex 32.5844 14.3106 -5
      vertex 32.3708 14.3423 -5
    endloop
  endfacet
  facet normal 0.595693 0.803212 -0
    outer loop
      vertex 31.5777 14.6708 -5
      vertex 31.4043 14.7994 -3.51
      vertex 31.5777 14.6708 -3.51
    endloop
  endfacet
  facet normal 0.595693 0.803212 0
    outer loop
      vertex 31.4043 14.7994 -3.51
      vertex 31.5777 14.6708 -5
      vertex 31.4043 14.7994 -5
    endloop
  endfacet
  facet normal 0.514087 0.857738 -0
    outer loop
      vertex 31.7629 14.5598 -5
      vertex 31.5777 14.6708 -3.51
      vertex 31.7629 14.5598 -3.51
    endloop
  endfacet
  facet normal 0.514087 0.857738 0
    outer loop
      vertex 31.5777 14.6708 -3.51
      vertex 31.7629 14.5598 -5
      vertex 31.5777 14.6708 -5
    endloop
  endfacet
  facet normal 0.998794 0.0491058 0
    outer loop
      vertex 30.6106 16.2844 -3.51
      vertex 30.6 16.5 -5
      vertex 30.6 16.5 -3.51
    endloop
  endfacet
  facet normal 0.998794 0.0491058 0
    outer loop
      vertex 30.6 16.5 -5
      vertex 30.6106 16.2844 -3.51
      vertex 30.6106 16.2844 -5
    endloop
  endfacet
  facet normal -0.1468 -0.989166 0
    outer loop
      vertex 33.0156 18.6894 -5
      vertex 33.2292 18.6577 -3.51
      vertex 33.0156 18.6894 -3.51
    endloop
  endfacet
  facet normal -0.1468 -0.989166 -0
    outer loop
      vertex 33.2292 18.6577 -3.51
      vertex 33.0156 18.6894 -5
      vertex 33.2292 18.6577 -5
    endloop
  endfacet
  facet normal 0.337128 0.941459 -0
    outer loop
      vertex 32.1614 14.3947 -5
      vertex 31.9581 14.4675 -3.51
      vertex 32.1614 14.3947 -3.51
    endloop
  endfacet
  facet normal 0.337128 0.941459 0
    outer loop
      vertex 31.9581 14.4675 -3.51
      vertex 32.1614 14.3947 -5
      vertex 31.9581 14.4675 -5
    endloop
  endfacet
  facet normal 0 0 -1
    outer loop
      vertex 34 16.5 -3.51
      vertex 35 16.5 -3.51
      vertex 34.9894 16.2844 -3.51
    endloop
  endfacet
  facet normal 0 0 -1
    outer loop
      vertex 33.9942 16.3824 -3.51
      vertex 34.9894 16.2844 -3.51
      vertex 34.9577 16.0708 -3.51
    endloop
  endfacet
  facet normal 0 0 -1
    outer loop
      vertex 35 16.5 -3.51
      vertex 34 16.5 -3.51
      vertex 34.9894 16.7156 -3.51
    endloop
  endfacet
  facet normal 0 0 -1
    outer loop
      vertex 33.9769 16.2659 -3.51
      vertex 34.9577 16.0708 -3.51
      vertex 34.9053 15.8614 -3.51
    endloop
  endfacet
  facet normal 0 0 -1
    outer loop
      vertex 33.9942 16.6176 -3.51
      vertex 34.9894 16.7156 -3.51
      vertex 34 16.5 -3.51
    endloop
  endfacet
  facet normal 0 0 -1
    outer loop
      vertex 33.9483 16.1517 -3.51
      vertex 34.9053 15.8614 -3.51
      vertex 34.8325 15.6581 -3.51
    endloop
  endfacet
  facet normal -0 0 -1
    outer loop
      vertex 34.9894 16.7156 -3.51
      vertex 33.9942 16.6176 -3.51
      vertex 34.9577 16.9292 -3.51
    endloop
  endfacet
  facet normal 0 0 -1
    outer loop
      vertex 33.9087 16.0408 -3.51
      vertex 34.8325 15.6581 -3.51
      vertex 34.7402 15.4629 -3.51
    endloop
  endfacet
  facet normal 0 0 -1
    outer loop
      vertex 33.9769 16.7341 -3.51
      vertex 34.9577 16.9292 -3.51
      vertex 33.9942 16.6176 -3.51
    endloop
  endfacet
  facet normal 0 0 -1
    outer loop
      vertex 33.8583 15.9343 -3.51
      vertex 34.7402 15.4629 -3.51
      vertex 34.6292 15.2777 -3.51
    endloop
  endfacet
  facet normal -0 0 -1
    outer loop
      vertex 34.9577 16.9292 -3.51
      vertex 33.9769 16.7341 -3.51
      vertex 34.9053 17.1386 -3.51
    endloop
  endfacet
  facet normal 0 0 -1
    outer loop
      vertex 33.7978 15.8333 -3.51
      vertex 34.6292 15.2777 -3.51
      vertex 34.5006 15.1043 -3.51
    endloop
  endfacet
  facet normal 0 0 -1
    outer loop
      vertex 33.9483 16.8483 -3.51
      vertex 34.9053 17.1386 -3.51
      vertex 33.9769 16.7341 -3.51
    endloop
  endfacet
  facet normal 0 0 -1
    outer loop
      vertex 33.7276 15.7387 -3.51
      vertex 34.5006 15.1043 -3.51
      vertex 34.3556 14.9444 -3.51
    endloop
  endfacet
  facet normal -0 0 -1
    outer loop
      vertex 34.9053 17.1386 -3.51
      vertex 33.9483 16.8483 -3.51
      vertex 34.8325 17.3419 -3.51
    endloop
  endfacet
  facet normal 0 0 -1
    outer loop
      vertex 33.6485 15.6515 -3.51
      vertex 34.3556 14.9444 -3.51
      vertex 34.1957 14.7994 -3.51
    endloop
  endfacet
  facet normal 0 0 -1
    outer loop
      vertex 33.9087 16.9592 -3.51
      vertex 34.8325 17.3419 -3.51
      vertex 33.9483 16.8483 -3.51
    endloop
  endfacet
  facet normal 0 0 -1
    outer loop
      vertex 33.5613 15.5724 -3.51
      vertex 34.1957 14.7994 -3.51
      vertex 34.0223 14.6708 -3.51
    endloop
  endfacet
  facet normal -0 0 -1
    outer loop
      vertex 34.8325 17.3419 -3.51
      vertex 33.9087 16.9592 -3.51
      vertex 34.7402 17.5371 -3.51
    endloop
  endfacet
  facet normal 0 0 -1
    outer loop
      vertex 33.8583 17.0657 -3.51
      vertex 34.7402 17.5371 -3.51
      vertex 33.9087 16.9592 -3.51
    endloop
  endfacet
  facet normal 0 0 -1
    outer loop
      vertex 34.9894 16.2844 -3.51
      vertex 33.9942 16.3824 -3.51
      vertex 34 16.5 -3.51
    endloop
  endfacet
  facet normal 0 0 -1
    outer loop
      vertex 34.9577 16.0708 -3.51
      vertex 33.9769 16.2659 -3.51
      vertex 33.9942 16.3824 -3.51
    endloop
  endfacet
  facet normal 0 0 -1
    outer loop
      vertex 34.9053 15.8614 -3.51
      vertex 33.9483 16.1517 -3.51
      vertex 33.9769 16.2659 -3.51
    endloop
  endfacet
  facet normal 0 0 -1
    outer loop
      vertex 34.8325 15.6581 -3.51
      vertex 33.9087 16.0408 -3.51
      vertex 33.9483 16.1517 -3.51
    endloop
  endfacet
  facet normal 0 0 -1
    outer loop
      vertex 34.7402 15.4629 -3.51
      vertex 33.8583 15.9343 -3.51
      vertex 33.9087 16.0408 -3.51
    endloop
  endfacet
  facet normal 0 0 -1
    outer loop
      vertex 33.4667 15.5022 -3.51
      vertex 34.0223 14.6708 -3.51
      vertex 33.8371 14.5598 -3.51
    endloop
  endfacet
  facet normal 0 0 -1
    outer loop
      vertex 34.6292 15.2777 -3.51
      vertex 33.7978 15.8333 -3.51
      vertex 33.8583 15.9343 -3.51
    endloop
  endfacet
  facet normal 0 0 -1
    outer loop
      vertex 34.5006 15.1043 -3.51
      vertex 33.7276 15.7387 -3.51
      vertex 33.7978 15.8333 -3.51
    endloop
  endfacet
  facet normal 0 0 -1
    outer loop
      vertex 34.3556 14.9444 -3.51
      vertex 33.6485 15.6515 -3.51
      vertex 33.7276 15.7387 -3.51
    endloop
  endfacet
  facet normal 0 0 -1
    outer loop
      vertex 33.3657 15.4417 -3.51
      vertex 33.8371 14.5598 -3.51
      vertex 33.6419 14.4675 -3.51
    endloop
  endfacet
  facet normal 0 0 -1
    outer loop
      vertex 34.1957 14.7994 -3.51
      vertex 33.5613 15.5724 -3.51
      vertex 33.6485 15.6515 -3.51
    endloop
  endfacet
  facet normal 0 0 -1
    outer loop
      vertex 34.0223 14.6708 -3.51
      vertex 33.4667 15.5022 -3.51
      vertex 33.5613 15.5724 -3.51
    endloop
  endfacet
  facet normal 0 0 -1
    outer loop
      vertex 33.2592 15.3913 -3.51
      vertex 33.6419 14.4675 -3.51
      vertex 33.4386 14.3947 -3.51
    endloop
  endfacet
  facet normal 0 0 -1
    outer loop
      vertex 33.8371 14.5598 -3.51
      vertex 33.3657 15.4417 -3.51
      vertex 33.4667 15.5022 -3.51
    endloop
  endfacet
  facet normal 0 0 -1
    outer loop
      vertex 33.6419 14.4675 -3.51
      vertex 33.2592 15.3913 -3.51
      vertex 33.3657 15.4417 -3.51
    endloop
  endfacet
  facet normal 0 0 -1
    outer loop
      vertex 33.1483 15.3517 -3.51
      vertex 33.4386 14.3947 -3.51
      vertex 33.2292 14.3423 -3.51
    endloop
  endfacet
  facet normal 0 0 -1
    outer loop
      vertex 33.4386 14.3947 -3.51
      vertex 33.1483 15.3517 -3.51
      vertex 33.2592 15.3913 -3.51
    endloop
  endfacet
  facet normal 0 0 -1
    outer loop
      vertex 33.2292 14.3423 -3.51
      vertex 33.0341 15.3231 -3.51
      vertex 33.1483 15.3517 -3.51
    endloop
  endfacet
  facet normal 0 0 -1
    outer loop
      vertex 33.0156 14.3106 -3.51
      vertex 33.0341 15.3231 -3.51
      vertex 33.2292 14.3423 -3.51
    endloop
  endfacet
  facet normal 0 0 -1
    outer loop
      vertex 33.0156 14.3106 -3.51
      vertex 32.9176 15.3058 -3.51
      vertex 33.0341 15.3231 -3.51
    endloop
  endfacet
  facet normal 0 0 -1
    outer loop
      vertex 32.8 14.3 -3.51
      vertex 32.9176 15.3058 -3.51
      vertex 33.0156 14.3106 -3.51
    endloop
  endfacet
  facet normal 0 0 -1
    outer loop
      vertex 32.8 14.3 -3.51
      vertex 32.8 15.3 -3.51
      vertex 32.9176 15.3058 -3.51
    endloop
  endfacet
  facet normal 0 0 -1
    outer loop
      vertex 32.8 14.3 -3.51
      vertex 32.6824 15.3058 -3.51
      vertex 32.8 15.3 -3.51
    endloop
  endfacet
  facet normal 0 0 -1
    outer loop
      vertex 32.5844 14.3106 -3.51
      vertex 32.6824 15.3058 -3.51
      vertex 32.8 14.3 -3.51
    endloop
  endfacet
  facet normal 0 0 -1
    outer loop
      vertex 32.5844 14.3106 -3.51
      vertex 32.5659 15.3231 -3.51
      vertex 32.6824 15.3058 -3.51
    endloop
  endfacet
  facet normal 0 0 -1
    outer loop
      vertex 32.3708 14.3423 -3.51
      vertex 32.5659 15.3231 -3.51
      vertex 32.5844 14.3106 -3.51
    endloop
  endfacet
  facet normal -0 0 -1
    outer loop
      vertex 32.5659 15.3231 -3.51
      vertex 32.3708 14.3423 -3.51
      vertex 32.4517 15.3517 -3.51
    endloop
  endfacet
  facet normal 0 0 -1
    outer loop
      vertex 32.1614 14.3947 -3.51
      vertex 32.4517 15.3517 -3.51
      vertex 32.3708 14.3423 -3.51
    endloop
  endfacet
  facet normal -0 0 -1
    outer loop
      vertex 32.4517 15.3517 -3.51
      vertex 32.1614 14.3947 -3.51
      vertex 32.3408 15.3913 -3.51
    endloop
  endfacet
  facet normal 0 0 -1
    outer loop
      vertex 31.9581 14.4675 -3.51
      vertex 32.3408 15.3913 -3.51
      vertex 32.1614 14.3947 -3.51
    endloop
  endfacet
  facet normal -0 0 -1
    outer loop
      vertex 32.3408 15.3913 -3.51
      vertex 31.9581 14.4675 -3.51
      vertex 32.2343 15.4417 -3.51
    endloop
  endfacet
  facet normal 0 0 -1
    outer loop
      vertex 31.7629 14.5598 -3.51
      vertex 32.2343 15.4417 -3.51
      vertex 31.9581 14.4675 -3.51
    endloop
  endfacet
  facet normal -0 0 -1
    outer loop
      vertex 32.2343 15.4417 -3.51
      vertex 31.7629 14.5598 -3.51
      vertex 32.1333 15.5022 -3.51
    endloop
  endfacet
  facet normal 0 0 -1
    outer loop
      vertex 31.5777 14.6708 -3.51
      vertex 32.1333 15.5022 -3.51
      vertex 31.7629 14.5598 -3.51
    endloop
  endfacet
  facet normal -0 0 -1
    outer loop
      vertex 32.1333 15.5022 -3.51
      vertex 31.5777 14.6708 -3.51
      vertex 32.0387 15.5724 -3.51
    endloop
  endfacet
  facet normal 0 0 -1
    outer loop
      vertex 31.4043 14.7994 -3.51
      vertex 32.0387 15.5724 -3.51
      vertex 31.5777 14.6708 -3.51
    endloop
  endfacet
  facet normal -0 0 -1
    outer loop
      vertex 32.0387 15.5724 -3.51
      vertex 31.4043 14.7994 -3.51
      vertex 31.9515 15.6515 -3.51
    endloop
  endfacet
  facet normal 0 0 -1
    outer loop
      vertex 31.2444 14.9444 -3.51
      vertex 31.9515 15.6515 -3.51
      vertex 31.4043 14.7994 -3.51
    endloop
  endfacet
  facet normal -0 0 -1
    outer loop
      vertex 31.9515 15.6515 -3.51
      vertex 31.2444 14.9444 -3.51
      vertex 31.8724 15.7387 -3.51
    endloop
  endfacet
  facet normal 0 0 -1
    outer loop
      vertex 31.0994 15.1043 -3.51
      vertex 31.8724 15.7387 -3.51
      vertex 31.2444 14.9444 -3.51
    endloop
  endfacet
  facet normal -0 0 -1
    outer loop
      vertex 31.8724 15.7387 -3.51
      vertex 31.0994 15.1043 -3.51
      vertex 31.8022 15.8333 -3.51
    endloop
  endfacet
  facet normal 0 0 -1
    outer loop
      vertex 30.9708 15.2777 -3.51
      vertex 31.8022 15.8333 -3.51
      vertex 31.0994 15.1043 -3.51
    endloop
  endfacet
  facet normal 0 0 -1
    outer loop
      vertex 30.8598 15.4629 -3.51
      vertex 31.7417 15.9343 -3.51
      vertex 30.9708 15.2777 -3.51
    endloop
  endfacet
  facet normal -0 0 -1
    outer loop
      vertex 31.8022 15.8333 -3.51
      vertex 30.9708 15.2777 -3.51
      vertex 31.7417 15.9343 -3.51
    endloop
  endfacet
  facet normal -0 0 -1
    outer loop
      vertex 34.7402 17.5371 -3.51
      vertex 33.8583 17.0657 -3.51
      vertex 34.6292 17.7223 -3.51
    endloop
  endfacet
  facet normal 0 0 -1
    outer loop
      vertex 33.7978 17.1667 -3.51
      vertex 34.6292 17.7223 -3.51
      vertex 33.8583 17.0657 -3.51
    endloop
  endfacet
  facet normal -0 0 -1
    outer loop
      vertex 34.6292 17.7223 -3.51
      vertex 33.7978 17.1667 -3.51
      vertex 34.5006 17.8957 -3.51
    endloop
  endfacet
  facet normal 0 0 -1
    outer loop
      vertex 33.7276 17.2613 -3.51
      vertex 34.5006 17.8957 -3.51
      vertex 33.7978 17.1667 -3.51
    endloop
  endfacet
  facet normal -0 0 -1
    outer loop
      vertex 34.5006 17.8957 -3.51
      vertex 33.7276 17.2613 -3.51
      vertex 34.3556 18.0556 -3.51
    endloop
  endfacet
  facet normal 0 0 -1
    outer loop
      vertex 33.6485 17.3485 -3.51
      vertex 34.3556 18.0556 -3.51
      vertex 33.7276 17.2613 -3.51
    endloop
  endfacet
  facet normal -0 0 -1
    outer loop
      vertex 34.3556 18.0556 -3.51
      vertex 33.6485 17.3485 -3.51
      vertex 34.1957 18.2006 -3.51
    endloop
  endfacet
  facet normal 0 0 -1
    outer loop
      vertex 33.5613 17.4276 -3.51
      vertex 34.1957 18.2006 -3.51
      vertex 33.6485 17.3485 -3.51
    endloop
  endfacet
  facet normal -0 0 -1
    outer loop
      vertex 34.1957 18.2006 -3.51
      vertex 33.5613 17.4276 -3.51
      vertex 34.0223 18.3292 -3.51
    endloop
  endfacet
  facet normal 0 0 -1
    outer loop
      vertex 33.4667 17.4978 -3.51
      vertex 34.0223 18.3292 -3.51
      vertex 33.5613 17.4276 -3.51
    endloop
  endfacet
  facet normal -0 0 -1
    outer loop
      vertex 34.0223 18.3292 -3.51
      vertex 33.4667 17.4978 -3.51
      vertex 33.8371 18.4402 -3.51
    endloop
  endfacet
  facet normal 0 0 -1
    outer loop
      vertex 33.3657 17.5583 -3.51
      vertex 33.8371 18.4402 -3.51
      vertex 33.4667 17.4978 -3.51
    endloop
  endfacet
  facet normal -0 0 -1
    outer loop
      vertex 33.8371 18.4402 -3.51
      vertex 33.3657 17.5583 -3.51
      vertex 33.6419 18.5325 -3.51
    endloop
  endfacet
  facet normal 0 0 -1
    outer loop
      vertex 33.2592 17.6087 -3.51
      vertex 33.6419 18.5325 -3.51
      vertex 33.3657 17.5583 -3.51
    endloop
  endfacet
  facet normal -0 0 -1
    outer loop
      vertex 33.6419 18.5325 -3.51
      vertex 33.2592 17.6087 -3.51
      vertex 33.4386 18.6053 -3.51
    endloop
  endfacet
  facet normal 0 0 -1
    outer loop
      vertex 33.1483 17.6483 -3.51
      vertex 33.4386 18.6053 -3.51
      vertex 33.2592 17.6087 -3.51
    endloop
  endfacet
  facet normal -0 0 -1
    outer loop
      vertex 33.4386 18.6053 -3.51
      vertex 33.1483 17.6483 -3.51
      vertex 33.2292 18.6577 -3.51
    endloop
  endfacet
  facet normal 0 0 -1
    outer loop
      vertex 33.0341 17.6769 -3.51
      vertex 33.2292 18.6577 -3.51
      vertex 33.1483 17.6483 -3.51
    endloop
  endfacet
  facet normal 0 0 -1
    outer loop
      vertex 33.0341 17.6769 -3.51
      vertex 33.0156 18.6894 -3.51
      vertex 33.2292 18.6577 -3.51
    endloop
  endfacet
  facet normal 0 0 -1
    outer loop
      vertex 32.9176 17.6942 -3.51
      vertex 33.0156 18.6894 -3.51
      vertex 33.0341 17.6769 -3.51
    endloop
  endfacet
  facet normal 0 0 -1
    outer loop
      vertex 32.8 17.7 -3.51
      vertex 33.0156 18.6894 -3.51
      vertex 32.9176 17.6942 -3.51
    endloop
  endfacet
  facet normal 0 0 -1
    outer loop
      vertex 32.8 17.7 -3.51
      vertex 32.8 18.7 -3.51
      vertex 33.0156 18.6894 -3.51
    endloop
  endfacet
  facet normal 0 0 -1
    outer loop
      vertex 32.6824 17.6942 -3.51
      vertex 32.8 18.7 -3.51
      vertex 32.8 17.7 -3.51
    endloop
  endfacet
  facet normal 0 0 -1
    outer loop
      vertex 32.6824 17.6942 -3.51
      vertex 32.5844 18.6894 -3.51
      vertex 32.8 18.7 -3.51
    endloop
  endfacet
  facet normal 0 0 -1
    outer loop
      vertex 32.5659 17.6769 -3.51
      vertex 32.5844 18.6894 -3.51
      vertex 32.6824 17.6942 -3.51
    endloop
  endfacet
  facet normal 0 0 -1
    outer loop
      vertex 32.3708 18.6577 -3.51
      vertex 32.5659 17.6769 -3.51
      vertex 32.4517 17.6483 -3.51
    endloop
  endfacet
  facet normal 0 0 -1
    outer loop
      vertex 32.5659 17.6769 -3.51
      vertex 32.3708 18.6577 -3.51
      vertex 32.5844 18.6894 -3.51
    endloop
  endfacet
  facet normal 0 0 -1
    outer loop
      vertex 32.1614 18.6053 -3.51
      vertex 32.4517 17.6483 -3.51
      vertex 32.3408 17.6087 -3.51
    endloop
  endfacet
  facet normal 0 0 -1
    outer loop
      vertex 31.9581 18.5325 -3.51
      vertex 32.3408 17.6087 -3.51
      vertex 32.2343 17.5583 -3.51
    endloop
  endfacet
  facet normal 0 0 -1
    outer loop
      vertex 32.4517 17.6483 -3.51
      vertex 32.1614 18.6053 -3.51
      vertex 32.3708 18.6577 -3.51
    endloop
  endfacet
  facet normal 0 0 -1
    outer loop
      vertex 31.7629 18.4402 -3.51
      vertex 32.2343 17.5583 -3.51
      vertex 32.1333 17.4978 -3.51
    endloop
  endfacet
  facet normal 0 0 -1
    outer loop
      vertex 31.5777 18.3292 -3.51
      vertex 32.1333 17.4978 -3.51
      vertex 32.0387 17.4276 -3.51
    endloop
  endfacet
  facet normal 0 0 -1
    outer loop
      vertex 32.3408 17.6087 -3.51
      vertex 31.9581 18.5325 -3.51
      vertex 32.1614 18.6053 -3.51
    endloop
  endfacet
  facet normal 0 0 -1
    outer loop
      vertex 31.4043 18.2006 -3.51
      vertex 32.0387 17.4276 -3.51
      vertex 31.9515 17.3485 -3.51
    endloop
  endfacet
  facet normal 0 0 -1
    outer loop
      vertex 31.2444 18.0556 -3.51
      vertex 31.9515 17.3485 -3.51
      vertex 31.8724 17.2613 -3.51
    endloop
  endfacet
  facet normal 0 0 -1
    outer loop
      vertex 31.0994 17.8957 -3.51
      vertex 31.8724 17.2613 -3.51
      vertex 31.8022 17.1667 -3.51
    endloop
  endfacet
  facet normal 0 0 -1
    outer loop
      vertex 32.2343 17.5583 -3.51
      vertex 31.7629 18.4402 -3.51
      vertex 31.9581 18.5325 -3.51
    endloop
  endfacet
  facet normal 0 0 -1
    outer loop
      vertex 30.9708 17.7223 -3.51
      vertex 31.8022 17.1667 -3.51
      vertex 31.7417 17.0657 -3.51
    endloop
  endfacet
  facet normal 0 0 -1
    outer loop
      vertex 30.8598 17.5371 -3.51
      vertex 31.7417 17.0657 -3.51
      vertex 31.6913 16.9592 -3.51
    endloop
  endfacet
  facet normal 0 0 -1
    outer loop
      vertex 30.7675 17.3419 -3.51
      vertex 31.6913 16.9592 -3.51
      vertex 31.6517 16.8483 -3.51
    endloop
  endfacet
  facet normal 0 0 -1
    outer loop
      vertex 30.6947 17.1386 -3.51
      vertex 31.6517 16.8483 -3.51
      vertex 31.6231 16.7341 -3.51
    endloop
  endfacet
  facet normal 0 0 -1
    outer loop
      vertex 30.6423 16.9292 -3.51
      vertex 31.6231 16.7341 -3.51
      vertex 31.6058 16.6176 -3.51
    endloop
  endfacet
  facet normal 0 0 -1
    outer loop
      vertex 32.1333 17.4978 -3.51
      vertex 31.5777 18.3292 -3.51
      vertex 31.7629 18.4402 -3.51
    endloop
  endfacet
  facet normal 0 0 -1
    outer loop
      vertex 30.6106 16.7156 -3.51
      vertex 31.6058 16.6176 -3.51
      vertex 31.6 16.5 -3.51
    endloop
  endfacet
  facet normal -0 0 -1
    outer loop
      vertex 31.7417 15.9343 -3.51
      vertex 30.8598 15.4629 -3.51
      vertex 31.6913 16.0408 -3.51
    endloop
  endfacet
  facet normal 0 0 -1
    outer loop
      vertex 30.7675 15.6581 -3.51
      vertex 31.6913 16.0408 -3.51
      vertex 30.8598 15.4629 -3.51
    endloop
  endfacet
  facet normal 0 0 -1
    outer loop
      vertex 32.0387 17.4276 -3.51
      vertex 31.4043 18.2006 -3.51
      vertex 31.5777 18.3292 -3.51
    endloop
  endfacet
  facet normal -0 0 -1
    outer loop
      vertex 31.6913 16.0408 -3.51
      vertex 30.7675 15.6581 -3.51
      vertex 31.6517 16.1517 -3.51
    endloop
  endfacet
  facet normal 0 0 -1
    outer loop
      vertex 31.9515 17.3485 -3.51
      vertex 31.2444 18.0556 -3.51
      vertex 31.4043 18.2006 -3.51
    endloop
  endfacet
  facet normal 0 0 -1
    outer loop
      vertex 30.6947 15.8614 -3.51
      vertex 31.6517 16.1517 -3.51
      vertex 30.7675 15.6581 -3.51
    endloop
  endfacet
  facet normal 0 0 -1
    outer loop
      vertex 31.8724 17.2613 -3.51
      vertex 31.0994 17.8957 -3.51
      vertex 31.2444 18.0556 -3.51
    endloop
  endfacet
  facet normal -0 0 -1
    outer loop
      vertex 31.6517 16.1517 -3.51
      vertex 30.6947 15.8614 -3.51
      vertex 31.6231 16.2659 -3.51
    endloop
  endfacet
  facet normal 0 0 -1
    outer loop
      vertex 31.8022 17.1667 -3.51
      vertex 30.9708 17.7223 -3.51
      vertex 31.0994 17.8957 -3.51
    endloop
  endfacet
  facet normal 0 0 -1
    outer loop
      vertex 30.6423 16.0708 -3.51
      vertex 31.6231 16.2659 -3.51
      vertex 30.6947 15.8614 -3.51
    endloop
  endfacet
  facet normal 0 0 -1
    outer loop
      vertex 31.7417 17.0657 -3.51
      vertex 30.8598 17.5371 -3.51
      vertex 30.9708 17.7223 -3.51
    endloop
  endfacet
  facet normal -0 0 -1
    outer loop
      vertex 31.6231 16.2659 -3.51
      vertex 30.6423 16.0708 -3.51
      vertex 31.6058 16.3824 -3.51
    endloop
  endfacet
  facet normal 0 0 -1
    outer loop
      vertex 31.6913 16.9592 -3.51
      vertex 30.7675 17.3419 -3.51
      vertex 30.8598 17.5371 -3.51
    endloop
  endfacet
  facet normal 0 0 -1
    outer loop
      vertex 30.6106 16.2844 -3.51
      vertex 31.6058 16.3824 -3.51
      vertex 30.6423 16.0708 -3.51
    endloop
  endfacet
  facet normal 0 0 -1
    outer loop
      vertex 31.6517 16.8483 -3.51
      vertex 30.6947 17.1386 -3.51
      vertex 30.7675 17.3419 -3.51
    endloop
  endfacet
  facet normal -0 0 -1
    outer loop
      vertex 31.6058 16.3824 -3.51
      vertex 30.6106 16.2844 -3.51
      vertex 31.6 16.5 -3.51
    endloop
  endfacet
  facet normal 0 0 -1
    outer loop
      vertex 31.6231 16.7341 -3.51
      vertex 30.6423 16.9292 -3.51
      vertex 30.6947 17.1386 -3.51
    endloop
  endfacet
  facet normal 0 0 -1
    outer loop
      vertex 30.6 16.5 -3.51
      vertex 31.6 16.5 -3.51
      vertex 30.6106 16.2844 -3.51
    endloop
  endfacet
  facet normal 0 0 -1
    outer loop
      vertex 31.6058 16.6176 -3.51
      vertex 30.6106 16.7156 -3.51
      vertex 30.6423 16.9292 -3.51
    endloop
  endfacet
  facet normal 0 0 -1
    outer loop
      vertex 31.6 16.5 -3.51
      vertex 30.6 16.5 -3.51
      vertex 30.6106 16.7156 -3.51
    endloop
  endfacet
endsolid OpenSCAD_Model
