solid OpenSCAD_Model
  facet normal 0.803259 -0.59563 0
    outer loop
      vertex 40.646 -1.56879 2
      vertex 40.7629 -1.41114 -5
      vertex 40.7629 -1.41114 2
    endloop
  endfacet
  facet normal 0.803259 -0.59563 0
    outer loop
      vertex 40.7629 -1.41114 -5
      vertex 40.646 -1.56879 2
      vertex 40.646 -1.56879 -5
    endloop
  endfacet
  facet normal 0 -1 0
    outer loop
      vertex -2.1 -2.3 -5
      vertex 39.1 -2.3 2
      vertex -2.1 -2.3 2
    endloop
  endfacet
  facet normal 0 -1 -0
    outer loop
      vertex 39.1 -2.3 2
      vertex -2.1 -2.3 -5
      vertex 39.1 -2.3 -5
    endloop
  endfacet
  facet normal -0.740882 0.671635 0
    outer loop
      vertex -3.64602 24.5688 -5
      vertex -3.51421 24.7142 2
      vertex -3.51421 24.7142 -5
    endloop
  endfacet
  facet normal -0.740882 0.671635 0
    outer loop
      vertex -3.51421 24.7142 2
      vertex -3.64602 24.5688 -5
      vertex -3.64602 24.5688 2
    endloop
  endfacet
  facet normal 0.857673 0.514196 0
    outer loop
      vertex 40.8638 24.2428 2
      vertex 40.7629 24.4111 -5
      vertex 40.7629 24.4111 2
    endloop
  endfacet
  facet normal 0.857673 0.514196 0
    outer loop
      vertex 40.7629 24.4111 -5
      vertex 40.8638 24.2428 2
      vertex 40.8638 24.2428 -5
    endloop
  endfacet
  facet normal 1 0 0
    outer loop
      vertex 41.1 20.8836 1.66674
      vertex 41.1 23.3 2
      vertex 41.1 20.9 2
    endloop
  endfacet
  facet normal 1 0 0
    outer loop
      vertex 41.1 20.8347 1.33669
      vertex 41.1 23.3 2
      vertex 41.1 20.8836 1.66674
    endloop
  endfacet
  facet normal 1 0 0
    outer loop
      vertex 41.1 20.7536 1.01303
      vertex 41.1 23.3 2
      vertex 41.1 20.8347 1.33669
    endloop
  endfacet
  facet normal 1 0 0
    outer loop
      vertex 41.1 20.6412 0.698875
      vertex 41.1 23.3 2
      vertex 41.1 20.7536 1.01303
    endloop
  endfacet
  facet normal 1 0 0
    outer loop
      vertex 41.1 20.4985 0.39725
      vertex 41.1 23.3 2
      vertex 41.1 20.6412 0.698875
    endloop
  endfacet
  facet normal 1 0 0
    outer loop
      vertex 41.1 23.3 2
      vertex 41.1 20.4985 0.39725
      vertex 41.1 23.3 -5
    endloop
  endfacet
  facet normal 1 -0 0
    outer loop
      vertex 41.1 20.327 0.111061
      vertex 41.1 23.3 -5
      vertex 41.1 20.4985 0.39725
    endloop
  endfacet
  facet normal 1 -0 0
    outer loop
      vertex 41.1 20.1282 -0.156937
      vertex 41.1 23.3 -5
      vertex 41.1 20.327 0.111061
    endloop
  endfacet
  facet normal 1 -0 0
    outer loop
      vertex 41.1 19.9042 -0.404162
      vertex 41.1 23.3 -5
      vertex 41.1 20.1282 -0.156937
    endloop
  endfacet
  facet normal 1 -0 0
    outer loop
      vertex 41.1 19.6569 -0.628235
      vertex 41.1 23.3 -5
      vertex 41.1 19.9042 -0.404162
    endloop
  endfacet
  facet normal 1 -0 0
    outer loop
      vertex 41.1 19.3889 -0.826996
      vertex 41.1 23.3 -5
      vertex 41.1 19.6569 -0.628235
    endloop
  endfacet
  facet normal 1 -0 0
    outer loop
      vertex 41.1 19.1027 -0.998532
      vertex 41.1 23.3 -5
      vertex 41.1 19.3889 -0.826996
    endloop
  endfacet
  facet normal 1 -0 0
    outer loop
      vertex 41.1 18.8011 -1.14119
      vertex 41.1 23.3 -5
      vertex 41.1 19.1027 -0.998532
    endloop
  endfacet
  facet normal 1 -0 0
    outer loop
      vertex 41.1 18.487 -1.2536
      vertex 41.1 23.3 -5
      vertex 41.1 18.8011 -1.14119
    endloop
  endfacet
  facet normal 1 -0 0
    outer loop
      vertex 41.1 18.1633 -1.33467
      vertex 41.1 23.3 -5
      vertex 41.1 18.487 -1.2536
    endloop
  endfacet
  facet normal 1 -0 0
    outer loop
      vertex 41.1 17.8333 -1.38363
      vertex 41.1 23.3 -5
      vertex 41.1 18.1633 -1.33467
    endloop
  endfacet
  facet normal 1 -0 0
    outer loop
      vertex 41.1 17.5 -1.4
      vertex 41.1 23.3 -5
      vertex 41.1 17.8333 -1.38363
    endloop
  endfacet
  facet normal 1 0 0
    outer loop
      vertex 41.1 17.1667 -1.38363
      vertex 41.1 23.3 -5
      vertex 41.1 17.5 -1.4
    endloop
  endfacet
  facet normal 1 0 0
    outer loop
      vertex 41.1 16.8367 -1.33467
      vertex 41.1 23.3 -5
      vertex 41.1 17.1667 -1.38363
    endloop
  endfacet
  facet normal 1 0 0
    outer loop
      vertex 41.1 16.513 -1.2536
      vertex 41.1 23.3 -5
      vertex 41.1 16.8367 -1.33467
    endloop
  endfacet
  facet normal 1 0 0
    outer loop
      vertex 41.1 6.48697 -1.2536
      vertex 41.1 16.513 -1.2536
      vertex 41.1 16.1989 -1.14119
    endloop
  endfacet
  facet normal 1 0 0
    outer loop
      vertex 41.1 6.80112 -1.14119
      vertex 41.1 16.1989 -1.14119
      vertex 41.1 15.8973 -0.998532
    endloop
  endfacet
  facet normal 1 -0 0
    outer loop
      vertex 41.1 8.9 2
      vertex 41.1 14.1164 1.66674
      vertex 41.1 14.1 2
    endloop
  endfacet
  facet normal 1 0 0
    outer loop
      vertex 41.1 8.88363 1.66674
      vertex 41.1 14.1164 1.66674
      vertex 41.1 8.9 2
    endloop
  endfacet
  facet normal 1 0 0
    outer loop
      vertex 41.1 14.1164 1.66674
      vertex 41.1 8.88363 1.66674
      vertex 41.1 14.1653 1.33669
    endloop
  endfacet
  facet normal 1 0 0
    outer loop
      vertex 41.1 8.83467 1.33669
      vertex 41.1 14.1653 1.33669
      vertex 41.1 8.88363 1.66674
    endloop
  endfacet
  facet normal 1 0 0
    outer loop
      vertex 41.1 14.1653 1.33669
      vertex 41.1 8.83467 1.33669
      vertex 41.1 14.2464 1.01303
    endloop
  endfacet
  facet normal 1 0 0
    outer loop
      vertex 41.1 8.7536 1.01303
      vertex 41.1 14.2464 1.01303
      vertex 41.1 8.83467 1.33669
    endloop
  endfacet
  facet normal 1 0 0
    outer loop
      vertex 41.1 14.2464 1.01303
      vertex 41.1 8.7536 1.01303
      vertex 41.1 14.3588 0.698875
    endloop
  endfacet
  facet normal 1 0 0
    outer loop
      vertex 41.1 8.64119 0.698875
      vertex 41.1 14.3588 0.698875
      vertex 41.1 8.7536 1.01303
    endloop
  endfacet
  facet normal 1 0 0
    outer loop
      vertex 41.1 14.3588 0.698875
      vertex 41.1 8.64119 0.698875
      vertex 41.1 14.5015 0.39725
    endloop
  endfacet
  facet normal 1 0 0
    outer loop
      vertex 41.1 8.49853 0.39725
      vertex 41.1 14.5015 0.39725
      vertex 41.1 8.64119 0.698875
    endloop
  endfacet
  facet normal 1 0 0
    outer loop
      vertex 41.1 14.5015 0.39725
      vertex 41.1 8.49853 0.39725
      vertex 41.1 14.673 0.111061
    endloop
  endfacet
  facet normal 1 0 0
    outer loop
      vertex 41.1 8.327 0.111061
      vertex 41.1 14.673 0.111061
      vertex 41.1 8.49853 0.39725
    endloop
  endfacet
  facet normal 1 0 0
    outer loop
      vertex 41.1 14.673 0.111061
      vertex 41.1 8.327 0.111061
      vertex 41.1 14.8718 -0.156937
    endloop
  endfacet
  facet normal 1 0 0
    outer loop
      vertex 41.1 8.12823 -0.156937
      vertex 41.1 14.8718 -0.156937
      vertex 41.1 8.327 0.111061
    endloop
  endfacet
  facet normal 1 0 0
    outer loop
      vertex 41.1 14.8718 -0.156937
      vertex 41.1 8.12823 -0.156937
      vertex 41.1 15.0958 -0.404162
    endloop
  endfacet
  facet normal 1 0 0
    outer loop
      vertex 41.1 7.90416 -0.404162
      vertex 41.1 15.0958 -0.404162
      vertex 41.1 8.12823 -0.156937
    endloop
  endfacet
  facet normal 1 0 0
    outer loop
      vertex 41.1 15.0958 -0.404162
      vertex 41.1 7.90416 -0.404162
      vertex 41.1 15.3431 -0.628235
    endloop
  endfacet
  facet normal 1 0 0
    outer loop
      vertex 41.1 7.65694 -0.628235
      vertex 41.1 15.3431 -0.628235
      vertex 41.1 7.90416 -0.404162
    endloop
  endfacet
  facet normal 1 0 0
    outer loop
      vertex 41.1 15.3431 -0.628235
      vertex 41.1 7.65694 -0.628235
      vertex 41.1 15.6111 -0.826996
    endloop
  endfacet
  facet normal 1 0 0
    outer loop
      vertex 41.1 7.38894 -0.826996
      vertex 41.1 15.6111 -0.826996
      vertex 41.1 7.65694 -0.628235
    endloop
  endfacet
  facet normal 1 0 0
    outer loop
      vertex 41.1 15.6111 -0.826996
      vertex 41.1 7.38894 -0.826996
      vertex 41.1 15.8973 -0.998532
    endloop
  endfacet
  facet normal 1 0 0
    outer loop
      vertex 41.1 7.10275 -0.998532
      vertex 41.1 15.8973 -0.998532
      vertex 41.1 7.38894 -0.826996
    endloop
  endfacet
  facet normal 1 0 0
    outer loop
      vertex 41.1 6.80112 -1.14119
      vertex 41.1 15.8973 -0.998532
      vertex 41.1 7.10275 -0.998532
    endloop
  endfacet
  facet normal 1 0 0
    outer loop
      vertex 41.1 16.1989 -1.14119
      vertex 41.1 6.80112 -1.14119
      vertex 41.1 6.48697 -1.2536
    endloop
  endfacet
  facet normal 1 0 0
    outer loop
      vertex 41.1 16.513 -1.2536
      vertex 41.1 6.48697 -1.2536
      vertex 41.1 23.3 -5
    endloop
  endfacet
  facet normal 1 0 0
    outer loop
      vertex 41.1 -0.299999 -5
      vertex 41.1 6.48697 -1.2536
      vertex 41.1 6.16331 -1.33467
    endloop
  endfacet
  facet normal 1 0 0
    outer loop
      vertex 41.1 -0.299999 -5
      vertex 41.1 6.16331 -1.33467
      vertex 41.1 5.83326 -1.38363
    endloop
  endfacet
  facet normal 1 0 0
    outer loop
      vertex 41.1 -0.299999 -5
      vertex 41.1 5.83326 -1.38363
      vertex 41.1 5.5 -1.4
    endloop
  endfacet
  facet normal 1 0 0
    outer loop
      vertex 41.1 -0.299999 -5
      vertex 41.1 5.5 -1.4
      vertex 41.1 5.16674 -1.38363
    endloop
  endfacet
  facet normal 1 0 0
    outer loop
      vertex 41.1 -0.299999 -5
      vertex 41.1 5.16674 -1.38363
      vertex 41.1 4.83669 -1.33467
    endloop
  endfacet
  facet normal 1 -0 0
    outer loop
      vertex 41.1 -0.299999 2
      vertex 41.1 2.11637 1.66674
      vertex 41.1 2.1 2
    endloop
  endfacet
  facet normal 1 0 0
    outer loop
      vertex 41.1 -0.299999 2
      vertex 41.1 2.16533 1.33669
      vertex 41.1 2.11637 1.66674
    endloop
  endfacet
  facet normal 1 0 0
    outer loop
      vertex 41.1 -0.299999 2
      vertex 41.1 2.2464 1.01303
      vertex 41.1 2.16533 1.33669
    endloop
  endfacet
  facet normal 1 0 0
    outer loop
      vertex 41.1 -0.299999 2
      vertex 41.1 2.35881 0.698875
      vertex 41.1 2.2464 1.01303
    endloop
  endfacet
  facet normal 1 0 0
    outer loop
      vertex 41.1 -0.299999 2
      vertex 41.1 2.50147 0.39725
      vertex 41.1 2.35881 0.698875
    endloop
  endfacet
  facet normal 1 0 0
    outer loop
      vertex 41.1 -0.299999 -5
      vertex 41.1 2.50147 0.39725
      vertex 41.1 -0.299999 2
    endloop
  endfacet
  facet normal 1 0 0
    outer loop
      vertex 41.1 2.50147 0.39725
      vertex 41.1 -0.299999 -5
      vertex 41.1 2.673 0.111061
    endloop
  endfacet
  facet normal 1 0 0
    outer loop
      vertex 41.1 2.673 0.111061
      vertex 41.1 -0.299999 -5
      vertex 41.1 2.87176 -0.156937
    endloop
  endfacet
  facet normal 1 0 0
    outer loop
      vertex 41.1 2.87176 -0.156937
      vertex 41.1 -0.299999 -5
      vertex 41.1 3.09584 -0.404162
    endloop
  endfacet
  facet normal 1 0 0
    outer loop
      vertex 41.1 3.09584 -0.404162
      vertex 41.1 -0.299999 -5
      vertex 41.1 3.34306 -0.628235
    endloop
  endfacet
  facet normal 1 0 0
    outer loop
      vertex 41.1 6.48697 -1.2536
      vertex 41.1 -0.299999 -5
      vertex 41.1 23.3 -5
    endloop
  endfacet
  facet normal 1 0 0
    outer loop
      vertex 41.1 4.51303 -1.2536
      vertex 41.1 -0.299999 -5
      vertex 41.1 4.83669 -1.33467
    endloop
  endfacet
  facet normal 1 0 0
    outer loop
      vertex 41.1 4.19888 -1.14119
      vertex 41.1 -0.299999 -5
      vertex 41.1 4.51303 -1.2536
    endloop
  endfacet
  facet normal 1 0 0
    outer loop
      vertex 41.1 3.89725 -0.998532
      vertex 41.1 -0.299999 -5
      vertex 41.1 4.19888 -1.14119
    endloop
  endfacet
  facet normal 1 0 0
    outer loop
      vertex 41.1 3.61106 -0.826996
      vertex 41.1 -0.299999 -5
      vertex 41.1 3.89725 -0.998532
    endloop
  endfacet
  facet normal 1 0 0
    outer loop
      vertex 41.1 3.34306 -0.628235
      vertex 41.1 -0.299999 -5
      vertex 41.1 3.61106 -0.826996
    endloop
  endfacet
  facet normal 0.85774 -0.514084 0
    outer loop
      vertex 40.7629 -1.41114 2
      vertex 40.8638 -1.24279 -5
      vertex 40.8638 -1.24279 2
    endloop
  endfacet
  facet normal 0.85774 -0.514084 0
    outer loop
      vertex 40.8638 -1.24279 -5
      vertex 40.7629 -1.41114 2
      vertex 40.7629 -1.41114 -5
    endloop
  endfacet
  facet normal 0.595508 0.80335 -0
    outer loop
      vertex 40.3688 24.846 -5
      vertex 40.2111 24.9629 2
      vertex 40.3688 24.846 2
    endloop
  endfacet
  facet normal 0.595508 0.80335 0
    outer loop
      vertex 40.2111 24.9629 2
      vertex 40.3688 24.846 -5
      vertex 40.2111 24.9629 -5
    endloop
  endfacet
  facet normal 0.903819 -0.427916 0
    outer loop
      vertex 40.8638 -1.24279 2
      vertex 40.9478 -1.06537 -5
      vertex 40.9478 -1.06537 2
    endloop
  endfacet
  facet normal 0.903819 -0.427916 0
    outer loop
      vertex 40.9478 -1.06537 -5
      vertex 40.8638 -1.24279 2
      vertex 40.8638 -1.24279 -5
    endloop
  endfacet
  facet normal -0.998796 -0.0490647 0
    outer loop
      vertex -4.09037 -0.496034 -5
      vertex -4.1 -0.299999 2
      vertex -4.1 -0.299999 -5
    endloop
  endfacet
  facet normal -0.998796 -0.0490647 0
    outer loop
      vertex -4.1 -0.299999 2
      vertex -4.09037 -0.496034 -5
      vertex -4.09037 -0.496034 2
    endloop
  endfacet
  facet normal -0.803301 0.595573 0
    outer loop
      vertex -3.76294 24.4111 -5
      vertex -3.64602 24.5688 2
      vertex -3.64602 24.5688 -5
    endloop
  endfacet
  facet normal -0.803301 0.595573 0
    outer loop
      vertex -3.64602 24.5688 2
      vertex -3.76294 24.4111 -5
      vertex -3.76294 24.4111 2
    endloop
  endfacet
  facet normal 0.998803 0.0489209 0
    outer loop
      vertex 41.1 23.3 2
      vertex 41.0904 23.496 -5
      vertex 41.0904 23.496 2
    endloop
  endfacet
  facet normal 0.998803 0.0489209 0
    outer loop
      vertex 41.0904 23.496 -5
      vertex 41.1 23.3 2
      vertex 41.1 23.3 -5
    endloop
  endfacet
  facet normal 0.243015 0.970023 -0
    outer loop
      vertex 39.6806 25.2139 -5
      vertex 39.4902 25.2616 2
      vertex 39.6806 25.2139 2
    endloop
  endfacet
  facet normal 0.243015 0.970023 0
    outer loop
      vertex 39.4902 25.2616 2
      vertex 39.6806 25.2139 -5
      vertex 39.4902 25.2616 -5
    endloop
  endfacet
  facet normal 0.671607 0.740908 -0
    outer loop
      vertex 40.5142 24.7142 -5
      vertex 40.3688 24.846 2
      vertex 40.5142 24.7142 2
    endloop
  endfacet
  facet normal 0.671607 0.740908 0
    outer loop
      vertex 40.3688 24.846 2
      vertex 40.5142 24.7142 -5
      vertex 40.3688 24.846 -5
    endloop
  endfacet
  facet normal 0.941581 -0.336787 0
    outer loop
      vertex 40.9478 -1.06537 2
      vertex 41.0139 -0.880569 -5
      vertex 41.0139 -0.880569 2
    endloop
  endfacet
  facet normal 0.941581 -0.336787 0
    outer loop
      vertex 41.0139 -0.880569 -5
      vertex 40.9478 -1.06537 2
      vertex 40.9478 -1.06537 -5
    endloop
  endfacet
  facet normal -0.242979 -0.970032 0
    outer loop
      vertex -2.68057 -2.21388 -5
      vertex -2.49018 -2.26157 2
      vertex -2.68057 -2.21388 2
    endloop
  endfacet
  facet normal -0.242979 -0.970032 -0
    outer loop
      vertex -2.49018 -2.26157 2
      vertex -2.68057 -2.21388 -5
      vertex -2.49018 -2.26157 -5
    endloop
  endfacet
  facet normal 0.970023 0.243015 0
    outer loop
      vertex 41.0616 23.6902 2
      vertex 41.0139 23.8806 -5
      vertex 41.0139 23.8806 2
    endloop
  endfacet
  facet normal 0.970023 0.243015 0
    outer loop
      vertex 41.0139 23.8806 -5
      vertex 41.0616 23.6902 2
      vertex 41.0616 23.6902 -5
    endloop
  endfacet
  facet normal 0.0490735 -0.998795 0
    outer loop
      vertex 39.1 -2.3 -5
      vertex 39.296 -2.29037 2
      vertex 39.1 -2.3 2
    endloop
  endfacet
  facet normal 0.0490735 -0.998795 0
    outer loop
      vertex 39.296 -2.29037 2
      vertex 39.1 -2.3 -5
      vertex 39.296 -2.29037 -5
    endloop
  endfacet
  facet normal -1 0 0
    outer loop
      vertex -4.1 14.6412 0.698875
      vertex -4.1 23.3 2
      vertex -4.1 23.3 -5
    endloop
  endfacet
  facet normal -1 -0 0
    outer loop
      vertex -4.1 23.3 2
      vertex -4.1 14.8836 1.66674
      vertex -4.1 14.9 2
    endloop
  endfacet
  facet normal -1 0 0
    outer loop
      vertex -4.1 23.3 2
      vertex -4.1 14.8347 1.33669
      vertex -4.1 14.8836 1.66674
    endloop
  endfacet
  facet normal -1 0 0
    outer loop
      vertex -4.1 23.3 2
      vertex -4.1 14.7536 1.01303
      vertex -4.1 14.8347 1.33669
    endloop
  endfacet
  facet normal -1 0 0
    outer loop
      vertex -4.1 23.3 2
      vertex -4.1 14.6412 0.698875
      vertex -4.1 14.7536 1.01303
    endloop
  endfacet
  facet normal -1 0 0
    outer loop
      vertex -4.1 23.3 -5
      vertex -4.1 14.4985 0.39725
      vertex -4.1 14.6412 0.698875
    endloop
  endfacet
  facet normal -1 0 0
    outer loop
      vertex -4.1 23.3 -5
      vertex -4.1 14.327 0.111061
      vertex -4.1 14.4985 0.39725
    endloop
  endfacet
  facet normal -1 0 0
    outer loop
      vertex -4.1 23.3 -5
      vertex -4.1 14.1282 -0.156937
      vertex -4.1 14.327 0.111061
    endloop
  endfacet
  facet normal -1 0 0
    outer loop
      vertex -4.1 23.3 -5
      vertex -4.1 13.9042 -0.404162
      vertex -4.1 14.1282 -0.156937
    endloop
  endfacet
  facet normal -1 0 0
    outer loop
      vertex -4.1 23.3 -5
      vertex -4.1 13.6569 -0.628235
      vertex -4.1 13.9042 -0.404162
    endloop
  endfacet
  facet normal -1 0 0
    outer loop
      vertex -4.1 23.3 -5
      vertex -4.1 13.3889 -0.826996
      vertex -4.1 13.6569 -0.628235
    endloop
  endfacet
  facet normal -1 0 0
    outer loop
      vertex -4.1 23.3 -5
      vertex -4.1 13.1027 -0.998532
      vertex -4.1 13.3889 -0.826996
    endloop
  endfacet
  facet normal -1 0 0
    outer loop
      vertex -4.1 23.3 -5
      vertex -4.1 12.8011 -1.14119
      vertex -4.1 13.1027 -0.998532
    endloop
  endfacet
  facet normal -1 0 0
    outer loop
      vertex -4.1 23.3 -5
      vertex -4.1 12.487 -1.2536
      vertex -4.1 12.8011 -1.14119
    endloop
  endfacet
  facet normal -1 0 0
    outer loop
      vertex -4.1 23.3 -5
      vertex -4.1 12.1633 -1.33467
      vertex -4.1 12.487 -1.2536
    endloop
  endfacet
  facet normal -1 0 0
    outer loop
      vertex -4.1 23.3 -5
      vertex -4.1 11.8333 -1.38363
      vertex -4.1 12.1633 -1.33467
    endloop
  endfacet
  facet normal -1 0 0
    outer loop
      vertex -4.1 23.3 -5
      vertex -4.1 11.5 -1.4
      vertex -4.1 11.8333 -1.38363
    endloop
  endfacet
  facet normal -1 0 0
    outer loop
      vertex -4.1 -0.299999 -5
      vertex -4.1 11.5 -1.4
      vertex -4.1 23.3 -5
    endloop
  endfacet
  facet normal -1 -0 0
    outer loop
      vertex -4.1 11.5 -1.4
      vertex -4.1 -0.299999 -5
      vertex -4.1 11.1667 -1.38363
    endloop
  endfacet
  facet normal -1 -0 0
    outer loop
      vertex -4.1 11.1667 -1.38363
      vertex -4.1 -0.299999 -5
      vertex -4.1 10.8367 -1.33467
    endloop
  endfacet
  facet normal -1 -0 0
    outer loop
      vertex -4.1 10.8367 -1.33467
      vertex -4.1 -0.299999 -5
      vertex -4.1 10.513 -1.2536
    endloop
  endfacet
  facet normal -1 0 0
    outer loop
      vertex -4.1 -0.299999 -5
      vertex -4.1 10.1989 -1.14119
      vertex -4.1 10.513 -1.2536
    endloop
  endfacet
  facet normal -1 0 0
    outer loop
      vertex -4.1 -0.299999 -5
      vertex -4.1 9.89725 -0.998532
      vertex -4.1 10.1989 -1.14119
    endloop
  endfacet
  facet normal -1 0 0
    outer loop
      vertex -4.1 -0.299999 -5
      vertex -4.1 9.61106 -0.826996
      vertex -4.1 9.89725 -0.998532
    endloop
  endfacet
  facet normal -1 0 0
    outer loop
      vertex -4.1 -0.299999 -5
      vertex -4.1 9.34306 -0.628235
      vertex -4.1 9.61106 -0.826996
    endloop
  endfacet
  facet normal -1 0 0
    outer loop
      vertex -4.1 -0.299999 -5
      vertex -4.1 9.09584 -0.404162
      vertex -4.1 9.34306 -0.628235
    endloop
  endfacet
  facet normal -1 0 0
    outer loop
      vertex -4.1 -0.299999 -5
      vertex -4.1 8.87176 -0.156937
      vertex -4.1 9.09584 -0.404162
    endloop
  endfacet
  facet normal -1 0 0
    outer loop
      vertex -4.1 -0.299999 -5
      vertex -4.1 8.673 0.111061
      vertex -4.1 8.87176 -0.156937
    endloop
  endfacet
  facet normal -1 0 0
    outer loop
      vertex -4.1 -0.299999 -5
      vertex -4.1 8.50147 0.39725
      vertex -4.1 8.673 0.111061
    endloop
  endfacet
  facet normal -1 0 0
    outer loop
      vertex -4.1 -0.299999 -5
      vertex -4.1 8.35881 0.698875
      vertex -4.1 8.50147 0.39725
    endloop
  endfacet
  facet normal -1 0 0
    outer loop
      vertex -4.1 -0.299999 2
      vertex -4.1 8.35881 0.698875
      vertex -4.1 -0.299999 -5
    endloop
  endfacet
  facet normal -1 0 0
    outer loop
      vertex -4.1 8.35881 0.698875
      vertex -4.1 -0.299999 2
      vertex -4.1 8.2464 1.01303
    endloop
  endfacet
  facet normal -1 0 0
    outer loop
      vertex -4.1 8.2464 1.01303
      vertex -4.1 -0.299999 2
      vertex -4.1 8.16533 1.33669
    endloop
  endfacet
  facet normal -1 0 0
    outer loop
      vertex -4.1 8.16533 1.33669
      vertex -4.1 -0.299999 2
      vertex -4.1 8.11637 1.66674
    endloop
  endfacet
  facet normal -1 0 0
    outer loop
      vertex -4.1 8.11637 1.66674
      vertex -4.1 -0.299999 2
      vertex -4.1 8.1 2
    endloop
  endfacet
  facet normal 0.80335 0.595508 0
    outer loop
      vertex 40.7629 24.4111 2
      vertex 40.646 24.5688 -5
      vertex 40.646 24.5688 2
    endloop
  endfacet
  facet normal 0.80335 0.595508 0
    outer loop
      vertex 40.646 24.5688 -5
      vertex 40.7629 24.4111 2
      vertex 40.7629 24.4111 -5
    endloop
  endfacet
  facet normal 0 1 -0
    outer loop
      vertex 39.1 25.3 -5
      vertex -2.1 25.3 2
      vertex 39.1 25.3 2
    endloop
  endfacet
  facet normal 0 1 0
    outer loop
      vertex -2.1 25.3 2
      vertex 39.1 25.3 -5
      vertex -2.1 25.3 -5
    endloop
  endfacet
  facet normal 0.970019 -0.243028 0
    outer loop
      vertex 41.0139 -0.880569 2
      vertex 41.0616 -0.69018 -5
      vertex 41.0616 -0.69018 2
    endloop
  endfacet
  facet normal 0.970019 -0.243028 0
    outer loop
      vertex 41.0616 -0.69018 -5
      vertex 41.0139 -0.880569 2
      vertex 41.0139 -0.880569 -5
    endloop
  endfacet
  facet normal 0.336788 0.94158 -0
    outer loop
      vertex 39.8654 25.1478 -5
      vertex 39.6806 25.2139 2
      vertex 39.8654 25.1478 2
    endloop
  endfacet
  facet normal 0.336788 0.94158 0
    outer loop
      vertex 39.6806 25.2139 2
      vertex 39.8654 25.1478 -5
      vertex 39.6806 25.2139 -5
    endloop
  endfacet
  facet normal -0.903958 0.427622 0
    outer loop
      vertex -3.94776 24.0654 -5
      vertex -3.86384 24.2428 2
      vertex -3.86384 24.2428 -5
    endloop
  endfacet
  facet normal -0.903958 0.427622 0
    outer loop
      vertex -3.86384 24.2428 2
      vertex -3.94776 24.0654 -5
      vertex -3.94776 24.0654 2
    endloop
  endfacet
  facet normal 0.989176 -0.146736 0
    outer loop
      vertex 41.0616 -0.69018 2
      vertex 41.0904 -0.496034 -5
      vertex 41.0904 -0.496034 2
    endloop
  endfacet
  facet normal 0.989176 -0.146736 0
    outer loop
      vertex 41.0904 -0.496034 -5
      vertex 41.0616 -0.69018 2
      vertex 41.0616 -0.69018 -5
    endloop
  endfacet
  facet normal -0.989182 0.146696 0
    outer loop
      vertex -4.09037 23.496 -5
      vertex -4.06157 23.6902 2
      vertex -4.06157 23.6902 -5
    endloop
  endfacet
  facet normal -0.989182 0.146696 0
    outer loop
      vertex -4.06157 23.6902 2
      vertex -4.09037 23.496 -5
      vertex -4.09037 23.496 2
    endloop
  endfacet
  facet normal -0.998795 0.0490735 0
    outer loop
      vertex -4.1 23.3 -5
      vertex -4.09037 23.496 2
      vertex -4.09037 23.496 -5
    endloop
  endfacet
  facet normal -0.998795 0.0490735 0
    outer loop
      vertex -4.09037 23.496 2
      vertex -4.1 23.3 -5
      vertex -4.1 23.3 2
    endloop
  endfacet
  facet normal -0.740928 -0.671584 0
    outer loop
      vertex -3.51421 -1.71421 -5
      vertex -3.64602 -1.56879 2
      vertex -3.64602 -1.56879 -5
    endloop
  endfacet
  facet normal -0.740928 -0.671584 0
    outer loop
      vertex -3.64602 -1.56879 2
      vertex -3.51421 -1.71421 -5
      vertex -3.51421 -1.71421 2
    endloop
  endfacet
  facet normal -0.595695 -0.80321 0
    outer loop
      vertex -3.36879 -1.84602 -5
      vertex -3.21114 -1.96294 2
      vertex -3.36879 -1.84602 2
    endloop
  endfacet
  facet normal -0.595695 -0.80321 -0
    outer loop
      vertex -3.21114 -1.96294 2
      vertex -3.36879 -1.84602 -5
      vertex -3.21114 -1.96294 -5
    endloop
  endfacet
  facet normal -0.146733 0.989176 0
    outer loop
      vertex -2.29603 25.2904 -5
      vertex -2.49018 25.2616 2
      vertex -2.29603 25.2904 2
    endloop
  endfacet
  facet normal -0.146733 0.989176 0
    outer loop
      vertex -2.49018 25.2616 2
      vertex -2.29603 25.2904 -5
      vertex -2.49018 25.2616 -5
    endloop
  endfacet
  facet normal 0.9038 0.427955 0
    outer loop
      vertex 40.9478 24.0654 2
      vertex 40.8638 24.2428 -5
      vertex 40.8638 24.2428 2
    endloop
  endfacet
  facet normal 0.9038 0.427955 0
    outer loop
      vertex 40.8638 24.2428 -5
      vertex 40.9478 24.0654 2
      vertex 40.9478 24.0654 -5
    endloop
  endfacet
  facet normal -0.514084 0.85774 0
    outer loop
      vertex -3.04279 25.0638 -5
      vertex -3.21114 24.9629 2
      vertex -3.04279 25.0638 2
    endloop
  endfacet
  facet normal -0.514084 0.85774 0
    outer loop
      vertex -3.21114 24.9629 2
      vertex -3.04279 25.0638 -5
      vertex -3.21114 24.9629 -5
    endloop
  endfacet
  facet normal 0.998803 -0.0489122 0
    outer loop
      vertex 41.0904 -0.496034 2
      vertex 41.1 -0.299999 -5
      vertex 41.1 -0.299999 2
    endloop
  endfacet
  facet normal 0.998803 -0.0489122 0
    outer loop
      vertex 41.1 -0.299999 -5
      vertex 41.0904 -0.496034 2
      vertex 41.0904 -0.496034 -5
    endloop
  endfacet
  facet normal -0.59563 0.803259 0
    outer loop
      vertex -3.21114 24.9629 -5
      vertex -3.36879 24.846 2
      vertex -3.21114 24.9629 2
    endloop
  endfacet
  facet normal -0.59563 0.803259 0
    outer loop
      vertex -3.36879 24.846 2
      vertex -3.21114 24.9629 -5
      vertex -3.36879 24.846 -5
    endloop
  endfacet
  facet normal 0.336879 -0.941548 0
    outer loop
      vertex 39.6806 -2.21388 -5
      vertex 39.8654 -2.14776 2
      vertex 39.6806 -2.21388 2
    endloop
  endfacet
  facet normal 0.336879 -0.941548 0
    outer loop
      vertex 39.8654 -2.14776 2
      vertex 39.6806 -2.21388 -5
      vertex 39.8654 -2.14776 -5
    endloop
  endfacet
  facet normal 0.740908 0.671607 0
    outer loop
      vertex 40.646 24.5688 2
      vertex 40.5142 24.7142 -5
      vertex 40.5142 24.7142 2
    endloop
  endfacet
  facet normal 0.740908 0.671607 0
    outer loop
      vertex 40.5142 24.7142 -5
      vertex 40.646 24.5688 2
      vertex 40.646 24.5688 -5
    endloop
  endfacet
  facet normal 0.146696 -0.989182 0
    outer loop
      vertex 39.296 -2.29037 -5
      vertex 39.4902 -2.26157 2
      vertex 39.296 -2.29037 2
    endloop
  endfacet
  facet normal 0.146696 -0.989182 0
    outer loop
      vertex 39.4902 -2.26157 2
      vertex 39.296 -2.29037 -5
      vertex 39.4902 -2.26157 -5
    endloop
  endfacet
  facet normal -0.0489135 0.998803 0
    outer loop
      vertex -2.1 25.3 -5
      vertex -2.29603 25.2904 2
      vertex -2.1 25.3 2
    endloop
  endfacet
  facet normal -0.0489135 0.998803 0
    outer loop
      vertex -2.29603 25.2904 2
      vertex -2.1 25.3 -5
      vertex -2.29603 25.2904 -5
    endloop
  endfacet
  facet normal 0.740954 -0.671556 0
    outer loop
      vertex 40.5142 -1.71421 2
      vertex 40.646 -1.56879 -5
      vertex 40.646 -1.56879 2
    endloop
  endfacet
  facet normal 0.740954 -0.671556 0
    outer loop
      vertex 40.646 -1.56879 -5
      vertex 40.5142 -1.71421 2
      vertex 40.5142 -1.71421 -5
    endloop
  endfacet
  facet normal -0.941548 0.336879 0
    outer loop
      vertex -4.01388 23.8806 -5
      vertex -3.94776 24.0654 2
      vertex -3.94776 24.0654 -5
    endloop
  endfacet
  facet normal -0.941548 0.336879 0
    outer loop
      vertex -3.94776 24.0654 2
      vertex -4.01388 23.8806 -5
      vertex -4.01388 23.8806 2
    endloop
  endfacet
  facet normal -0.989176 -0.146736 0
    outer loop
      vertex -4.06157 -0.69018 -5
      vertex -4.09037 -0.496034 2
      vertex -4.09037 -0.496034 -5
    endloop
  endfacet
  facet normal -0.989176 -0.146736 0
    outer loop
      vertex -4.09037 -0.496034 2
      vertex -4.06157 -0.69018 -5
      vertex -4.06157 -0.69018 2
    endloop
  endfacet
  facet normal 0.427622 -0.903958 0
    outer loop
      vertex 39.8654 -2.14776 -5
      vertex 40.0428 -2.06384 2
      vertex 39.8654 -2.14776 2
    endloop
  endfacet
  facet normal 0.427622 -0.903958 0
    outer loop
      vertex 40.0428 -2.06384 2
      vertex 39.8654 -2.14776 -5
      vertex 40.0428 -2.06384 -5
    endloop
  endfacet
  facet normal 0.989182 0.146696 0
    outer loop
      vertex 41.0904 23.496 2
      vertex 41.0616 23.6902 -5
      vertex 41.0616 23.6902 2
    endloop
  endfacet
  facet normal 0.989182 0.146696 0
    outer loop
      vertex 41.0616 23.6902 -5
      vertex 41.0904 23.496 2
      vertex 41.0904 23.496 -5
    endloop
  endfacet
  facet normal -0.146733 -0.989176 0
    outer loop
      vertex -2.49018 -2.26157 -5
      vertex -2.29603 -2.29037 2
      vertex -2.49018 -2.26157 2
    endloop
  endfacet
  facet normal -0.146733 -0.989176 -0
    outer loop
      vertex -2.29603 -2.29037 2
      vertex -2.49018 -2.26157 -5
      vertex -2.29603 -2.29037 -5
    endloop
  endfacet
  facet normal -0.671584 -0.740928 0
    outer loop
      vertex -3.51421 -1.71421 -5
      vertex -3.36879 -1.84602 2
      vertex -3.51421 -1.71421 2
    endloop
  endfacet
  facet normal -0.671584 -0.740928 -0
    outer loop
      vertex -3.36879 -1.84602 2
      vertex -3.51421 -1.71421 -5
      vertex -3.36879 -1.84602 -5
    endloop
  endfacet
  facet normal -0.243027 0.970019 0
    outer loop
      vertex -2.49018 25.2616 -5
      vertex -2.68057 25.2139 2
      vertex -2.49018 25.2616 2
    endloop
  endfacet
  facet normal -0.243027 0.970019 0
    outer loop
      vertex -2.68057 25.2139 2
      vertex -2.49018 25.2616 -5
      vertex -2.68057 25.2139 -5
    endloop
  endfacet
  facet normal -0.427916 0.903819 0
    outer loop
      vertex -2.86537 25.1478 -5
      vertex -3.04279 25.0638 2
      vertex -2.86537 25.1478 2
    endloop
  endfacet
  facet normal -0.427916 0.903819 0
    outer loop
      vertex -3.04279 25.0638 2
      vertex -2.86537 25.1478 -5
      vertex -3.04279 25.0638 -5
    endloop
  endfacet
  facet normal -0.970035 0.242967 0
    outer loop
      vertex -4.06157 23.6902 -5
      vertex -4.01388 23.8806 2
      vertex -4.01388 23.8806 -5
    endloop
  endfacet
  facet normal -0.970035 0.242967 0
    outer loop
      vertex -4.01388 23.8806 2
      vertex -4.06157 23.6902 -5
      vertex -4.06157 23.6902 2
    endloop
  endfacet
  facet normal -0.336879 -0.941548 0
    outer loop
      vertex -2.86537 -2.14776 -5
      vertex -2.68057 -2.21388 2
      vertex -2.86537 -2.14776 2
    endloop
  endfacet
  facet normal -0.336879 -0.941548 -0
    outer loop
      vertex -2.68057 -2.21388 2
      vertex -2.86537 -2.14776 -5
      vertex -2.68057 -2.21388 -5
    endloop
  endfacet
  facet normal 0.94158 0.336788 0
    outer loop
      vertex 41.0139 23.8806 2
      vertex 40.9478 24.0654 -5
      vertex 40.9478 24.0654 2
    endloop
  endfacet
  facet normal 0.94158 0.336788 0
    outer loop
      vertex 40.9478 24.0654 -5
      vertex 41.0139 23.8806 2
      vertex 41.0139 23.8806 -5
    endloop
  endfacet
  facet normal -0.857673 0.514196 0
    outer loop
      vertex -3.86384 24.2428 -5
      vertex -3.76294 24.4111 2
      vertex -3.76294 24.4111 -5
    endloop
  endfacet
  facet normal -0.857673 0.514196 0
    outer loop
      vertex -3.76294 24.4111 2
      vertex -3.86384 24.2428 -5
      vertex -3.86384 24.2428 2
    endloop
  endfacet
  facet normal -0.427583 -0.903976 0
    outer loop
      vertex -3.04279 -2.06384 -5
      vertex -2.86537 -2.14776 2
      vertex -3.04279 -2.06384 2
    endloop
  endfacet
  facet normal -0.427583 -0.903976 -0
    outer loop
      vertex -2.86537 -2.14776 2
      vertex -3.04279 -2.06384 -5
      vertex -2.86537 -2.14776 -5
    endloop
  endfacet
  facet normal -0.85774 -0.514084 0
    outer loop
      vertex -3.76294 -1.41114 -5
      vertex -3.86384 -1.24279 2
      vertex -3.86384 -1.24279 -5
    endloop
  endfacet
  facet normal -0.85774 -0.514084 0
    outer loop
      vertex -3.86384 -1.24279 2
      vertex -3.76294 -1.41114 -5
      vertex -3.76294 -1.41114 2
    endloop
  endfacet
  facet normal -0.941549 -0.336877 0
    outer loop
      vertex -3.94776 -1.06537 -5
      vertex -4.01388 -0.880569 2
      vertex -4.01388 -0.880569 -5
    endloop
  endfacet
  facet normal -0.941549 -0.336877 0
    outer loop
      vertex -4.01388 -0.880569 2
      vertex -3.94776 -1.06537 -5
      vertex -3.94776 -1.06537 2
    endloop
  endfacet
  facet normal 0.242967 -0.970035 0
    outer loop
      vertex 39.4902 -2.26157 -5
      vertex 39.6806 -2.21388 2
      vertex 39.4902 -2.26157 2
    endloop
  endfacet
  facet normal 0.242967 -0.970035 0
    outer loop
      vertex 39.6806 -2.21388 2
      vertex 39.4902 -2.26157 -5
      vertex 39.6806 -2.21388 -5
    endloop
  endfacet
  facet normal -0.049066 -0.998796 0
    outer loop
      vertex -2.29603 -2.29037 -5
      vertex -2.1 -2.3 2
      vertex -2.29603 -2.29037 2
    endloop
  endfacet
  facet normal -0.049066 -0.998796 -0
    outer loop
      vertex -2.1 -2.3 2
      vertex -2.29603 -2.29037 -5
      vertex -2.1 -2.3 -5
    endloop
  endfacet
  facet normal -0.970031 -0.24298 0
    outer loop
      vertex -4.01388 -0.880569 -5
      vertex -4.06157 -0.69018 2
      vertex -4.06157 -0.69018 -5
    endloop
  endfacet
  facet normal -0.970031 -0.24298 0
    outer loop
      vertex -4.06157 -0.69018 2
      vertex -4.01388 -0.880569 -5
      vertex -4.01388 -0.880569 2
    endloop
  endfacet
  facet normal 0.514196 -0.857673 0
    outer loop
      vertex 40.0428 -2.06384 -5
      vertex 40.2111 -1.96294 2
      vertex 40.0428 -2.06384 2
    endloop
  endfacet
  facet normal 0.514196 -0.857673 0
    outer loop
      vertex 40.2111 -1.96294 2
      vertex 40.0428 -2.06384 -5
      vertex 40.2111 -1.96294 -5
    endloop
  endfacet
  facet normal 0.0489209 0.998803 -0
    outer loop
      vertex 39.296 25.2904 -5
      vertex 39.1 25.3 2
      vertex 39.296 25.2904 2
    endloop
  endfacet
  facet normal 0.0489209 0.998803 0
    outer loop
      vertex 39.1 25.3 2
      vertex 39.296 25.2904 -5
      vertex 39.1 25.3 -5
    endloop
  endfacet
  facet normal 0.595573 -0.803301 0
    outer loop
      vertex 40.2111 -1.96294 -5
      vertex 40.3688 -1.84602 2
      vertex 40.2111 -1.96294 2
    endloop
  endfacet
  facet normal 0.595573 -0.803301 0
    outer loop
      vertex 40.3688 -1.84602 2
      vertex 40.2111 -1.96294 -5
      vertex 40.3688 -1.84602 -5
    endloop
  endfacet
  facet normal 0.427955 0.9038 -0
    outer loop
      vertex 40.0428 25.0638 -5
      vertex 39.8654 25.1478 2
      vertex 40.0428 25.0638 2
    endloop
  endfacet
  facet normal 0.427955 0.9038 0
    outer loop
      vertex 39.8654 25.1478 2
      vertex 40.0428 25.0638 -5
      vertex 39.8654 25.1478 -5
    endloop
  endfacet
  facet normal 0.514196 0.857673 -0
    outer loop
      vertex 40.2111 24.9629 -5
      vertex 40.0428 25.0638 2
      vertex 40.2111 24.9629 2
    endloop
  endfacet
  facet normal 0.514196 0.857673 0
    outer loop
      vertex 40.0428 25.0638 2
      vertex 40.2111 24.9629 -5
      vertex 40.0428 25.0638 -5
    endloop
  endfacet
  facet normal -0.336788 0.94158 0
    outer loop
      vertex -2.68057 25.2139 -5
      vertex -2.86537 25.1478 2
      vertex -2.68057 25.2139 2
    endloop
  endfacet
  facet normal -0.336788 0.94158 0
    outer loop
      vertex -2.86537 25.1478 2
      vertex -2.68057 25.2139 -5
      vertex -2.86537 25.1478 -5
    endloop
  endfacet
  facet normal 0.671635 -0.740882 0
    outer loop
      vertex 40.3688 -1.84602 -5
      vertex 40.5142 -1.71421 2
      vertex 40.3688 -1.84602 2
    endloop
  endfacet
  facet normal 0.671635 -0.740882 0
    outer loop
      vertex 40.5142 -1.71421 2
      vertex 40.3688 -1.84602 -5
      vertex 40.5142 -1.71421 -5
    endloop
  endfacet
  facet normal -0.514084 -0.85774 0
    outer loop
      vertex -3.21114 -1.96294 -5
      vertex -3.04279 -2.06384 2
      vertex -3.21114 -1.96294 2
    endloop
  endfacet
  facet normal -0.514084 -0.85774 -0
    outer loop
      vertex -3.04279 -2.06384 2
      vertex -3.21114 -1.96294 -5
      vertex -3.04279 -2.06384 -5
    endloop
  endfacet
  facet normal 0.146696 0.989182 -0
    outer loop
      vertex 39.4902 25.2616 -5
      vertex 39.296 25.2904 2
      vertex 39.4902 25.2616 2
    endloop
  endfacet
  facet normal 0.146696 0.989182 0
    outer loop
      vertex 39.296 25.2904 2
      vertex 39.4902 25.2616 -5
      vertex 39.296 25.2904 -5
    endloop
  endfacet
  facet normal -0.80321 -0.595695 0
    outer loop
      vertex -3.64602 -1.56879 -5
      vertex -3.76294 -1.41114 2
      vertex -3.76294 -1.41114 -5
    endloop
  endfacet
  facet normal -0.80321 -0.595695 0
    outer loop
      vertex -3.76294 -1.41114 2
      vertex -3.64602 -1.56879 -5
      vertex -3.64602 -1.56879 2
    endloop
  endfacet
  facet normal -0.671556 0.740954 0
    outer loop
      vertex -3.36879 24.846 -5
      vertex -3.51421 24.7142 2
      vertex -3.36879 24.846 2
    endloop
  endfacet
  facet normal -0.671556 0.740954 0
    outer loop
      vertex -3.51421 24.7142 2
      vertex -3.36879 24.846 -5
      vertex -3.51421 24.7142 -5
    endloop
  endfacet
  facet normal -0 0 1
    outer loop
      vertex -4.1 8.1 2
      vertex -2.2 6.3 2
      vertex -2.2 8.1 2
    endloop
  endfacet
  facet normal 0 0 1
    outer loop
      vertex -2.2 6.3 2
      vertex -4.1 -0.299999 2
      vertex -2.29603 -2.29037 2
    endloop
  endfacet
  facet normal 0 0 1
    outer loop
      vertex -2.29603 -2.29037 2
      vertex -4.1 -0.299999 2
      vertex -2.49018 -2.26157 2
    endloop
  endfacet
  facet normal 0 0 1
    outer loop
      vertex -2.49018 -2.26157 2
      vertex -4.1 -0.299999 2
      vertex -2.68057 -2.21388 2
    endloop
  endfacet
  facet normal 0 0 1
    outer loop
      vertex -2.68057 -2.21388 2
      vertex -4.1 -0.299999 2
      vertex -2.86537 -2.14776 2
    endloop
  endfacet
  facet normal 0 0 1
    outer loop
      vertex -2.86537 -2.14776 2
      vertex -4.1 -0.299999 2
      vertex -3.04279 -2.06384 2
    endloop
  endfacet
  facet normal 0 0 1
    outer loop
      vertex -3.04279 -2.06384 2
      vertex -4.1 -0.299999 2
      vertex -3.21114 -1.96294 2
    endloop
  endfacet
  facet normal 0 0 1
    outer loop
      vertex -3.21114 -1.96294 2
      vertex -4.1 -0.299999 2
      vertex -3.36879 -1.84602 2
    endloop
  endfacet
  facet normal 0 0 1
    outer loop
      vertex -3.36879 -1.84602 2
      vertex -4.1 -0.299999 2
      vertex -3.51421 -1.71421 2
    endloop
  endfacet
  facet normal 0 0 1
    outer loop
      vertex -3.51421 -1.71421 2
      vertex -4.1 -0.299999 2
      vertex -3.64602 -1.56879 2
    endloop
  endfacet
  facet normal 0 0 1
    outer loop
      vertex -3.64602 -1.56879 2
      vertex -4.1 -0.299999 2
      vertex -3.76294 -1.41114 2
    endloop
  endfacet
  facet normal 0 0 1
    outer loop
      vertex -3.76294 -1.41114 2
      vertex -4.1 -0.299999 2
      vertex -3.86384 -1.24279 2
    endloop
  endfacet
  facet normal 0 0 1
    outer loop
      vertex -3.86384 -1.24279 2
      vertex -4.1 -0.299999 2
      vertex -3.94776 -1.06537 2
    endloop
  endfacet
  facet normal 0 0 1
    outer loop
      vertex -3.94776 -1.06537 2
      vertex -4.1 -0.299999 2
      vertex -4.01388 -0.880569 2
    endloop
  endfacet
  facet normal 0 0 1
    outer loop
      vertex -4.01388 -0.880569 2
      vertex -4.1 -0.299999 2
      vertex -4.06157 -0.69018 2
    endloop
  endfacet
  facet normal 0 0 1
    outer loop
      vertex -2.2 6.3 2
      vertex -4.1 8.1 2
      vertex -4.1 -0.299999 2
    endloop
  endfacet
  facet normal 0 0 1
    outer loop
      vertex -4.06157 -0.69018 2
      vertex -4.1 -0.299999 2
      vertex -4.09037 -0.496034 2
    endloop
  endfacet
  facet normal -0 0 1
    outer loop
      vertex -2.2 6.3 2
      vertex -2.1 0.5 2
      vertex -2.1 6.3 2
    endloop
  endfacet
  facet normal 0 0 1
    outer loop
      vertex -2.1 0.5 2
      vertex -2.2 6.3 2
      vertex -2.29603 -2.29037 2
    endloop
  endfacet
  facet normal 0 0 1
    outer loop
      vertex -2.1 0.5 2
      vertex -2.29603 -2.29037 2
      vertex -2.1 -2.3 2
    endloop
  endfacet
  facet normal -0 0 1
    outer loop
      vertex 39.2 0.299999 2
      vertex 41.1 -0.299999 2
      vertex 41.1 2.1 2
    endloop
  endfacet
  facet normal 0 0 1
    outer loop
      vertex 41.1 -0.299999 2
      vertex 39.2 0.299999 2
      vertex 41.0904 -0.496034 2
    endloop
  endfacet
  facet normal 0 0 1
    outer loop
      vertex 41.0904 -0.496034 2
      vertex 39.2 0.299999 2
      vertex 41.0616 -0.69018 2
    endloop
  endfacet
  facet normal 0 0 1
    outer loop
      vertex 41.0616 -0.69018 2
      vertex 39.2 0.299999 2
      vertex 41.0139 -0.880569 2
    endloop
  endfacet
  facet normal 0 0 1
    outer loop
      vertex 41.0139 -0.880569 2
      vertex 39.2 0.299999 2
      vertex 40.9478 -1.06537 2
    endloop
  endfacet
  facet normal -0 0 1
    outer loop
      vertex 38.9652 0.0555429 2
      vertex 40.9478 -1.06537 2
      vertex 39.2 0.299999 2
    endloop
  endfacet
  facet normal 0 0 1
    outer loop
      vertex 40.9478 -1.06537 2
      vertex 38.9652 0.0555429 2
      vertex 40.8638 -1.24279 2
    endloop
  endfacet
  facet normal -0 0 1
    outer loop
      vertex 38.9184 -0.007514 2
      vertex 40.8638 -1.24279 2
      vertex 38.9652 0.0555429 2
    endloop
  endfacet
  facet normal 0 0 1
    outer loop
      vertex 40.8638 -1.24279 2
      vertex 38.9184 -0.007514 2
      vertex 40.7629 -1.41114 2
    endloop
  endfacet
  facet normal 0 0 1
    outer loop
      vertex 40.7629 -1.41114 2
      vertex 38.9184 -0.007514 2
      vertex 40.646 -1.56879 2
    endloop
  endfacet
  facet normal -0 0 1
    outer loop
      vertex 38.8657 -0.0656853 2
      vertex 40.646 -1.56879 2
      vertex 38.9184 -0.007514 2
    endloop
  endfacet
  facet normal 0 0 1
    outer loop
      vertex 40.646 -1.56879 2
      vertex 38.8657 -0.0656853 2
      vertex 40.5142 -1.71421 2
    endloop
  endfacet
  facet normal 0 0 1
    outer loop
      vertex 40.5142 -1.71421 2
      vertex 38.8657 -0.0656853 2
      vertex 40.3688 -1.84602 2
    endloop
  endfacet
  facet normal -0 0 1
    outer loop
      vertex 38.8075 -0.118408 2
      vertex 40.3688 -1.84602 2
      vertex 38.8657 -0.0656853 2
    endloop
  endfacet
  facet normal 0 0 1
    outer loop
      vertex 40.3688 -1.84602 2
      vertex 38.8075 -0.118408 2
      vertex 40.2111 -1.96294 2
    endloop
  endfacet
  facet normal 0 0 1
    outer loop
      vertex 39.2 0.299999 2
      vertex 41.1 2.1 2
      vertex 39.2 2.1 2
    endloop
  endfacet
  facet normal 0 0 1
    outer loop
      vertex 40.2111 -1.96294 2
      vertex 38.8075 -0.118408 2
      vertex 40.0428 -2.06384 2
    endloop
  endfacet
  facet normal 0 0 1
    outer loop
      vertex 40.0428 -2.06384 2
      vertex 38.8075 -0.118408 2
      vertex 39.8654 -2.14776 2
    endloop
  endfacet
  facet normal 0 0 1
    outer loop
      vertex 39.0656 0.267772 2
      vertex 39.2 0.299999 2
      vertex 39.0736 0.299999 2
    endloop
  endfacet
  facet normal 0 0 1
    outer loop
      vertex 39.0391 0.193852 2
      vertex 39.2 0.299999 2
      vertex 39.0656 0.267772 2
    endloop
  endfacet
  facet normal 0 0 1
    outer loop
      vertex 39.0055 0.122882 2
      vertex 39.2 0.299999 2
      vertex 39.0391 0.193852 2
    endloop
  endfacet
  facet normal 0 0 1
    outer loop
      vertex 38.9652 0.0555429 2
      vertex 39.2 0.299999 2
      vertex 39.0055 0.122882 2
    endloop
  endfacet
  facet normal -0 0 1
    outer loop
      vertex 38.7445 -0.165175 2
      vertex 39.8654 -2.14776 2
      vertex 38.8075 -0.118408 2
    endloop
  endfacet
  facet normal 0 0 1
    outer loop
      vertex 39.8654 -2.14776 2
      vertex 38.7445 -0.165175 2
      vertex 39.6806 -2.21388 2
    endloop
  endfacet
  facet normal 0 0 1
    outer loop
      vertex 39.6806 -2.21388 2
      vertex 38.7445 -0.165175 2
      vertex 39.4902 -2.26157 2
    endloop
  endfacet
  facet normal -0 0 1
    outer loop
      vertex 38.6771 -0.205537 2
      vertex 39.4902 -2.26157 2
      vertex 38.7445 -0.165175 2
    endloop
  endfacet
  facet normal 0 0 1
    outer loop
      vertex 39.4902 -2.26157 2
      vertex 38.6771 -0.205537 2
      vertex 39.296 -2.29037 2
    endloop
  endfacet
  facet normal 0 0 1
    outer loop
      vertex 39.296 -2.29037 2
      vertex 38.6771 -0.205537 2
      vertex 39.1 -2.3 2
    endloop
  endfacet
  facet normal -0 0 1
    outer loop
      vertex 38.6061 -0.239103 2
      vertex 39.1 -2.3 2
      vertex 38.6771 -0.205537 2
    endloop
  endfacet
  facet normal -0 0 1
    outer loop
      vertex 38.5322 -0.265552 2
      vertex 39.1 -2.3 2
      vertex 38.6061 -0.239103 2
    endloop
  endfacet
  facet normal -0 0 1
    outer loop
      vertex 38.4561 -0.284628 2
      vertex 39.1 -2.3 2
      vertex 38.5322 -0.265552 2
    endloop
  endfacet
  facet normal -0 0 1
    outer loop
      vertex 38.3784 -0.296147 2
      vertex 39.1 -2.3 2
      vertex 38.4561 -0.284628 2
    endloop
  endfacet
  facet normal -0 0 1
    outer loop
      vertex 38.3 -0.299999 2
      vertex 39.1 -2.3 2
      vertex 38.3784 -0.296147 2
    endloop
  endfacet
  facet normal -0 0 1
    outer loop
      vertex -1.3 -0.299999 2
      vertex 39.1 -2.3 2
      vertex 38.3 -0.299999 2
    endloop
  endfacet
  facet normal 0 0 1
    outer loop
      vertex -2.1 -2.3 2
      vertex -1.3 -0.299999 2
      vertex -1.37841 -0.296147 2
    endloop
  endfacet
  facet normal 0 0 1
    outer loop
      vertex -1.3 -0.299999 2
      vertex -2.1 -2.3 2
      vertex 39.1 -2.3 2
    endloop
  endfacet
  facet normal 0 0 1
    outer loop
      vertex -1.45607 -0.284628 2
      vertex -2.1 -2.3 2
      vertex -1.37841 -0.296147 2
    endloop
  endfacet
  facet normal 0 0 1
    outer loop
      vertex -1.53223 -0.265552 2
      vertex -2.1 -2.3 2
      vertex -1.45607 -0.284628 2
    endloop
  endfacet
  facet normal 0 0 1
    outer loop
      vertex -1.60615 -0.239103 2
      vertex -2.1 -2.3 2
      vertex -1.53223 -0.265552 2
    endloop
  endfacet
  facet normal 0 0 1
    outer loop
      vertex -1.67712 -0.205537 2
      vertex -2.1 -2.3 2
      vertex -1.60615 -0.239103 2
    endloop
  endfacet
  facet normal 0 0 1
    outer loop
      vertex -1.74446 -0.165175 2
      vertex -2.1 -2.3 2
      vertex -1.67712 -0.205537 2
    endloop
  endfacet
  facet normal 0 0 1
    outer loop
      vertex -1.80751 -0.118408 2
      vertex -2.1 -2.3 2
      vertex -1.74446 -0.165175 2
    endloop
  endfacet
  facet normal 0 0 1
    outer loop
      vertex -1.86568 -0.0656853 2
      vertex -2.1 -2.3 2
      vertex -1.80751 -0.118408 2
    endloop
  endfacet
  facet normal 0 0 1
    outer loop
      vertex -1.91841 -0.007514 2
      vertex -2.1 -2.3 2
      vertex -1.86568 -0.0656853 2
    endloop
  endfacet
  facet normal 0 0 1
    outer loop
      vertex -1.96518 0.0555429 2
      vertex -2.1 -2.3 2
      vertex -1.91841 -0.007514 2
    endloop
  endfacet
  facet normal 0 0 1
    outer loop
      vertex -2.00554 0.122882 2
      vertex -2.1 -2.3 2
      vertex -1.96518 0.0555429 2
    endloop
  endfacet
  facet normal 0 0 1
    outer loop
      vertex -2.0391 0.193852 2
      vertex -2.1 -2.3 2
      vertex -2.00554 0.122882 2
    endloop
  endfacet
  facet normal 0 0 1
    outer loop
      vertex -2.06555 0.267772 2
      vertex -2.1 -2.3 2
      vertex -2.0391 0.193852 2
    endloop
  endfacet
  facet normal 0 0 1
    outer loop
      vertex -2.08463 0.343927 2
      vertex -2.1 -2.3 2
      vertex -2.06555 0.267772 2
    endloop
  endfacet
  facet normal 0 0 1
    outer loop
      vertex -2.09615 0.421586 2
      vertex -2.1 -2.3 2
      vertex -2.08463 0.343927 2
    endloop
  endfacet
  facet normal 0 0 1
    outer loop
      vertex -2.1 -2.3 2
      vertex -2.09615 0.421586 2
      vertex -2.1 0.5 2
    endloop
  endfacet
  facet normal 0 0 1
    outer loop
      vertex 38.6771 23.2055 2
      vertex 39.296 25.2904 2
      vertex 39.1 25.3 2
    endloop
  endfacet
  facet normal 0 0 1
    outer loop
      vertex 39.296 25.2904 2
      vertex 38.9652 22.9445 2
      vertex 39.2 22.7 2
    endloop
  endfacet
  facet normal 0 0 1
    outer loop
      vertex 39.2 22.7 2
      vertex 39.0656 22.7322 2
      vertex 39.0736 22.7 2
    endloop
  endfacet
  facet normal 0 0 1
    outer loop
      vertex 39.2 22.7 2
      vertex 39.0391 22.8061 2
      vertex 39.0656 22.7322 2
    endloop
  endfacet
  facet normal 0 0 1
    outer loop
      vertex 39.2 22.7 2
      vertex 39.0055 22.8771 2
      vertex 39.0391 22.8061 2
    endloop
  endfacet
  facet normal 0 0 1
    outer loop
      vertex 39.2 22.7 2
      vertex 38.9652 22.9445 2
      vertex 39.0055 22.8771 2
    endloop
  endfacet
  facet normal 0 0 1
    outer loop
      vertex 39.296 25.2904 2
      vertex 38.9184 23.0075 2
      vertex 38.9652 22.9445 2
    endloop
  endfacet
  facet normal 0 0 1
    outer loop
      vertex 39.296 25.2904 2
      vertex 38.8657 23.0657 2
      vertex 38.9184 23.0075 2
    endloop
  endfacet
  facet normal 0 0 1
    outer loop
      vertex 39.296 25.2904 2
      vertex 38.8075 23.1184 2
      vertex 38.8657 23.0657 2
    endloop
  endfacet
  facet normal 0 0 1
    outer loop
      vertex 39.296 25.2904 2
      vertex 38.7445 23.1652 2
      vertex 38.8075 23.1184 2
    endloop
  endfacet
  facet normal 0 0 1
    outer loop
      vertex 39.296 25.2904 2
      vertex 38.6771 23.2055 2
      vertex 38.7445 23.1652 2
    endloop
  endfacet
  facet normal 0 0 1
    outer loop
      vertex 39.1 25.3 2
      vertex 38.6061 23.2391 2
      vertex 38.6771 23.2055 2
    endloop
  endfacet
  facet normal 0 0 1
    outer loop
      vertex 39.1 25.3 2
      vertex 38.5322 23.2656 2
      vertex 38.6061 23.2391 2
    endloop
  endfacet
  facet normal 0 0 1
    outer loop
      vertex 39.1 25.3 2
      vertex 38.4561 23.2846 2
      vertex 38.5322 23.2656 2
    endloop
  endfacet
  facet normal 0 0 1
    outer loop
      vertex 39.1 25.3 2
      vertex 38.3784 23.2961 2
      vertex 38.4561 23.2846 2
    endloop
  endfacet
  facet normal 0 0 1
    outer loop
      vertex 39.1 25.3 2
      vertex 38.3 23.3 2
      vertex 38.3784 23.2961 2
    endloop
  endfacet
  facet normal 0 0 1
    outer loop
      vertex 39.1 25.3 2
      vertex -1.3 23.3 2
      vertex 38.3 23.3 2
    endloop
  endfacet
  facet normal -0 0 1
    outer loop
      vertex -2.1 25.3 2
      vertex -1.3 23.3 2
      vertex 39.1 25.3 2
    endloop
  endfacet
  facet normal 0 0 1
    outer loop
      vertex -1.3 23.3 2
      vertex -2.1 25.3 2
      vertex -1.37841 23.2961 2
    endloop
  endfacet
  facet normal 0 0 1
    outer loop
      vertex -2.1 25.3 2
      vertex -1.45607 23.2846 2
      vertex -1.37841 23.2961 2
    endloop
  endfacet
  facet normal 0 0 1
    outer loop
      vertex -2.1 25.3 2
      vertex -1.53223 23.2656 2
      vertex -1.45607 23.2846 2
    endloop
  endfacet
  facet normal 0 0 1
    outer loop
      vertex -2.1 25.3 2
      vertex -1.60615 23.2391 2
      vertex -1.53223 23.2656 2
    endloop
  endfacet
  facet normal 0 0 1
    outer loop
      vertex -2.1 25.3 2
      vertex -1.67712 23.2055 2
      vertex -1.60615 23.2391 2
    endloop
  endfacet
  facet normal -0 0 1
    outer loop
      vertex -2.29603 25.2904 2
      vertex -1.67712 23.2055 2
      vertex -2.1 25.3 2
    endloop
  endfacet
  facet normal -0 0 1
    outer loop
      vertex -2.49018 25.2616 2
      vertex -1.67712 23.2055 2
      vertex -2.29603 25.2904 2
    endloop
  endfacet
  facet normal 0 0 1
    outer loop
      vertex -1.67712 23.2055 2
      vertex -2.49018 25.2616 2
      vertex -1.74446 23.1652 2
    endloop
  endfacet
  facet normal -0 0 1
    outer loop
      vertex -2.68057 25.2139 2
      vertex -1.74446 23.1652 2
      vertex -2.49018 25.2616 2
    endloop
  endfacet
  facet normal -0 0 1
    outer loop
      vertex -2.86537 25.1478 2
      vertex -1.74446 23.1652 2
      vertex -2.68057 25.2139 2
    endloop
  endfacet
  facet normal 0 0 1
    outer loop
      vertex -1.74446 23.1652 2
      vertex -2.86537 25.1478 2
      vertex -1.80751 23.1184 2
    endloop
  endfacet
  facet normal -0 0 1
    outer loop
      vertex -3.04279 25.0638 2
      vertex -1.80751 23.1184 2
      vertex -2.86537 25.1478 2
    endloop
  endfacet
  facet normal -0 0 1
    outer loop
      vertex -3.21114 24.9629 2
      vertex -1.80751 23.1184 2
      vertex -3.04279 25.0638 2
    endloop
  endfacet
  facet normal -0 0 1
    outer loop
      vertex -3.36879 24.846 2
      vertex -1.80751 23.1184 2
      vertex -3.21114 24.9629 2
    endloop
  endfacet
  facet normal 0 0 1
    outer loop
      vertex -1.80751 23.1184 2
      vertex -3.36879 24.846 2
      vertex -1.86568 23.0657 2
    endloop
  endfacet
  facet normal -0 0 1
    outer loop
      vertex -3.51421 24.7142 2
      vertex -1.86568 23.0657 2
      vertex -3.36879 24.846 2
    endloop
  endfacet
  facet normal -0 0 1
    outer loop
      vertex -3.64602 24.5688 2
      vertex -1.86568 23.0657 2
      vertex -3.51421 24.7142 2
    endloop
  endfacet
  facet normal 0 -0 1
    outer loop
      vertex -2.2 16.7 2
      vertex -2.1 22.5 2
      vertex -4.1 23.3 2
    endloop
  endfacet
  facet normal 0 0 1
    outer loop
      vertex -1.86568 23.0657 2
      vertex -3.64602 24.5688 2
      vertex -1.91841 23.0075 2
    endloop
  endfacet
  facet normal 0 0 1
    outer loop
      vertex -2.1 22.5 2
      vertex -2.2 16.7 2
      vertex -2.1 16.7 2
    endloop
  endfacet
  facet normal -0 0 1
    outer loop
      vertex -3.76294 24.4111 2
      vertex -1.91841 23.0075 2
      vertex -3.64602 24.5688 2
    endloop
  endfacet
  facet normal -0 0 1
    outer loop
      vertex -3.86384 24.2428 2
      vertex -1.91841 23.0075 2
      vertex -3.76294 24.4111 2
    endloop
  endfacet
  facet normal 0 0 1
    outer loop
      vertex -1.91841 23.0075 2
      vertex -3.86384 24.2428 2
      vertex -1.96518 22.9445 2
    endloop
  endfacet
  facet normal -0 0 1
    outer loop
      vertex -3.94776 24.0654 2
      vertex -1.96518 22.9445 2
      vertex -3.86384 24.2428 2
    endloop
  endfacet
  facet normal -0 0 1
    outer loop
      vertex -4.01388 23.8806 2
      vertex -1.96518 22.9445 2
      vertex -3.94776 24.0654 2
    endloop
  endfacet
  facet normal -0 0 1
    outer loop
      vertex -4.06157 23.6902 2
      vertex -1.96518 22.9445 2
      vertex -4.01388 23.8806 2
    endloop
  endfacet
  facet normal 0 0 1
    outer loop
      vertex -1.96518 22.9445 2
      vertex -4.06157 23.6902 2
      vertex -2.00554 22.8771 2
    endloop
  endfacet
  facet normal -0 0 1
    outer loop
      vertex -4.09037 23.496 2
      vertex -2.00554 22.8771 2
      vertex -4.06157 23.6902 2
    endloop
  endfacet
  facet normal -0 0 1
    outer loop
      vertex -4.1 23.3 2
      vertex -2.00554 22.8771 2
      vertex -4.09037 23.496 2
    endloop
  endfacet
  facet normal 0 0 1
    outer loop
      vertex -2.00554 22.8771 2
      vertex -4.1 23.3 2
      vertex -2.0391 22.8061 2
    endloop
  endfacet
  facet normal 0 0 1
    outer loop
      vertex -2.0391 22.8061 2
      vertex -4.1 23.3 2
      vertex -2.06555 22.7322 2
    endloop
  endfacet
  facet normal 0 0 1
    outer loop
      vertex -2.06555 22.7322 2
      vertex -4.1 23.3 2
      vertex -2.08463 22.6561 2
    endloop
  endfacet
  facet normal 0 0 1
    outer loop
      vertex -2.08463 22.6561 2
      vertex -4.1 23.3 2
      vertex -2.09615 22.5784 2
    endloop
  endfacet
  facet normal 0 0 1
    outer loop
      vertex -2.09615 22.5784 2
      vertex -4.1 23.3 2
      vertex -2.1 22.5 2
    endloop
  endfacet
  facet normal 0 0 1
    outer loop
      vertex -4.1 14.9 2
      vertex -2.2 16.7 2
      vertex -4.1 23.3 2
    endloop
  endfacet
  facet normal 0 0 1
    outer loop
      vertex -2.2 16.7 2
      vertex -4.1 14.9 2
      vertex -2.2 14.9 2
    endloop
  endfacet
  facet normal 0 0 1
    outer loop
      vertex 39.2 22.7 2
      vertex 41.1 23.3 2
      vertex 41.0904 23.496 2
    endloop
  endfacet
  facet normal 0 0 1
    outer loop
      vertex 39.2 22.7 2
      vertex 41.0904 23.496 2
      vertex 41.0616 23.6902 2
    endloop
  endfacet
  facet normal 0 0 1
    outer loop
      vertex 39.2 22.7 2
      vertex 41.0616 23.6902 2
      vertex 41.0139 23.8806 2
    endloop
  endfacet
  facet normal 0 0 1
    outer loop
      vertex 39.2 22.7 2
      vertex 41.0139 23.8806 2
      vertex 40.9478 24.0654 2
    endloop
  endfacet
  facet normal 0 0 1
    outer loop
      vertex 39.2 22.7 2
      vertex 40.9478 24.0654 2
      vertex 40.8638 24.2428 2
    endloop
  endfacet
  facet normal 0 0 1
    outer loop
      vertex 39.2 22.7 2
      vertex 40.8638 24.2428 2
      vertex 40.7629 24.4111 2
    endloop
  endfacet
  facet normal 0 0 1
    outer loop
      vertex 39.2 22.7 2
      vertex 40.7629 24.4111 2
      vertex 40.646 24.5688 2
    endloop
  endfacet
  facet normal 0 0 1
    outer loop
      vertex 39.2 22.7 2
      vertex 40.646 24.5688 2
      vertex 40.5142 24.7142 2
    endloop
  endfacet
  facet normal 0 0 1
    outer loop
      vertex 39.2 22.7 2
      vertex 40.5142 24.7142 2
      vertex 40.3688 24.846 2
    endloop
  endfacet
  facet normal 0 0 1
    outer loop
      vertex 39.2 22.7 2
      vertex 40.3688 24.846 2
      vertex 40.2111 24.9629 2
    endloop
  endfacet
  facet normal 0 0 1
    outer loop
      vertex 39.2 22.7 2
      vertex 40.2111 24.9629 2
      vertex 40.0428 25.0638 2
    endloop
  endfacet
  facet normal 0 0 1
    outer loop
      vertex 39.2 22.7 2
      vertex 40.0428 25.0638 2
      vertex 39.8654 25.1478 2
    endloop
  endfacet
  facet normal 0 0 1
    outer loop
      vertex 39.2 22.7 2
      vertex 39.8654 25.1478 2
      vertex 39.6806 25.2139 2
    endloop
  endfacet
  facet normal 0 0 1
    outer loop
      vertex 39.2 22.7 2
      vertex 39.6806 25.2139 2
      vertex 39.4902 25.2616 2
    endloop
  endfacet
  facet normal 0 0 1
    outer loop
      vertex 39.2 22.7 2
      vertex 39.4902 25.2616 2
      vertex 39.296 25.2904 2
    endloop
  endfacet
  facet normal 0 0 1
    outer loop
      vertex 41.1 23.3 2
      vertex 39.2 22.7 2
      vertex 41.1 20.9 2
    endloop
  endfacet
  facet normal 0 0 1
    outer loop
      vertex 41.1 20.9 2
      vertex 39.2 22.7 2
      vertex 39.2 20.9 2
    endloop
  endfacet
  facet normal -0 0 1
    outer loop
      vertex 39.1 12.3 2
      vertex 39.2 10.7 2
      vertex 39.2 12.3 2
    endloop
  endfacet
  facet normal 0 0 1
    outer loop
      vertex 39.2 10.7 2
      vertex 39.1 12.3 2
      vertex 39.1 10.7 2
    endloop
  endfacet
  facet normal 0 0 1
    outer loop
      vertex 39.2 12.3 2
      vertex 41.1 14.1 2
      vertex 39.2 14.1 2
    endloop
  endfacet
  facet normal 0 0 1
    outer loop
      vertex 41.1 14.1 2
      vertex 39.2 12.3 2
      vertex 41.1 8.9 2
    endloop
  endfacet
  facet normal -0 0 1
    outer loop
      vertex 39.2 10.7 2
      vertex 41.1 8.9 2
      vertex 39.2 12.3 2
    endloop
  endfacet
  facet normal 0 0 1
    outer loop
      vertex 41.1 8.9 2
      vertex 39.2 10.7 2
      vertex 39.2 8.9 2
    endloop
  endfacet
  facet normal -0.903976 -0.427583 0
    outer loop
      vertex -3.86384 -1.24279 -5
      vertex -3.94776 -1.06537 2
      vertex -3.94776 -1.06537 -5
    endloop
  endfacet
  facet normal -0.903976 -0.427583 0
    outer loop
      vertex -3.94776 -1.06537 2
      vertex -3.86384 -1.24279 -5
      vertex -3.86384 -1.24279 2
    endloop
  endfacet
  facet normal 0 0 -1
    outer loop
      vertex 39.1 -2.3 -5
      vertex 41.1 -0.299999 -5
      vertex 41.0904 -0.496034 -5
    endloop
  endfacet
  facet normal 0 0 -1
    outer loop
      vertex 41.1 -0.299999 -5
      vertex 26.6 11.5 -5
      vertex 41.1 23.3 -5
    endloop
  endfacet
  facet normal 0 0 -1
    outer loop
      vertex 39.1 -2.3 -5
      vertex 41.0904 -0.496034 -5
      vertex 41.0616 -0.69018 -5
    endloop
  endfacet
  facet normal 0 0 -1
    outer loop
      vertex 26.5894 11.7156 -5
      vertex 41.1 23.3 -5
      vertex 26.6 11.5 -5
    endloop
  endfacet
  facet normal 0 0 -1
    outer loop
      vertex 39.1 -2.3 -5
      vertex 41.0616 -0.69018 -5
      vertex 41.0139 -0.880569 -5
    endloop
  endfacet
  facet normal 0 0 -1
    outer loop
      vertex 26.5577 11.9292 -5
      vertex 41.1 23.3 -5
      vertex 26.5894 11.7156 -5
    endloop
  endfacet
  facet normal 0 0 -1
    outer loop
      vertex 39.1 -2.3 -5
      vertex 41.0139 -0.880569 -5
      vertex 40.9478 -1.06537 -5
    endloop
  endfacet
  facet normal 0 0 -1
    outer loop
      vertex 26.5053 12.1386 -5
      vertex 41.1 23.3 -5
      vertex 26.5577 11.9292 -5
    endloop
  endfacet
  facet normal 0 0 -1
    outer loop
      vertex 39.1 -2.3 -5
      vertex 40.9478 -1.06537 -5
      vertex 40.8638 -1.24279 -5
    endloop
  endfacet
  facet normal 0 0 -1
    outer loop
      vertex 26.4325 12.3419 -5
      vertex 41.1 23.3 -5
      vertex 26.5053 12.1386 -5
    endloop
  endfacet
  facet normal 0 0 -1
    outer loop
      vertex 39.1 -2.3 -5
      vertex 40.8638 -1.24279 -5
      vertex 40.7629 -1.41114 -5
    endloop
  endfacet
  facet normal 0 0 -1
    outer loop
      vertex 26.3402 12.5371 -5
      vertex 41.1 23.3 -5
      vertex 26.4325 12.3419 -5
    endloop
  endfacet
  facet normal 0 0 -1
    outer loop
      vertex 39.1 -2.3 -5
      vertex 40.7629 -1.41114 -5
      vertex 40.646 -1.56879 -5
    endloop
  endfacet
  facet normal 0 0 -1
    outer loop
      vertex 26.2292 12.7223 -5
      vertex 41.1 23.3 -5
      vertex 26.3402 12.5371 -5
    endloop
  endfacet
  facet normal 0 0 -1
    outer loop
      vertex 39.1 -2.3 -5
      vertex 40.646 -1.56879 -5
      vertex 40.5142 -1.71421 -5
    endloop
  endfacet
  facet normal 0 -0 -1
    outer loop
      vertex 39.1 25.3 -5
      vertex 41.1 23.3 -5
      vertex 26.2292 12.7223 -5
    endloop
  endfacet
  facet normal 0 0 -1
    outer loop
      vertex 39.1 -2.3 -5
      vertex 40.5142 -1.71421 -5
      vertex 40.3688 -1.84602 -5
    endloop
  endfacet
  facet normal 0 0 -1
    outer loop
      vertex 41.0904 23.496 -5
      vertex 39.1 25.3 -5
      vertex 41.0616 23.6902 -5
    endloop
  endfacet
  facet normal 0 0 -1
    outer loop
      vertex 39.1 -2.3 -5
      vertex 40.3688 -1.84602 -5
      vertex 40.2111 -1.96294 -5
    endloop
  endfacet
  facet normal 0 0 -1
    outer loop
      vertex 41.0616 23.6902 -5
      vertex 39.1 25.3 -5
      vertex 41.0139 23.8806 -5
    endloop
  endfacet
  facet normal 0 0 -1
    outer loop
      vertex 39.1 -2.3 -5
      vertex 40.2111 -1.96294 -5
      vertex 40.0428 -2.06384 -5
    endloop
  endfacet
  facet normal 0 0 -1
    outer loop
      vertex 40.9478 24.0654 -5
      vertex 39.1 25.3 -5
      vertex 40.8638 24.2428 -5
    endloop
  endfacet
  facet normal 0 0 -1
    outer loop
      vertex 39.1 -2.3 -5
      vertex 40.0428 -2.06384 -5
      vertex 39.8654 -2.14776 -5
    endloop
  endfacet
  facet normal 0 0 -1
    outer loop
      vertex 40.8638 24.2428 -5
      vertex 39.1 25.3 -5
      vertex 40.7629 24.4111 -5
    endloop
  endfacet
  facet normal 0 0 -1
    outer loop
      vertex 39.1 -2.3 -5
      vertex 39.8654 -2.14776 -5
      vertex 39.6806 -2.21388 -5
    endloop
  endfacet
  facet normal 0 0 -1
    outer loop
      vertex 40.646 24.5688 -5
      vertex 39.1 25.3 -5
      vertex 40.5142 24.7142 -5
    endloop
  endfacet
  facet normal 0 0 -1
    outer loop
      vertex 39.1 -2.3 -5
      vertex 39.6806 -2.21388 -5
      vertex 39.4902 -2.26157 -5
    endloop
  endfacet
  facet normal 0 0 -1
    outer loop
      vertex 40.5142 24.7142 -5
      vertex 39.1 25.3 -5
      vertex 40.3688 24.846 -5
    endloop
  endfacet
  facet normal 0 0 -1
    outer loop
      vertex 39.1 -2.3 -5
      vertex 39.4902 -2.26157 -5
      vertex 39.296 -2.29037 -5
    endloop
  endfacet
  facet normal 0 0 -1
    outer loop
      vertex 40.2111 24.9629 -5
      vertex 39.1 25.3 -5
      vertex 40.0428 25.0638 -5
    endloop
  endfacet
  facet normal -0 0 -1
    outer loop
      vertex 41.1 -0.299999 -5
      vertex 39.1 -2.3 -5
      vertex 26.2292 10.2777 -5
    endloop
  endfacet
  facet normal 0 0 -1
    outer loop
      vertex 40.0428 25.0638 -5
      vertex 39.1 25.3 -5
      vertex 39.8654 25.1478 -5
    endloop
  endfacet
  facet normal 0 0 -1
    outer loop
      vertex 39.6806 25.2139 -5
      vertex 39.1 25.3 -5
      vertex 39.4902 25.2616 -5
    endloop
  endfacet
  facet normal 0 0 -1
    outer loop
      vertex 41.1 -0.299999 -5
      vertex 26.5894 11.2844 -5
      vertex 26.6 11.5 -5
    endloop
  endfacet
  facet normal 0 0 -1
    outer loop
      vertex 41.1 -0.299999 -5
      vertex 26.5577 11.0708 -5
      vertex 26.5894 11.2844 -5
    endloop
  endfacet
  facet normal 0 0 -1
    outer loop
      vertex 41.1 -0.299999 -5
      vertex 26.5053 10.8614 -5
      vertex 26.5577 11.0708 -5
    endloop
  endfacet
  facet normal 0 0 -1
    outer loop
      vertex 41.1 -0.299999 -5
      vertex 26.4325 10.6581 -5
      vertex 26.5053 10.8614 -5
    endloop
  endfacet
  facet normal 0 0 -1
    outer loop
      vertex 41.1 -0.299999 -5
      vertex 26.3402 10.4629 -5
      vertex 26.4325 10.6581 -5
    endloop
  endfacet
  facet normal 0 0 -1
    outer loop
      vertex 41.1 -0.299999 -5
      vertex 26.2292 10.2777 -5
      vertex 26.3402 10.4629 -5
    endloop
  endfacet
  facet normal 0 0 -1
    outer loop
      vertex 39.1 -2.3 -5
      vertex 26.1006 10.1043 -5
      vertex 26.2292 10.2777 -5
    endloop
  endfacet
  facet normal 0 0 -1
    outer loop
      vertex 39.1 -2.3 -5
      vertex 25.9556 9.94437 -5
      vertex 26.1006 10.1043 -5
    endloop
  endfacet
  facet normal 0 0 -1
    outer loop
      vertex 39.1 -2.3 -5
      vertex 25.7957 9.79938 -5
      vertex 25.9556 9.94437 -5
    endloop
  endfacet
  facet normal 0 0 -1
    outer loop
      vertex 39.1 -2.3 -5
      vertex 25.6223 9.67077 -5
      vertex 25.7957 9.79938 -5
    endloop
  endfacet
  facet normal 0 0 -1
    outer loop
      vertex 39.1 -2.3 -5
      vertex 25.4371 9.55977 -5
      vertex 25.6223 9.67077 -5
    endloop
  endfacet
  facet normal 0 0 -1
    outer loop
      vertex 39.1 -2.3 -5
      vertex 25.2419 9.46747 -5
      vertex 25.4371 9.55977 -5
    endloop
  endfacet
  facet normal 0 0 -1
    outer loop
      vertex 39.1 -2.3 -5
      vertex 25.0386 9.39473 -5
      vertex 25.2419 9.46747 -5
    endloop
  endfacet
  facet normal 0 0 -1
    outer loop
      vertex 39.1 -2.3 -5
      vertex 24.8292 9.34227 -5
      vertex 25.0386 9.39473 -5
    endloop
  endfacet
  facet normal 0 0 -1
    outer loop
      vertex 39.1 -2.3 -5
      vertex 24.6156 9.31059 -5
      vertex 24.8292 9.34227 -5
    endloop
  endfacet
  facet normal 0 0 -1
    outer loop
      vertex 39.1 -2.3 -5
      vertex 24.4 9.3 -5
      vertex 24.6156 9.31059 -5
    endloop
  endfacet
  facet normal 0 0 -1
    outer loop
      vertex 39.1 -2.3 -5
      vertex 24.1844 9.31059 -5
      vertex 24.4 9.3 -5
    endloop
  endfacet
  facet normal 0 0 -1
    outer loop
      vertex 39.1 -2.3 -5
      vertex 23.9708 9.34227 -5
      vertex 24.1844 9.31059 -5
    endloop
  endfacet
  facet normal 0 0 -1
    outer loop
      vertex 14.8292 9.34227 -5
      vertex 23.9708 9.34227 -5
      vertex 39.1 -2.3 -5
    endloop
  endfacet
  facet normal 0 0 -1
    outer loop
      vertex 23.9708 9.34227 -5
      vertex 14.8292 9.34227 -5
      vertex 23.7614 9.39473 -5
    endloop
  endfacet
  facet normal 0 -0 -1
    outer loop
      vertex 15.0386 9.39473 -5
      vertex 23.7614 9.39473 -5
      vertex 14.8292 9.34227 -5
    endloop
  endfacet
  facet normal 0 0 -1
    outer loop
      vertex 23.7614 9.39473 -5
      vertex 15.0386 9.39473 -5
      vertex 23.5581 9.46747 -5
    endloop
  endfacet
  facet normal 0 -0 -1
    outer loop
      vertex 15.2419 9.46747 -5
      vertex 23.5581 9.46747 -5
      vertex 15.0386 9.39473 -5
    endloop
  endfacet
  facet normal 0 0 -1
    outer loop
      vertex 22.2106 11.2844 -5
      vertex 16.6 11.5 -5
      vertex 22.2 11.5 -5
    endloop
  endfacet
  facet normal 0 0 -1
    outer loop
      vertex 16.5894 11.2844 -5
      vertex 22.2106 11.2844 -5
      vertex 22.2423 11.0708 -5
    endloop
  endfacet
  facet normal 0 0 -1
    outer loop
      vertex 16.5577 11.0708 -5
      vertex 22.2423 11.0708 -5
      vertex 22.2947 10.8614 -5
    endloop
  endfacet
  facet normal 0 0 -1
    outer loop
      vertex 16.5053 10.8614 -5
      vertex 22.2947 10.8614 -5
      vertex 22.3675 10.6581 -5
    endloop
  endfacet
  facet normal 0 0 -1
    outer loop
      vertex 16.4325 10.6581 -5
      vertex 22.3675 10.6581 -5
      vertex 22.4598 10.4629 -5
    endloop
  endfacet
  facet normal 0 0 -1
    outer loop
      vertex 16.3402 10.4629 -5
      vertex 22.4598 10.4629 -5
      vertex 22.5708 10.2777 -5
    endloop
  endfacet
  facet normal 0 0 -1
    outer loop
      vertex 16.2292 10.2777 -5
      vertex 22.5708 10.2777 -5
      vertex 22.6994 10.1043 -5
    endloop
  endfacet
  facet normal 0 0 -1
    outer loop
      vertex 16.1006 10.1043 -5
      vertex 22.6994 10.1043 -5
      vertex 22.8444 9.94437 -5
    endloop
  endfacet
  facet normal 0 0 -1
    outer loop
      vertex 15.9556 9.94437 -5
      vertex 22.8444 9.94437 -5
      vertex 23.0043 9.79938 -5
    endloop
  endfacet
  facet normal 0 -0 -1
    outer loop
      vertex 15.4371 9.55977 -5
      vertex 23.3629 9.55977 -5
      vertex 15.2419 9.46747 -5
    endloop
  endfacet
  facet normal 0 0 -1
    outer loop
      vertex 22.2106 11.2844 -5
      vertex 16.5894 11.2844 -5
      vertex 16.6 11.5 -5
    endloop
  endfacet
  facet normal 0 0 -1
    outer loop
      vertex 22.2423 11.0708 -5
      vertex 16.5577 11.0708 -5
      vertex 16.5894 11.2844 -5
    endloop
  endfacet
  facet normal 0 0 -1
    outer loop
      vertex 22.2947 10.8614 -5
      vertex 16.5053 10.8614 -5
      vertex 16.5577 11.0708 -5
    endloop
  endfacet
  facet normal 0 0 -1
    outer loop
      vertex 22.3675 10.6581 -5
      vertex 16.4325 10.6581 -5
      vertex 16.5053 10.8614 -5
    endloop
  endfacet
  facet normal 0 0 -1
    outer loop
      vertex 22.4598 10.4629 -5
      vertex 16.3402 10.4629 -5
      vertex 16.4325 10.6581 -5
    endloop
  endfacet
  facet normal 0 0 -1
    outer loop
      vertex 22.5708 10.2777 -5
      vertex 16.2292 10.2777 -5
      vertex 16.3402 10.4629 -5
    endloop
  endfacet
  facet normal 0 0 -1
    outer loop
      vertex 22.6994 10.1043 -5
      vertex 16.1006 10.1043 -5
      vertex 16.2292 10.2777 -5
    endloop
  endfacet
  facet normal 0 0 -1
    outer loop
      vertex 22.8444 9.94437 -5
      vertex 15.9556 9.94437 -5
      vertex 16.1006 10.1043 -5
    endloop
  endfacet
  facet normal 0 0 -1
    outer loop
      vertex 23.0043 9.79938 -5
      vertex 15.7957 9.79938 -5
      vertex 15.9556 9.94437 -5
    endloop
  endfacet
  facet normal -0 0 -1
    outer loop
      vertex 23.0043 9.79938 -5
      vertex 15.6223 9.67077 -5
      vertex 15.7957 9.79938 -5
    endloop
  endfacet
  facet normal 0 0 -1
    outer loop
      vertex 23.1777 9.67077 -5
      vertex 15.6223 9.67077 -5
      vertex 23.0043 9.79938 -5
    endloop
  endfacet
  facet normal 0 -0 -1
    outer loop
      vertex 15.6223 9.67077 -5
      vertex 23.1777 9.67077 -5
      vertex 15.4371 9.55977 -5
    endloop
  endfacet
  facet normal 0 0 -1
    outer loop
      vertex 23.3629 9.55977 -5
      vertex 15.4371 9.55977 -5
      vertex 23.1777 9.67077 -5
    endloop
  endfacet
  facet normal 0 0 -1
    outer loop
      vertex 23.5581 9.46747 -5
      vertex 15.2419 9.46747 -5
      vertex 23.3629 9.55977 -5
    endloop
  endfacet
  facet normal 0 0 -1
    outer loop
      vertex -2.1 -2.3 -5
      vertex 14.8292 9.34227 -5
      vertex 39.1 -2.3 -5
    endloop
  endfacet
  facet normal 0 0 -1
    outer loop
      vertex 14.8292 9.34227 -5
      vertex -2.1 -2.3 -5
      vertex 14.6156 9.31059 -5
    endloop
  endfacet
  facet normal 0 0 -1
    outer loop
      vertex 14.6156 9.31059 -5
      vertex -2.1 -2.3 -5
      vertex 14.4 9.3 -5
    endloop
  endfacet
  facet normal -0 0 -1
    outer loop
      vertex 14.4 9.3 -5
      vertex -2.1 -2.3 -5
      vertex 14.1844 9.31059 -5
    endloop
  endfacet
  facet normal -0 0 -1
    outer loop
      vertex 14.1844 9.31059 -5
      vertex -2.1 -2.3 -5
      vertex 13.9708 9.34227 -5
    endloop
  endfacet
  facet normal -0 0 -1
    outer loop
      vertex 13.9708 9.34227 -5
      vertex -2.1 -2.3 -5
      vertex 13.7614 9.39473 -5
    endloop
  endfacet
  facet normal -0 0 -1
    outer loop
      vertex 12.2423 11.0708 -5
      vertex -4.1 -0.299999 -5
      vertex 12.2106 11.2844 -5
    endloop
  endfacet
  facet normal -0 0 -1
    outer loop
      vertex 12.2947 10.8614 -5
      vertex -4.1 -0.299999 -5
      vertex 12.2423 11.0708 -5
    endloop
  endfacet
  facet normal -0 0 -1
    outer loop
      vertex 12.3675 10.6581 -5
      vertex -4.1 -0.299999 -5
      vertex 12.2947 10.8614 -5
    endloop
  endfacet
  facet normal -0 0 -1
    outer loop
      vertex 12.4598 10.4629 -5
      vertex -4.1 -0.299999 -5
      vertex 12.3675 10.6581 -5
    endloop
  endfacet
  facet normal 0 0 -1
    outer loop
      vertex -4.1 -0.299999 -5
      vertex 12.4598 10.4629 -5
      vertex -2.1 -2.3 -5
    endloop
  endfacet
  facet normal -0 0 -1
    outer loop
      vertex 12.5708 10.2777 -5
      vertex -2.1 -2.3 -5
      vertex 12.4598 10.4629 -5
    endloop
  endfacet
  facet normal -0 0 -1
    outer loop
      vertex 12.6994 10.1043 -5
      vertex -2.1 -2.3 -5
      vertex 12.5708 10.2777 -5
    endloop
  endfacet
  facet normal -0 0 -1
    outer loop
      vertex 12.8444 9.94437 -5
      vertex -2.1 -2.3 -5
      vertex 12.6994 10.1043 -5
    endloop
  endfacet
  facet normal -0 0 -1
    outer loop
      vertex 13.0043 9.79938 -5
      vertex -2.1 -2.3 -5
      vertex 12.8444 9.94437 -5
    endloop
  endfacet
  facet normal -0 0 -1
    outer loop
      vertex 13.1777 9.67077 -5
      vertex -2.1 -2.3 -5
      vertex 13.0043 9.79938 -5
    endloop
  endfacet
  facet normal -0 0 -1
    outer loop
      vertex 13.3629 9.55977 -5
      vertex -2.1 -2.3 -5
      vertex 13.1777 9.67077 -5
    endloop
  endfacet
  facet normal -0 0 -1
    outer loop
      vertex 13.5581 9.46747 -5
      vertex -2.1 -2.3 -5
      vertex 13.3629 9.55977 -5
    endloop
  endfacet
  facet normal -0 0 -1
    outer loop
      vertex 13.7614 9.39473 -5
      vertex -2.1 -2.3 -5
      vertex 13.5581 9.46747 -5
    endloop
  endfacet
  facet normal 0 0 -1
    outer loop
      vertex 39.4902 25.2616 -5
      vertex 39.1 25.3 -5
      vertex 39.296 25.2904 -5
    endloop
  endfacet
  facet normal 0 0 -1
    outer loop
      vertex 39.8654 25.1478 -5
      vertex 39.1 25.3 -5
      vertex 39.6806 25.2139 -5
    endloop
  endfacet
  facet normal 0 0 -1
    outer loop
      vertex 40.3688 24.846 -5
      vertex 39.1 25.3 -5
      vertex 40.2111 24.9629 -5
    endloop
  endfacet
  facet normal 0 0 -1
    outer loop
      vertex 40.7629 24.4111 -5
      vertex 39.1 25.3 -5
      vertex 40.646 24.5688 -5
    endloop
  endfacet
  facet normal 0 0 -1
    outer loop
      vertex 41.0139 23.8806 -5
      vertex 39.1 25.3 -5
      vertex 40.9478 24.0654 -5
    endloop
  endfacet
  facet normal 0 0 -1
    outer loop
      vertex 41.1 23.3 -5
      vertex 39.1 25.3 -5
      vertex 41.0904 23.496 -5
    endloop
  endfacet
  facet normal 0 0 -1
    outer loop
      vertex 26.1006 12.8957 -5
      vertex 39.1 25.3 -5
      vertex 26.2292 12.7223 -5
    endloop
  endfacet
  facet normal 0 0 -1
    outer loop
      vertex 25.9556 13.0556 -5
      vertex 39.1 25.3 -5
      vertex 26.1006 12.8957 -5
    endloop
  endfacet
  facet normal 0 0 -1
    outer loop
      vertex 25.7957 13.2006 -5
      vertex 39.1 25.3 -5
      vertex 25.9556 13.0556 -5
    endloop
  endfacet
  facet normal 0 0 -1
    outer loop
      vertex 25.6223 13.3292 -5
      vertex 39.1 25.3 -5
      vertex 25.7957 13.2006 -5
    endloop
  endfacet
  facet normal 0 0 -1
    outer loop
      vertex 25.4371 13.4402 -5
      vertex 39.1 25.3 -5
      vertex 25.6223 13.3292 -5
    endloop
  endfacet
  facet normal 0 0 -1
    outer loop
      vertex 25.2419 13.5325 -5
      vertex 39.1 25.3 -5
      vertex 25.4371 13.4402 -5
    endloop
  endfacet
  facet normal 0 0 -1
    outer loop
      vertex 25.0386 13.6053 -5
      vertex 39.1 25.3 -5
      vertex 25.2419 13.5325 -5
    endloop
  endfacet
  facet normal 0 0 -1
    outer loop
      vertex 24.8292 13.6577 -5
      vertex 39.1 25.3 -5
      vertex 25.0386 13.6053 -5
    endloop
  endfacet
  facet normal 0 0 -1
    outer loop
      vertex 24.6156 13.6894 -5
      vertex 39.1 25.3 -5
      vertex 24.8292 13.6577 -5
    endloop
  endfacet
  facet normal 0 0 -1
    outer loop
      vertex 24.4 13.7 -5
      vertex 39.1 25.3 -5
      vertex 24.6156 13.6894 -5
    endloop
  endfacet
  facet normal 0 0 -1
    outer loop
      vertex 24.1844 13.6894 -5
      vertex 39.1 25.3 -5
      vertex 24.4 13.7 -5
    endloop
  endfacet
  facet normal 0 0 -1
    outer loop
      vertex 23.9708 13.6577 -5
      vertex 39.1 25.3 -5
      vertex 24.1844 13.6894 -5
    endloop
  endfacet
  facet normal 0 0 -1
    outer loop
      vertex 14.8292 13.6577 -5
      vertex 23.9708 13.6577 -5
      vertex 23.7614 13.6053 -5
    endloop
  endfacet
  facet normal 0 0 -1
    outer loop
      vertex 15.0386 13.6053 -5
      vertex 23.7614 13.6053 -5
      vertex 23.5581 13.5325 -5
    endloop
  endfacet
  facet normal 0 0 -1
    outer loop
      vertex 15.2419 13.5325 -5
      vertex 23.5581 13.5325 -5
      vertex 23.3629 13.4402 -5
    endloop
  endfacet
  facet normal 0 0 -1
    outer loop
      vertex 15.4371 13.4402 -5
      vertex 23.3629 13.4402 -5
      vertex 23.1777 13.3292 -5
    endloop
  endfacet
  facet normal 0 0 -1
    outer loop
      vertex 15.6223 13.3292 -5
      vertex 23.1777 13.3292 -5
      vertex 23.0043 13.2006 -5
    endloop
  endfacet
  facet normal 0 0 -1
    outer loop
      vertex 16.6 11.5 -5
      vertex 22.2106 11.7156 -5
      vertex 22.2 11.5 -5
    endloop
  endfacet
  facet normal 0 0 -1
    outer loop
      vertex 16.5894 11.7156 -5
      vertex 22.2106 11.7156 -5
      vertex 16.6 11.5 -5
    endloop
  endfacet
  facet normal 0 0 -1
    outer loop
      vertex 22.2106 11.7156 -5
      vertex 16.5894 11.7156 -5
      vertex 22.2423 11.9292 -5
    endloop
  endfacet
  facet normal 0 0 -1
    outer loop
      vertex 16.5577 11.9292 -5
      vertex 22.2423 11.9292 -5
      vertex 16.5894 11.7156 -5
    endloop
  endfacet
  facet normal 0 0 -1
    outer loop
      vertex 22.2423 11.9292 -5
      vertex 16.5577 11.9292 -5
      vertex 22.2947 12.1386 -5
    endloop
  endfacet
  facet normal 0 0 -1
    outer loop
      vertex 16.5053 12.1386 -5
      vertex 22.2947 12.1386 -5
      vertex 16.5577 11.9292 -5
    endloop
  endfacet
  facet normal 0 0 -1
    outer loop
      vertex 22.2947 12.1386 -5
      vertex 16.5053 12.1386 -5
      vertex 22.3675 12.3419 -5
    endloop
  endfacet
  facet normal 0 0 -1
    outer loop
      vertex 16.4325 12.3419 -5
      vertex 22.3675 12.3419 -5
      vertex 16.5053 12.1386 -5
    endloop
  endfacet
  facet normal 0 0 -1
    outer loop
      vertex 22.3675 12.3419 -5
      vertex 16.4325 12.3419 -5
      vertex 22.4598 12.5371 -5
    endloop
  endfacet
  facet normal 0 0 -1
    outer loop
      vertex 16.3402 12.5371 -5
      vertex 22.4598 12.5371 -5
      vertex 16.4325 12.3419 -5
    endloop
  endfacet
  facet normal 0 0 -1
    outer loop
      vertex 22.4598 12.5371 -5
      vertex 16.3402 12.5371 -5
      vertex 22.5708 12.7223 -5
    endloop
  endfacet
  facet normal 0 0 -1
    outer loop
      vertex 16.2292 12.7223 -5
      vertex 22.5708 12.7223 -5
      vertex 16.3402 12.5371 -5
    endloop
  endfacet
  facet normal 0 0 -1
    outer loop
      vertex 22.5708 12.7223 -5
      vertex 16.2292 12.7223 -5
      vertex 22.6994 12.8957 -5
    endloop
  endfacet
  facet normal 0 0 -1
    outer loop
      vertex 16.1006 12.8957 -5
      vertex 22.6994 12.8957 -5
      vertex 16.2292 12.7223 -5
    endloop
  endfacet
  facet normal 0 0 -1
    outer loop
      vertex 22.6994 12.8957 -5
      vertex 16.1006 12.8957 -5
      vertex 22.8444 13.0556 -5
    endloop
  endfacet
  facet normal 0 0 -1
    outer loop
      vertex 15.9556 13.0556 -5
      vertex 22.8444 13.0556 -5
      vertex 16.1006 12.8957 -5
    endloop
  endfacet
  facet normal 0 0 -1
    outer loop
      vertex 22.8444 13.0556 -5
      vertex 15.9556 13.0556 -5
      vertex 23.0043 13.2006 -5
    endloop
  endfacet
  facet normal 0 0 -1
    outer loop
      vertex 15.7957 13.2006 -5
      vertex 23.0043 13.2006 -5
      vertex 15.9556 13.0556 -5
    endloop
  endfacet
  facet normal 0 0 -1
    outer loop
      vertex 15.6223 13.3292 -5
      vertex 23.0043 13.2006 -5
      vertex 15.7957 13.2006 -5
    endloop
  endfacet
  facet normal 0 0 -1
    outer loop
      vertex 23.1777 13.3292 -5
      vertex 15.6223 13.3292 -5
      vertex 15.4371 13.4402 -5
    endloop
  endfacet
  facet normal 0 0 -1
    outer loop
      vertex 23.3629 13.4402 -5
      vertex 15.4371 13.4402 -5
      vertex 15.2419 13.5325 -5
    endloop
  endfacet
  facet normal 0 0 -1
    outer loop
      vertex 23.5581 13.5325 -5
      vertex 15.2419 13.5325 -5
      vertex 15.0386 13.6053 -5
    endloop
  endfacet
  facet normal 0 0 -1
    outer loop
      vertex 23.7614 13.6053 -5
      vertex 15.0386 13.6053 -5
      vertex 14.8292 13.6577 -5
    endloop
  endfacet
  facet normal 0 0 -1
    outer loop
      vertex 23.9708 13.6577 -5
      vertex 14.8292 13.6577 -5
      vertex 39.1 25.3 -5
    endloop
  endfacet
  facet normal 0 0 -1
    outer loop
      vertex -2.1 25.3 -5
      vertex 14.8292 13.6577 -5
      vertex 14.6156 13.6894 -5
    endloop
  endfacet
  facet normal 0 0 -1
    outer loop
      vertex -2.1 25.3 -5
      vertex 14.6156 13.6894 -5
      vertex 14.4 13.7 -5
    endloop
  endfacet
  facet normal 0 0 -1
    outer loop
      vertex -2.1 25.3 -5
      vertex 14.4 13.7 -5
      vertex 14.1844 13.6894 -5
    endloop
  endfacet
  facet normal 0 0 -1
    outer loop
      vertex -2.1 25.3 -5
      vertex 14.1844 13.6894 -5
      vertex 13.9708 13.6577 -5
    endloop
  endfacet
  facet normal 0 0 -1
    outer loop
      vertex -2.1 25.3 -5
      vertex 13.9708 13.6577 -5
      vertex 13.7614 13.6053 -5
    endloop
  endfacet
  facet normal 0 0 -1
    outer loop
      vertex -2.1 25.3 -5
      vertex 13.7614 13.6053 -5
      vertex 13.5581 13.5325 -5
    endloop
  endfacet
  facet normal -0 0 -1
    outer loop
      vertex 12.2106 11.2844 -5
      vertex -4.1 -0.299999 -5
      vertex 12.2 11.5 -5
    endloop
  endfacet
  facet normal 0 0 -1
    outer loop
      vertex -4.1 23.3 -5
      vertex 12.2 11.5 -5
      vertex -4.1 -0.299999 -5
    endloop
  endfacet
  facet normal 0 0 -1
    outer loop
      vertex 12.2 11.5 -5
      vertex -4.1 23.3 -5
      vertex 12.2106 11.7156 -5
    endloop
  endfacet
  facet normal 0 0 -1
    outer loop
      vertex 12.2106 11.7156 -5
      vertex -4.1 23.3 -5
      vertex 12.2423 11.9292 -5
    endloop
  endfacet
  facet normal 0 0 -1
    outer loop
      vertex 12.2423 11.9292 -5
      vertex -4.1 23.3 -5
      vertex 12.2947 12.1386 -5
    endloop
  endfacet
  facet normal 0 0 -1
    outer loop
      vertex 12.2947 12.1386 -5
      vertex -4.1 23.3 -5
      vertex 12.3675 12.3419 -5
    endloop
  endfacet
  facet normal 0 0 -1
    outer loop
      vertex 12.3675 12.3419 -5
      vertex -4.1 23.3 -5
      vertex 12.4598 12.5371 -5
    endloop
  endfacet
  facet normal 0 -0 -1
    outer loop
      vertex -2.1 25.3 -5
      vertex 12.4598 12.5371 -5
      vertex -4.1 23.3 -5
    endloop
  endfacet
  facet normal 0 0 -1
    outer loop
      vertex 14.8292 13.6577 -5
      vertex -2.1 25.3 -5
      vertex 39.1 25.3 -5
    endloop
  endfacet
  facet normal 0 0 -1
    outer loop
      vertex 13.3629 13.4402 -5
      vertex -2.1 25.3 -5
      vertex 13.5581 13.5325 -5
    endloop
  endfacet
  facet normal 0 0 -1
    outer loop
      vertex 13.1777 13.3292 -5
      vertex -2.1 25.3 -5
      vertex 13.3629 13.4402 -5
    endloop
  endfacet
  facet normal 0 0 -1
    outer loop
      vertex 13.0043 13.2006 -5
      vertex -2.1 25.3 -5
      vertex 13.1777 13.3292 -5
    endloop
  endfacet
  facet normal 0 0 -1
    outer loop
      vertex 12.8444 13.0556 -5
      vertex -2.1 25.3 -5
      vertex 13.0043 13.2006 -5
    endloop
  endfacet
  facet normal 0 0 -1
    outer loop
      vertex 12.4598 12.5371 -5
      vertex -2.1 25.3 -5
      vertex 12.5708 12.7223 -5
    endloop
  endfacet
  facet normal 0 0 -1
    outer loop
      vertex -4.1 -0.299999 -5
      vertex -2.1 -2.3 -5
      vertex -2.29603 -2.29037 -5
    endloop
  endfacet
  facet normal 0 0 -1
    outer loop
      vertex 12.5708 12.7223 -5
      vertex -2.1 25.3 -5
      vertex 12.6994 12.8957 -5
    endloop
  endfacet
  facet normal 0 0 -1
    outer loop
      vertex -4.1 -0.299999 -5
      vertex -2.29603 -2.29037 -5
      vertex -2.49018 -2.26157 -5
    endloop
  endfacet
  facet normal 0 0 -1
    outer loop
      vertex 12.6994 12.8957 -5
      vertex -2.1 25.3 -5
      vertex 12.8444 13.0556 -5
    endloop
  endfacet
  facet normal 0 0 -1
    outer loop
      vertex -4.1 -0.299999 -5
      vertex -2.49018 -2.26157 -5
      vertex -2.68057 -2.21388 -5
    endloop
  endfacet
  facet normal 0 0 -1
    outer loop
      vertex -2.1 25.3 -5
      vertex -4.1 23.3 -5
      vertex -2.29603 25.2904 -5
    endloop
  endfacet
  facet normal 0 0 -1
    outer loop
      vertex -4.1 -0.299999 -5
      vertex -2.68057 -2.21388 -5
      vertex -2.86537 -2.14776 -5
    endloop
  endfacet
  facet normal 0 0 -1
    outer loop
      vertex -2.29603 25.2904 -5
      vertex -4.1 23.3 -5
      vertex -2.49018 25.2616 -5
    endloop
  endfacet
  facet normal 0 0 -1
    outer loop
      vertex -4.1 -0.299999 -5
      vertex -2.86537 -2.14776 -5
      vertex -3.04279 -2.06384 -5
    endloop
  endfacet
  facet normal 0 0 -1
    outer loop
      vertex -2.49018 25.2616 -5
      vertex -4.1 23.3 -5
      vertex -2.68057 25.2139 -5
    endloop
  endfacet
  facet normal 0 0 -1
    outer loop
      vertex -4.1 -0.299999 -5
      vertex -3.04279 -2.06384 -5
      vertex -3.21114 -1.96294 -5
    endloop
  endfacet
  facet normal 0 0 -1
    outer loop
      vertex -2.68057 25.2139 -5
      vertex -4.1 23.3 -5
      vertex -2.86537 25.1478 -5
    endloop
  endfacet
  facet normal 0 0 -1
    outer loop
      vertex -4.1 -0.299999 -5
      vertex -3.21114 -1.96294 -5
      vertex -3.36879 -1.84602 -5
    endloop
  endfacet
  facet normal 0 0 -1
    outer loop
      vertex -2.86537 25.1478 -5
      vertex -4.1 23.3 -5
      vertex -3.04279 25.0638 -5
    endloop
  endfacet
  facet normal 0 0 -1
    outer loop
      vertex -4.1 -0.299999 -5
      vertex -3.36879 -1.84602 -5
      vertex -3.51421 -1.71421 -5
    endloop
  endfacet
  facet normal 0 0 -1
    outer loop
      vertex -3.04279 25.0638 -5
      vertex -4.1 23.3 -5
      vertex -3.21114 24.9629 -5
    endloop
  endfacet
  facet normal 0 0 -1
    outer loop
      vertex -4.1 -0.299999 -5
      vertex -3.51421 -1.71421 -5
      vertex -3.64602 -1.56879 -5
    endloop
  endfacet
  facet normal 0 0 -1
    outer loop
      vertex -3.21114 24.9629 -5
      vertex -4.1 23.3 -5
      vertex -3.36879 24.846 -5
    endloop
  endfacet
  facet normal 0 0 -1
    outer loop
      vertex -4.1 -0.299999 -5
      vertex -3.64602 -1.56879 -5
      vertex -3.76294 -1.41114 -5
    endloop
  endfacet
  facet normal 0 0 -1
    outer loop
      vertex -3.36879 24.846 -5
      vertex -4.1 23.3 -5
      vertex -3.51421 24.7142 -5
    endloop
  endfacet
  facet normal 0 0 -1
    outer loop
      vertex -4.1 -0.299999 -5
      vertex -3.76294 -1.41114 -5
      vertex -3.86384 -1.24279 -5
    endloop
  endfacet
  facet normal 0 0 -1
    outer loop
      vertex -3.51421 24.7142 -5
      vertex -4.1 23.3 -5
      vertex -3.64602 24.5688 -5
    endloop
  endfacet
  facet normal 0 0 -1
    outer loop
      vertex -4.1 -0.299999 -5
      vertex -3.86384 -1.24279 -5
      vertex -3.94776 -1.06537 -5
    endloop
  endfacet
  facet normal 0 0 -1
    outer loop
      vertex -3.64602 24.5688 -5
      vertex -4.1 23.3 -5
      vertex -3.76294 24.4111 -5
    endloop
  endfacet
  facet normal 0 0 -1
    outer loop
      vertex -4.1 -0.299999 -5
      vertex -3.94776 -1.06537 -5
      vertex -4.01388 -0.880569 -5
    endloop
  endfacet
  facet normal 0 0 -1
    outer loop
      vertex -3.76294 24.4111 -5
      vertex -4.1 23.3 -5
      vertex -3.86384 24.2428 -5
    endloop
  endfacet
  facet normal 0 0 -1
    outer loop
      vertex -4.1 -0.299999 -5
      vertex -4.01388 -0.880569 -5
      vertex -4.06157 -0.69018 -5
    endloop
  endfacet
  facet normal 0 0 -1
    outer loop
      vertex -3.86384 24.2428 -5
      vertex -4.1 23.3 -5
      vertex -3.94776 24.0654 -5
    endloop
  endfacet
  facet normal 0 0 -1
    outer loop
      vertex -4.1 -0.299999 -5
      vertex -4.06157 -0.69018 -5
      vertex -4.09037 -0.496034 -5
    endloop
  endfacet
  facet normal 0 0 -1
    outer loop
      vertex -3.94776 24.0654 -5
      vertex -4.1 23.3 -5
      vertex -4.01388 23.8806 -5
    endloop
  endfacet
  facet normal 0 0 -1
    outer loop
      vertex -4.01388 23.8806 -5
      vertex -4.1 23.3 -5
      vertex -4.06157 23.6902 -5
    endloop
  endfacet
  facet normal 0 0 -1
    outer loop
      vertex -4.06157 23.6902 -5
      vertex -4.1 23.3 -5
      vertex -4.09037 23.496 -5
    endloop
  endfacet
  facet normal -0.427404 0.904061 0
    outer loop
      vertex 38.6771 -0.205537 -3
      vertex 38.6061 -0.239103 1.99
      vertex 38.6771 -0.205537 1.99
    endloop
  endfacet
  facet normal -0.427404 0.904061 0
    outer loop
      vertex 38.6061 -0.239103 1.99
      vertex 38.6771 -0.205537 -3
      vertex 38.6061 -0.239103 -3
    endloop
  endfacet
  facet normal 0.427404 -0.904061 0
    outer loop
      vertex 38.6061 -0.239103 2
      vertex 38.6771 -0.205537 3.4
      vertex 38.6061 -0.239103 3.4
    endloop
  endfacet
  facet normal 0.427404 -0.904061 0
    outer loop
      vertex 38.6771 -0.205537 3.4
      vertex 38.6061 -0.239103 2
      vertex 38.6771 -0.205537 2
    endloop
  endfacet
  facet normal 0 1 -0
    outer loop
      vertex 38.3 -0.299999 -3
      vertex -1.3 -0.299999 1.99
      vertex 38.3 -0.299999 1.99
    endloop
  endfacet
  facet normal 0 1 0
    outer loop
      vertex -1.3 -0.299999 1.99
      vertex 38.3 -0.299999 -3
      vertex -1.3 -0.299999 -3
    endloop
  endfacet
  facet normal 0 -1 0
    outer loop
      vertex -1.3 -0.299999 2
      vertex 38.3 -0.299999 3.4
      vertex -1.3 -0.299999 3.4
    endloop
  endfacet
  facet normal 0 -1 -0
    outer loop
      vertex 38.3 -0.299999 3.4
      vertex -1.3 -0.299999 2
      vertex 38.3 -0.299999 2
    endloop
  endfacet
  facet normal 0.427906 -0.903823 0
    outer loop
      vertex -1.67712 23.2055 -3
      vertex -1.60615 23.2391 1.99
      vertex -1.67712 23.2055 1.99
    endloop
  endfacet
  facet normal 0.427906 -0.903823 0
    outer loop
      vertex -1.60615 23.2391 1.99
      vertex -1.67712 23.2055 -3
      vertex -1.60615 23.2391 -3
    endloop
  endfacet
  facet normal -0.427906 0.903823 0
    outer loop
      vertex -1.60615 23.2391 2
      vertex -1.67712 23.2055 3.4
      vertex -1.60615 23.2391 3.4
    endloop
  endfacet
  facet normal -0.427906 0.903823 0
    outer loop
      vertex -1.67712 23.2055 3.4
      vertex -1.60615 23.2391 2
      vertex -1.67712 23.2055 2
    endloop
  endfacet
  facet normal 0.741074 -0.671423 0
    outer loop
      vertex -1.91841 23.0075 1.99
      vertex -1.86568 23.0657 -3
      vertex -1.86568 23.0657 1.99
    endloop
  endfacet
  facet normal 0.741074 -0.671423 0
    outer loop
      vertex -1.86568 23.0657 -3
      vertex -1.91841 23.0075 1.99
      vertex -1.91841 23.0075 -3
    endloop
  endfacet
  facet normal -0.741074 0.671423 0
    outer loop
      vertex -1.91841 23.0075 2
      vertex -1.86568 23.0657 3.4
      vertex -1.86568 23.0657 2
    endloop
  endfacet
  facet normal -0.741074 0.671423 0
    outer loop
      vertex -1.86568 23.0657 3.4
      vertex -1.91841 23.0075 2
      vertex -1.91841 23.0075 3.4
    endloop
  endfacet
  facet normal 0 -1 0
    outer loop
      vertex -1.3 23.3 -3
      vertex 38.3 23.3 1.99
      vertex -1.3 23.3 1.99
    endloop
  endfacet
  facet normal 0 -1 -0
    outer loop
      vertex 38.3 23.3 1.99
      vertex -1.3 23.3 -3
      vertex 38.3 23.3 -3
    endloop
  endfacet
  facet normal 0 1 -0
    outer loop
      vertex 38.3 23.3 2
      vertex -1.3 23.3 3.4
      vertex 38.3 23.3 3.4
    endloop
  endfacet
  facet normal 0 1 0
    outer loop
      vertex -1.3 23.3 3.4
      vertex 38.3 23.3 2
      vertex -1.3 23.3 2
    endloop
  endfacet
  facet normal 0.427552 0.903991 -0
    outer loop
      vertex -1.60615 -0.239103 -3
      vertex -1.67712 -0.205537 1.99
      vertex -1.60615 -0.239103 1.99
    endloop
  endfacet
  facet normal 0.427552 0.903991 0
    outer loop
      vertex -1.67712 -0.205537 1.99
      vertex -1.60615 -0.239103 -3
      vertex -1.67712 -0.205537 -3
    endloop
  endfacet
  facet normal -0.427552 -0.903991 0
    outer loop
      vertex -1.67712 -0.205537 2
      vertex -1.60615 -0.239103 3.4
      vertex -1.67712 -0.205537 3.4
    endloop
  endfacet
  facet normal -0.427552 -0.903991 -0
    outer loop
      vertex -1.60615 -0.239103 3.4
      vertex -1.67712 -0.205537 2
      vertex -1.60615 -0.239103 2
    endloop
  endfacet
  facet normal -0.802744 -0.596324 0
    outer loop
      vertex 38.9652 22.9445 -3
      vertex 38.9184 23.0075 1.99
      vertex 38.9184 23.0075 -3
    endloop
  endfacet
  facet normal -0.802744 -0.596324 0
    outer loop
      vertex 38.9184 23.0075 1.99
      vertex 38.9652 22.9445 -3
      vertex 38.9652 22.9445 1.99
    endloop
  endfacet
  facet normal 0.802744 0.596324 0
    outer loop
      vertex 38.9652 22.9445 3.4
      vertex 38.9184 23.0075 2
      vertex 38.9184 23.0075 3.4
    endloop
  endfacet
  facet normal 0.802744 0.596324 0
    outer loop
      vertex 38.9184 23.0075 2
      vertex 38.9652 22.9445 3.4
      vertex 38.9652 22.9445 2
    endloop
  endfacet
  facet normal -0.671213 -0.741264 0
    outer loop
      vertex 38.8075 23.1184 -3
      vertex 38.8657 23.0657 1.99
      vertex 38.8075 23.1184 1.99
    endloop
  endfacet
  facet normal -0.671213 -0.741264 -0
    outer loop
      vertex 38.8657 23.0657 1.99
      vertex 38.8075 23.1184 -3
      vertex 38.8657 23.0657 -3
    endloop
  endfacet
  facet normal 0.671213 0.741264 -0
    outer loop
      vertex 38.8657 23.0657 2
      vertex 38.8075 23.1184 3.4
      vertex 38.8657 23.0657 3.4
    endloop
  endfacet
  facet normal 0.671213 0.741264 0
    outer loop
      vertex 38.8075 23.1184 3.4
      vertex 38.8657 23.0657 2
      vertex 38.8075 23.1184 2
    endloop
  endfacet
  facet normal 0.146484 -0.989213 0
    outer loop
      vertex -1.45607 23.2846 -3
      vertex -1.37841 23.2961 1.99
      vertex -1.45607 23.2846 1.99
    endloop
  endfacet
  facet normal 0.146484 -0.989213 0
    outer loop
      vertex -1.37841 23.2961 1.99
      vertex -1.45607 23.2846 -3
      vertex -1.37841 23.2961 -3
    endloop
  endfacet
  facet normal -0.146484 0.989213 0
    outer loop
      vertex -1.37841 23.2961 2
      vertex -1.45607 23.2846 3.4
      vertex -1.37841 23.2961 3.4
    endloop
  endfacet
  facet normal -0.146484 0.989213 0
    outer loop
      vertex -1.45607 23.2846 3.4
      vertex -1.37841 23.2961 2
      vertex -1.45607 23.2846 2
    endloop
  endfacet
  facet normal 1 -0 0
    outer loop
      vertex -2.1 16.7 1.99
      vertex -2.1 22.5 -3
      vertex -2.1 22.5 1.99
    endloop
  endfacet
  facet normal 1 0 0
    outer loop
      vertex -2.1 22.5 -3
      vertex -2.1 16.7 1.99
      vertex -2.1 16.7 -3
    endloop
  endfacet
  facet normal 1 -0 0
    outer loop
      vertex -2.1 0.5 1.99
      vertex -2.1 6.3 -3
      vertex -2.1 6.3 1.99
    endloop
  endfacet
  facet normal 1 0 0
    outer loop
      vertex -2.1 6.3 -3
      vertex -2.1 0.5 1.99
      vertex -2.1 0.5 -3
    endloop
  endfacet
  facet normal -1 0 0
    outer loop
      vertex -2.1 16.7 2
      vertex -2.1 22.5 3.4
      vertex -2.1 22.5 2
    endloop
  endfacet
  facet normal -1 -0 0
    outer loop
      vertex -2.1 22.5 3.4
      vertex -2.1 16.7 2
      vertex -2.1 16.7 3.4
    endloop
  endfacet
  facet normal -1 0 0
    outer loop
      vertex -2.1 0.5 2
      vertex -2.1 6.3 3.4
      vertex -2.1 6.3 2
    endloop
  endfacet
  facet normal -1 -0 0
    outer loop
      vertex -2.1 6.3 3.4
      vertex -2.1 0.5 2
      vertex -2.1 0.5 3.4
    endloop
  endfacet
  facet normal 0.90402 0.427489 0
    outer loop
      vertex -2.00554 0.122882 1.99
      vertex -2.0391 0.193852 -3
      vertex -2.0391 0.193852 1.99
    endloop
  endfacet
  facet normal 0.90402 0.427489 0
    outer loop
      vertex -2.0391 0.193852 -3
      vertex -2.00554 0.122882 1.99
      vertex -2.00554 0.122882 -3
    endloop
  endfacet
  facet normal -0.90402 -0.427489 0
    outer loop
      vertex -2.00554 0.122882 2
      vertex -2.0391 0.193852 3.4
      vertex -2.0391 0.193852 2
    endloop
  endfacet
  facet normal -0.90402 -0.427489 0
    outer loop
      vertex -2.0391 0.193852 3.4
      vertex -2.00554 0.122882 2
      vertex -2.00554 0.122882 3.4
    endloop
  endfacet
  facet normal 0.33689 0.941544 -0
    outer loop
      vertex -1.53223 -0.265552 -3
      vertex -1.60615 -0.239103 1.99
      vertex -1.53223 -0.265552 1.99
    endloop
  endfacet
  facet normal 0.33689 0.941544 0
    outer loop
      vertex -1.60615 -0.239103 1.99
      vertex -1.53223 -0.265552 -3
      vertex -1.60615 -0.239103 -3
    endloop
  endfacet
  facet normal -0.33689 -0.941544 0
    outer loop
      vertex -1.60615 -0.239103 2
      vertex -1.53223 -0.265552 3.4
      vertex -1.60615 -0.239103 3.4
    endloop
  endfacet
  facet normal -0.33689 -0.941544 -0
    outer loop
      vertex -1.53223 -0.265552 3.4
      vertex -1.60615 -0.239103 2
      vertex -1.53223 -0.265552 2
    endloop
  endfacet
  facet normal 0.671562 0.740948 -0
    outer loop
      vertex -1.80751 -0.118408 -3
      vertex -1.86568 -0.0656853 1.99
      vertex -1.80751 -0.118408 1.99
    endloop
  endfacet
  facet normal 0.671562 0.740948 0
    outer loop
      vertex -1.86568 -0.0656853 1.99
      vertex -1.80751 -0.118408 -3
      vertex -1.86568 -0.0656853 -3
    endloop
  endfacet
  facet normal -0.671562 -0.740948 0
    outer loop
      vertex -1.86568 -0.0656853 2
      vertex -1.80751 -0.118408 3.4
      vertex -1.86568 -0.0656853 3.4
    endloop
  endfacet
  facet normal -0.671562 -0.740948 -0
    outer loop
      vertex -1.80751 -0.118408 3.4
      vertex -1.86568 -0.0656853 2
      vertex -1.80751 -0.118408 2
    endloop
  endfacet
  facet normal -0.0496835 -0.998765 0
    outer loop
      vertex 38.3 23.3 -3
      vertex 38.3784 23.2961 1.99
      vertex 38.3 23.3 1.99
    endloop
  endfacet
  facet normal -0.0496835 -0.998765 -0
    outer loop
      vertex 38.3784 23.2961 1.99
      vertex 38.3 23.3 -3
      vertex 38.3784 23.2961 -3
    endloop
  endfacet
  facet normal 0.0496835 0.998765 -0
    outer loop
      vertex 38.3784 23.2961 2
      vertex 38.3 23.3 3.4
      vertex 38.3784 23.2961 3.4
    endloop
  endfacet
  facet normal 0.0496835 0.998765 0
    outer loop
      vertex 38.3 23.3 3.4
      vertex 38.3784 23.2961 2
      vertex 38.3 23.3 2
    endloop
  endfacet
  facet normal 0.337466 -0.941338 0
    outer loop
      vertex -1.60615 23.2391 -3
      vertex -1.53223 23.2656 1.99
      vertex -1.60615 23.2391 1.99
    endloop
  endfacet
  facet normal 0.337466 -0.941338 0
    outer loop
      vertex -1.53223 23.2656 1.99
      vertex -1.60615 23.2391 -3
      vertex -1.53223 23.2656 -3
    endloop
  endfacet
  facet normal -0.337466 0.941338 0
    outer loop
      vertex -1.53223 23.2656 2
      vertex -1.60615 23.2391 3.4
      vertex -1.53223 23.2656 3.4
    endloop
  endfacet
  facet normal -0.337466 0.941338 0
    outer loop
      vertex -1.60615 23.2391 3.4
      vertex -1.53223 23.2656 2
      vertex -1.60615 23.2391 2
    endloop
  endfacet
  facet normal -0.970543 0.240927 0
    outer loop
      vertex 39.0656 0.267772 -3
      vertex 39.0736 0.299999 1.99
      vertex 39.0736 0.299999 -3
    endloop
  endfacet
  facet normal -0.970543 0.240927 0
    outer loop
      vertex 39.0736 0.299999 1.99
      vertex 39.0656 0.267772 -3
      vertex 39.0656 0.267772 1.99
    endloop
  endfacet
  facet normal 0.970543 -0.240927 0
    outer loop
      vertex 39.0656 0.267772 3.4
      vertex 39.0736 0.299999 2
      vertex 39.0736 0.299999 3.4
    endloop
  endfacet
  facet normal 0.970543 -0.240927 0
    outer loop
      vertex 39.0736 0.299999 2
      vertex 39.0656 0.267772 3.4
      vertex 39.0656 0.267772 2
    endloop
  endfacet
  facet normal -0.941309 -0.337546 0
    outer loop
      vertex 39.0656 22.7322 -3
      vertex 39.0391 22.8061 1.99
      vertex 39.0391 22.8061 -3
    endloop
  endfacet
  facet normal -0.941309 -0.337546 0
    outer loop
      vertex 39.0391 22.8061 1.99
      vertex 39.0656 22.7322 -3
      vertex 39.0656 22.7322 1.99
    endloop
  endfacet
  facet normal 0.941309 0.337546 0
    outer loop
      vertex 39.0656 22.7322 3.4
      vertex 39.0391 22.8061 2
      vertex 39.0391 22.8061 3.4
    endloop
  endfacet
  facet normal 0.941309 0.337546 0
    outer loop
      vertex 39.0391 22.8061 2
      vertex 39.0656 22.7322 3.4
      vertex 39.0656 22.7322 2
    endloop
  endfacet
  facet normal -1 0 0
    outer loop
      vertex 39.1 10.7 -3
      vertex 39.1 12.3 1.99
      vertex 39.1 12.3 -3
    endloop
  endfacet
  facet normal -1 -0 0
    outer loop
      vertex 39.1 12.3 1.99
      vertex 39.1 10.7 -3
      vertex 39.1 10.7 1.99
    endloop
  endfacet
  facet normal 1 -0 0
    outer loop
      vertex 39.1 10.7 3.4
      vertex 39.1 12.3 2
      vertex 39.1 12.3 3.4
    endloop
  endfacet
  facet normal 1 0 0
    outer loop
      vertex 39.1 12.3 2
      vertex 39.1 10.7 3.4
      vertex 39.1 10.7 2
    endloop
  endfacet
  facet normal 0.90409 -0.427342 0
    outer loop
      vertex -2.0391 22.8061 1.99
      vertex -2.00554 22.8771 -3
      vertex -2.00554 22.8771 1.99
    endloop
  endfacet
  facet normal 0.90409 -0.427342 0
    outer loop
      vertex -2.00554 22.8771 -3
      vertex -2.0391 22.8061 1.99
      vertex -2.0391 22.8061 -3
    endloop
  endfacet
  facet normal -0.90409 0.427342 0
    outer loop
      vertex -2.0391 22.8061 2
      vertex -2.00554 22.8771 3.4
      vertex -2.00554 22.8771 2
    endloop
  endfacet
  facet normal -0.90409 0.427342 0
    outer loop
      vertex -2.00554 22.8771 3.4
      vertex -2.0391 22.8061 2
      vertex -2.0391 22.8061 3.4
    endloop
  endfacet
  facet normal -0.337546 -0.941309 0
    outer loop
      vertex 38.5322 23.2656 -3
      vertex 38.6061 23.2391 1.99
      vertex 38.5322 23.2656 1.99
    endloop
  endfacet
  facet normal -0.337546 -0.941309 -0
    outer loop
      vertex 38.6061 23.2391 1.99
      vertex 38.5322 23.2656 -3
      vertex 38.6061 23.2391 -3
    endloop
  endfacet
  facet normal 0.337546 0.941309 -0
    outer loop
      vertex 38.6061 23.2391 2
      vertex 38.5322 23.2656 3.4
      vertex 38.6061 23.2391 3.4
    endloop
  endfacet
  facet normal 0.337546 0.941309 0
    outer loop
      vertex 38.5322 23.2656 3.4
      vertex 38.6061 23.2391 2
      vertex 38.5322 23.2656 2
    endloop
  endfacet
  facet normal 0.802927 -0.596078 0
    outer loop
      vertex -1.96518 22.9445 1.99
      vertex -1.91841 23.0075 -3
      vertex -1.91841 23.0075 1.99
    endloop
  endfacet
  facet normal 0.802927 -0.596078 0
    outer loop
      vertex -1.91841 23.0075 -3
      vertex -1.96518 22.9445 1.99
      vertex -1.96518 22.9445 -3
    endloop
  endfacet
  facet normal -0.802927 0.596078 0
    outer loop
      vertex -1.96518 22.9445 2
      vertex -1.91841 23.0075 3.4
      vertex -1.91841 23.0075 2
    endloop
  endfacet
  facet normal -0.802927 0.596078 0
    outer loop
      vertex -1.91841 23.0075 3.4
      vertex -1.96518 22.9445 2
      vertex -1.96518 22.9445 3.4
    endloop
  endfacet
  facet normal -0.596324 -0.802744 0
    outer loop
      vertex 38.7445 23.1652 -3
      vertex 38.8075 23.1184 1.99
      vertex 38.7445 23.1652 1.99
    endloop
  endfacet
  facet normal -0.596324 -0.802744 -0
    outer loop
      vertex 38.8075 23.1184 1.99
      vertex 38.7445 23.1652 -3
      vertex 38.8075 23.1184 -3
    endloop
  endfacet
  facet normal 0.596324 0.802744 -0
    outer loop
      vertex 38.8075 23.1184 2
      vertex 38.7445 23.1652 3.4
      vertex 38.8075 23.1184 3.4
    endloop
  endfacet
  facet normal 0.596324 0.802744 0
    outer loop
      vertex 38.7445 23.1652 3.4
      vertex 38.8075 23.1184 2
      vertex 38.7445 23.1652 2
    endloop
  endfacet
  facet normal 0.998796 -0.049048 0
    outer loop
      vertex -2.1 22.5 1.99
      vertex -2.09615 22.5784 -3
      vertex -2.09615 22.5784 1.99
    endloop
  endfacet
  facet normal 0.998796 -0.049048 0
    outer loop
      vertex -2.09615 22.5784 -3
      vertex -2.1 22.5 1.99
      vertex -2.1 22.5 -3
    endloop
  endfacet
  facet normal -0.998796 0.049048 0
    outer loop
      vertex -2.1 22.5 2
      vertex -2.09615 22.5784 3.4
      vertex -2.09615 22.5784 2
    endloop
  endfacet
  facet normal -0.998796 0.049048 0
    outer loop
      vertex -2.09615 22.5784 3.4
      vertex -2.1 22.5 2
      vertex -2.1 22.5 3.4
    endloop
  endfacet
  facet normal 0.242967 0.970035 -0
    outer loop
      vertex -1.45607 -0.284628 -3
      vertex -1.53223 -0.265552 1.99
      vertex -1.45607 -0.284628 1.99
    endloop
  endfacet
  facet normal 0.242967 0.970035 0
    outer loop
      vertex -1.53223 -0.265552 1.99
      vertex -1.45607 -0.284628 -3
      vertex -1.53223 -0.265552 -3
    endloop
  endfacet
  facet normal -0.242967 -0.970035 0
    outer loop
      vertex -1.53223 -0.265552 2
      vertex -1.45607 -0.284628 3.4
      vertex -1.53223 -0.265552 3.4
    endloop
  endfacet
  facet normal -0.242967 -0.970035 -0
    outer loop
      vertex -1.45607 -0.284628 3.4
      vertex -1.53223 -0.265552 2
      vertex -1.45607 -0.284628 2
    endloop
  endfacet
  facet normal -0.0490735 0.998795 0
    outer loop
      vertex 38.3784 -0.296147 -3
      vertex 38.3 -0.299999 1.99
      vertex 38.3784 -0.296147 1.99
    endloop
  endfacet
  facet normal -0.0490735 0.998795 0
    outer loop
      vertex 38.3 -0.299999 1.99
      vertex 38.3784 -0.296147 -3
      vertex 38.3 -0.299999 -3
    endloop
  endfacet
  facet normal 0.0490735 -0.998795 0
    outer loop
      vertex 38.3 -0.299999 2
      vertex 38.3784 -0.296147 3.4
      vertex 38.3 -0.299999 3.4
    endloop
  endfacet
  facet normal 0.0490735 -0.998795 0
    outer loop
      vertex 38.3784 -0.296147 3.4
      vertex 38.3 -0.299999 2
      vertex 38.3784 -0.296147 2
    endloop
  endfacet
  facet normal -0.970496 -0.241117 0
    outer loop
      vertex 39.0736 22.7 -3
      vertex 39.0656 22.7322 1.99
      vertex 39.0656 22.7322 -3
    endloop
  endfacet
  facet normal -0.970496 -0.241117 0
    outer loop
      vertex 39.0656 22.7322 1.99
      vertex 39.0736 22.7 -3
      vertex 39.0736 22.7 1.99
    endloop
  endfacet
  facet normal 0.970496 0.241117 0
    outer loop
      vertex 39.0736 22.7 3.4
      vertex 39.0656 22.7322 2
      vertex 39.0656 22.7322 3.4
    endloop
  endfacet
  facet normal 0.970496 0.241117 0
    outer loop
      vertex 39.0656 22.7322 2
      vertex 39.0736 22.7 3.4
      vertex 39.0736 22.7 2
    endloop
  endfacet
  facet normal 0 0 1
    outer loop
      vertex 39.0391 22.8061 -3
      vertex 39.0736 22.7 -3
      vertex 39.0656 22.7322 -3
    endloop
  endfacet
  facet normal 0 0 1
    outer loop
      vertex 39.0055 22.8771 -3
      vertex 39.0736 22.7 -3
      vertex 39.0391 22.8061 -3
    endloop
  endfacet
  facet normal 0 0 1
    outer loop
      vertex 38.9652 22.9445 -3
      vertex 39.0736 22.7 -3
      vertex 39.0055 22.8771 -3
    endloop
  endfacet
  facet normal 0 0 1
    outer loop
      vertex 38.9184 23.0075 -3
      vertex 39.0736 22.7 -3
      vertex 38.9652 22.9445 -3
    endloop
  endfacet
  facet normal 0 0 1
    outer loop
      vertex 38.8657 23.0657 -3
      vertex 39.0736 22.7 -3
      vertex 38.9184 23.0075 -3
    endloop
  endfacet
  facet normal 0 0 1
    outer loop
      vertex 38.8075 23.1184 -3
      vertex 39.0736 22.7 -3
      vertex 38.8657 23.0657 -3
    endloop
  endfacet
  facet normal 0 0 1
    outer loop
      vertex 38.7445 23.1652 -3
      vertex 39.0736 22.7 -3
      vertex 38.8075 23.1184 -3
    endloop
  endfacet
  facet normal 0 0 1
    outer loop
      vertex 38.6771 23.2055 -3
      vertex 39.0736 22.7 -3
      vertex 38.7445 23.1652 -3
    endloop
  endfacet
  facet normal 0 0 1
    outer loop
      vertex 38.6061 23.2391 -3
      vertex 39.0736 22.7 -3
      vertex 38.6771 23.2055 -3
    endloop
  endfacet
  facet normal 0 0 1
    outer loop
      vertex 38.5322 23.2656 -3
      vertex 39.0736 22.7 -3
      vertex 38.6061 23.2391 -3
    endloop
  endfacet
  facet normal 0 0 1
    outer loop
      vertex 38.4561 23.2846 -3
      vertex 39.0736 22.7 -3
      vertex 38.5322 23.2656 -3
    endloop
  endfacet
  facet normal 0 0 1
    outer loop
      vertex 38.3784 23.2961 -3
      vertex 39.0736 22.7 -3
      vertex 38.4561 23.2846 -3
    endloop
  endfacet
  facet normal 0 0 1
    outer loop
      vertex 38.3 23.3 -3
      vertex 39.0736 22.7 -3
      vertex 38.3784 23.2961 -3
    endloop
  endfacet
  facet normal 0 0 1
    outer loop
      vertex 38.3 23.3 -3
      vertex 36.9 22.7 -3
      vertex 39.0736 22.7 -3
    endloop
  endfacet
  facet normal -0 0 1
    outer loop
      vertex 26.3325 13.086 -3
      vertex 36.9 12.3 -3
      vertex 36.9 22.7 -3
    endloop
  endfacet
  facet normal -0 -0 1
    outer loop
      vertex 26.6048 12.6785 -3
      vertex 36.9 12.3 -3
      vertex 26.4787 12.8889 -3
    endloop
  endfacet
  facet normal -0 0 1
    outer loop
      vertex 26.888 11.255 -3
      vertex 36.9 10.7 -3
      vertex 26.9 11.5 -3
    endloop
  endfacet
  facet normal 0 0 1
    outer loop
      vertex 36.9 12.3 -3
      vertex 26.9 11.5 -3
      vertex 36.9 10.7 -3
    endloop
  endfacet
  facet normal 0 -0 1
    outer loop
      vertex 26.9 11.5 -3
      vertex 36.9 12.3 -3
      vertex 26.888 11.745 -3
    endloop
  endfacet
  facet normal 0 -0 1
    outer loop
      vertex 26.888 11.745 -3
      vertex 36.9 12.3 -3
      vertex 26.852 11.9877 -3
    endloop
  endfacet
  facet normal 0 -0 1
    outer loop
      vertex 26.852 11.9877 -3
      vertex 36.9 12.3 -3
      vertex 26.7924 12.2257 -3
    endloop
  endfacet
  facet normal 0 -0 1
    outer loop
      vertex 26.7924 12.2257 -3
      vertex 36.9 12.3 -3
      vertex 26.7097 12.4567 -3
    endloop
  endfacet
  facet normal -0 -0 1
    outer loop
      vertex 26.7097 12.4567 -3
      vertex 36.9 12.3 -3
      vertex 26.6048 12.6785 -3
    endloop
  endfacet
  facet normal 0 0 1
    outer loop
      vertex 36.9 12.3 -3
      vertex 26.3325 13.086 -3
      vertex 26.4787 12.8889 -3
    endloop
  endfacet
  facet normal 0 0 1
    outer loop
      vertex 36.9 22.7 -3
      vertex 26.1678 13.2678 -3
      vertex 26.3325 13.086 -3
    endloop
  endfacet
  facet normal 0 0 1
    outer loop
      vertex 36.9 22.7 -3
      vertex 25.986 13.4325 -3
      vertex 26.1678 13.2678 -3
    endloop
  endfacet
  facet normal 0 0 1
    outer loop
      vertex 36.9 22.7 -3
      vertex 25.7889 13.5787 -3
      vertex 25.986 13.4325 -3
    endloop
  endfacet
  facet normal 0 0 1
    outer loop
      vertex 36.9 22.7 -3
      vertex 25.5785 13.7048 -3
      vertex 25.7889 13.5787 -3
    endloop
  endfacet
  facet normal 0 0 1
    outer loop
      vertex 36.9 22.7 -3
      vertex 25.3567 13.8097 -3
      vertex 25.5785 13.7048 -3
    endloop
  endfacet
  facet normal 0 0 1
    outer loop
      vertex 36.9 22.7 -3
      vertex 25.1257 13.8924 -3
      vertex 25.3567 13.8097 -3
    endloop
  endfacet
  facet normal 0 0 1
    outer loop
      vertex 36.9 22.7 -3
      vertex 24.8877 13.952 -3
      vertex 25.1257 13.8924 -3
    endloop
  endfacet
  facet normal 0 0 1
    outer loop
      vertex 36.9 22.7 -3
      vertex 24.645 13.988 -3
      vertex 24.8877 13.952 -3
    endloop
  endfacet
  facet normal 0 0 1
    outer loop
      vertex 36.9 22.7 -3
      vertex 24.4 14 -3
      vertex 24.645 13.988 -3
    endloop
  endfacet
  facet normal 0 0 1
    outer loop
      vertex 36.9 22.7 -3
      vertex 24.155 13.988 -3
      vertex 24.4 14 -3
    endloop
  endfacet
  facet normal 0 0 1
    outer loop
      vertex 36.9 22.7 -3
      vertex 23.9123 13.952 -3
      vertex 24.155 13.988 -3
    endloop
  endfacet
  facet normal 0 0 1
    outer loop
      vertex 14.8877 13.952 -3
      vertex 23.9123 13.952 -3
      vertex 36.9 22.7 -3
    endloop
  endfacet
  facet normal 0 0 1
    outer loop
      vertex 23.9123 13.952 -3
      vertex 14.8877 13.952 -3
      vertex 23.6743 13.8924 -3
    endloop
  endfacet
  facet normal 0 -0 1
    outer loop
      vertex 15.1257 13.8924 -3
      vertex 23.6743 13.8924 -3
      vertex 14.8877 13.952 -3
    endloop
  endfacet
  facet normal 0 0 1
    outer loop
      vertex 23.6743 13.8924 -3
      vertex 15.1257 13.8924 -3
      vertex 23.4433 13.8097 -3
    endloop
  endfacet
  facet normal 0 0 1
    outer loop
      vertex 21.912 11.745 -3
      vertex 16.9 11.5 -3
      vertex 21.9 11.5 -3
    endloop
  endfacet
  facet normal 0 0 1
    outer loop
      vertex 16.888 11.745 -3
      vertex 21.912 11.745 -3
      vertex 21.948 11.9877 -3
    endloop
  endfacet
  facet normal 0 0 1
    outer loop
      vertex 16.852 11.9877 -3
      vertex 21.948 11.9877 -3
      vertex 22.0076 12.2257 -3
    endloop
  endfacet
  facet normal 0 0 1
    outer loop
      vertex 16.7924 12.2257 -3
      vertex 22.0076 12.2257 -3
      vertex 22.0903 12.4567 -3
    endloop
  endfacet
  facet normal 0 0 1
    outer loop
      vertex 16.7097 12.4567 -3
      vertex 22.0903 12.4567 -3
      vertex 22.1952 12.6785 -3
    endloop
  endfacet
  facet normal 0 0 1
    outer loop
      vertex 16.6048 12.6785 -3
      vertex 22.1952 12.6785 -3
      vertex 22.3213 12.8889 -3
    endloop
  endfacet
  facet normal 0 0 1
    outer loop
      vertex 16.4787 12.8889 -3
      vertex 22.3213 12.8889 -3
      vertex 22.4675 13.086 -3
    endloop
  endfacet
  facet normal 0 0 1
    outer loop
      vertex 16.3325 13.086 -3
      vertex 22.4675 13.086 -3
      vertex 22.6322 13.2678 -3
    endloop
  endfacet
  facet normal 0 0 1
    outer loop
      vertex 16.1678 13.2678 -3
      vertex 22.6322 13.2678 -3
      vertex 22.814 13.4325 -3
    endloop
  endfacet
  facet normal 0 0 1
    outer loop
      vertex 15.986 13.4325 -3
      vertex 22.814 13.4325 -3
      vertex 23.0111 13.5787 -3
    endloop
  endfacet
  facet normal 0 0 1
    outer loop
      vertex 23.4433 13.8097 -3
      vertex 15.3567 13.8097 -3
      vertex 23.2215 13.7048 -3
    endloop
  endfacet
  facet normal 0 0 1
    outer loop
      vertex 21.912 11.745 -3
      vertex 16.888 11.745 -3
      vertex 16.9 11.5 -3
    endloop
  endfacet
  facet normal 0 0 1
    outer loop
      vertex 21.948 11.9877 -3
      vertex 16.852 11.9877 -3
      vertex 16.888 11.745 -3
    endloop
  endfacet
  facet normal 0 0 1
    outer loop
      vertex 22.0076 12.2257 -3
      vertex 16.7924 12.2257 -3
      vertex 16.852 11.9877 -3
    endloop
  endfacet
  facet normal 0 0 1
    outer loop
      vertex 22.0903 12.4567 -3
      vertex 16.7097 12.4567 -3
      vertex 16.7924 12.2257 -3
    endloop
  endfacet
  facet normal 0 0 1
    outer loop
      vertex 22.1952 12.6785 -3
      vertex 16.6048 12.6785 -3
      vertex 16.7097 12.4567 -3
    endloop
  endfacet
  facet normal 0 0 1
    outer loop
      vertex 22.3213 12.8889 -3
      vertex 16.4787 12.8889 -3
      vertex 16.6048 12.6785 -3
    endloop
  endfacet
  facet normal 0 0 1
    outer loop
      vertex 22.4675 13.086 -3
      vertex 16.3325 13.086 -3
      vertex 16.4787 12.8889 -3
    endloop
  endfacet
  facet normal 0 0 1
    outer loop
      vertex 22.6322 13.2678 -3
      vertex 16.1678 13.2678 -3
      vertex 16.3325 13.086 -3
    endloop
  endfacet
  facet normal 0 0 1
    outer loop
      vertex 22.814 13.4325 -3
      vertex 15.986 13.4325 -3
      vertex 16.1678 13.2678 -3
    endloop
  endfacet
  facet normal 0 0 1
    outer loop
      vertex 23.0111 13.5787 -3
      vertex 15.7889 13.5787 -3
      vertex 15.986 13.4325 -3
    endloop
  endfacet
  facet normal 0 0 1
    outer loop
      vertex 23.0111 13.5787 -3
      vertex 15.5785 13.7048 -3
      vertex 15.7889 13.5787 -3
    endloop
  endfacet
  facet normal -0 0 1
    outer loop
      vertex -1.3 23.3 -3
      vertex 36.9 22.7 -3
      vertex 38.3 23.3 -3
    endloop
  endfacet
  facet normal 0 0 1
    outer loop
      vertex 23.2215 13.7048 -3
      vertex 15.5785 13.7048 -3
      vertex 23.0111 13.5787 -3
    endloop
  endfacet
  facet normal 0 -0 1
    outer loop
      vertex 15.5785 13.7048 -3
      vertex 23.2215 13.7048 -3
      vertex 15.3567 13.8097 -3
    endloop
  endfacet
  facet normal 0 -0 1
    outer loop
      vertex 15.3567 13.8097 -3
      vertex 23.4433 13.8097 -3
      vertex 15.1257 13.8924 -3
    endloop
  endfacet
  facet normal 0 0 1
    outer loop
      vertex 36.9 22.7 -3
      vertex 14.645 13.988 -3
      vertex 14.8877 13.952 -3
    endloop
  endfacet
  facet normal 0 0 1
    outer loop
      vertex 36.9 22.7 -3
      vertex -1.3 23.3 -3
      vertex 14.645 13.988 -3
    endloop
  endfacet
  facet normal 0 0 1
    outer loop
      vertex 14.645 13.988 -3
      vertex -1.3 23.3 -3
      vertex 14.4 14 -3
    endloop
  endfacet
  facet normal 0 0 1
    outer loop
      vertex 14.4 14 -3
      vertex -1.3 23.3 -3
      vertex 14.155 13.988 -3
    endloop
  endfacet
  facet normal 0 0 1
    outer loop
      vertex 14.155 13.988 -3
      vertex -1.3 23.3 -3
      vertex 13.9123 13.952 -3
    endloop
  endfacet
  facet normal 0 0 1
    outer loop
      vertex 13.9123 13.952 -3
      vertex -1.3 23.3 -3
      vertex 13.6743 13.8924 -3
    endloop
  endfacet
  facet normal 0 0 1
    outer loop
      vertex 11.912 11.745 -3
      vertex 0.0999994 16.7 -3
      vertex 11.9 11.5 -3
    endloop
  endfacet
  facet normal 0 0 1
    outer loop
      vertex 11.948 11.9877 -3
      vertex 0.0999994 16.7 -3
      vertex 11.912 11.745 -3
    endloop
  endfacet
  facet normal 0 0 1
    outer loop
      vertex 12.0076 12.2257 -3
      vertex 0.0999994 16.7 -3
      vertex 11.948 11.9877 -3
    endloop
  endfacet
  facet normal 0 0 1
    outer loop
      vertex 12.0903 12.4567 -3
      vertex 0.0999994 16.7 -3
      vertex 12.0076 12.2257 -3
    endloop
  endfacet
  facet normal 0 0 1
    outer loop
      vertex 12.1952 12.6785 -3
      vertex 0.0999994 16.7 -3
      vertex 12.0903 12.4567 -3
    endloop
  endfacet
  facet normal 0 0 1
    outer loop
      vertex 12.3213 12.8889 -3
      vertex 0.0999994 16.7 -3
      vertex 12.1952 12.6785 -3
    endloop
  endfacet
  facet normal 0 0 1
    outer loop
      vertex 12.4675 13.086 -3
      vertex 0.0999994 16.7 -3
      vertex 12.3213 12.8889 -3
    endloop
  endfacet
  facet normal 0 0 1
    outer loop
      vertex 12.6322 13.2678 -3
      vertex 0.0999994 16.7 -3
      vertex 12.4675 13.086 -3
    endloop
  endfacet
  facet normal 0 0 1
    outer loop
      vertex 12.814 13.4325 -3
      vertex 0.0999994 16.7 -3
      vertex 12.6322 13.2678 -3
    endloop
  endfacet
  facet normal 0 0 1
    outer loop
      vertex 13.0111 13.5787 -3
      vertex 0.0999994 16.7 -3
      vertex 12.814 13.4325 -3
    endloop
  endfacet
  facet normal 0 0 1
    outer loop
      vertex 13.2215 13.7048 -3
      vertex 0.0999994 16.7 -3
      vertex 13.0111 13.5787 -3
    endloop
  endfacet
  facet normal 0 0 1
    outer loop
      vertex -1.3 23.3 -3
      vertex 13.2215 13.7048 -3
      vertex 13.4433 13.8097 -3
    endloop
  endfacet
  facet normal 0 0 1
    outer loop
      vertex 13.6743 13.8924 -3
      vertex -1.3 23.3 -3
      vertex 13.4433 13.8097 -3
    endloop
  endfacet
  facet normal 0 0 1
    outer loop
      vertex 13.2215 13.7048 -3
      vertex -1.3 23.3 -3
      vertex 0.0999994 16.7 -3
    endloop
  endfacet
  facet normal 0 0 1
    outer loop
      vertex -2.1 22.5 -3
      vertex -1.3 23.3 -3
      vertex -1.37841 23.2961 -3
    endloop
  endfacet
  facet normal 0 0 1
    outer loop
      vertex -2.1 22.5 -3
      vertex -1.37841 23.2961 -3
      vertex -1.45607 23.2846 -3
    endloop
  endfacet
  facet normal 0 0 1
    outer loop
      vertex -2.1 22.5 -3
      vertex -1.45607 23.2846 -3
      vertex -1.53223 23.2656 -3
    endloop
  endfacet
  facet normal 0 0 1
    outer loop
      vertex -2.1 22.5 -3
      vertex -1.53223 23.2656 -3
      vertex -1.60615 23.2391 -3
    endloop
  endfacet
  facet normal 0 0 1
    outer loop
      vertex -2.1 22.5 -3
      vertex -1.60615 23.2391 -3
      vertex -1.67712 23.2055 -3
    endloop
  endfacet
  facet normal 0 0 1
    outer loop
      vertex -2.1 22.5 -3
      vertex -1.67712 23.2055 -3
      vertex -1.74446 23.1652 -3
    endloop
  endfacet
  facet normal 0 0 1
    outer loop
      vertex -2.1 22.5 -3
      vertex -1.74446 23.1652 -3
      vertex -1.80751 23.1184 -3
    endloop
  endfacet
  facet normal 0 0 1
    outer loop
      vertex -2.1 22.5 -3
      vertex -1.80751 23.1184 -3
      vertex -1.86568 23.0657 -3
    endloop
  endfacet
  facet normal 0 0 1
    outer loop
      vertex -2.1 22.5 -3
      vertex -1.86568 23.0657 -3
      vertex -1.91841 23.0075 -3
    endloop
  endfacet
  facet normal 0 0 1
    outer loop
      vertex -2.1 22.5 -3
      vertex -1.91841 23.0075 -3
      vertex -1.96518 22.9445 -3
    endloop
  endfacet
  facet normal 0 0 1
    outer loop
      vertex -2.1 22.5 -3
      vertex -1.96518 22.9445 -3
      vertex -2.00554 22.8771 -3
    endloop
  endfacet
  facet normal 0 0 1
    outer loop
      vertex -2.1 22.5 -3
      vertex -2.00554 22.8771 -3
      vertex -2.0391 22.8061 -3
    endloop
  endfacet
  facet normal 0 0 1
    outer loop
      vertex -2.1 22.5 -3
      vertex -2.0391 22.8061 -3
      vertex -2.06555 22.7322 -3
    endloop
  endfacet
  facet normal 0 0 1
    outer loop
      vertex -2.1 22.5 -3
      vertex -2.06555 22.7322 -3
      vertex -2.08463 22.6561 -3
    endloop
  endfacet
  facet normal 0 0 1
    outer loop
      vertex -2.1 22.5 -3
      vertex -2.08463 22.6561 -3
      vertex -2.09615 22.5784 -3
    endloop
  endfacet
  facet normal 0 0 1
    outer loop
      vertex -1.3 23.3 -3
      vertex -2.1 22.5 -3
      vertex 0.0999994 16.7 -3
    endloop
  endfacet
  facet normal 0 0 1
    outer loop
      vertex 0.0999994 16.7 -3
      vertex -2.1 22.5 -3
      vertex -2.1 16.7 -3
    endloop
  endfacet
  facet normal -0 0 1
    outer loop
      vertex 36.9 12.3 -3
      vertex 39.1 10.7 -3
      vertex 39.1 12.3 -3
    endloop
  endfacet
  facet normal 0 0 1
    outer loop
      vertex 39.1 10.7 -3
      vertex 36.9 12.3 -3
      vertex 36.9 10.7 -3
    endloop
  endfacet
  facet normal 0 0 1
    outer loop
      vertex 39.0736 0.299999 -3
      vertex 39.0391 0.193852 -3
      vertex 39.0656 0.267772 -3
    endloop
  endfacet
  facet normal 0 0 1
    outer loop
      vertex 39.0736 0.299999 -3
      vertex 39.0055 0.122882 -3
      vertex 39.0391 0.193852 -3
    endloop
  endfacet
  facet normal 0 0 1
    outer loop
      vertex 39.0736 0.299999 -3
      vertex 38.9652 0.0555429 -3
      vertex 39.0055 0.122882 -3
    endloop
  endfacet
  facet normal 0 0 1
    outer loop
      vertex 39.0736 0.299999 -3
      vertex 38.9184 -0.007514 -3
      vertex 38.9652 0.0555429 -3
    endloop
  endfacet
  facet normal 0 0 1
    outer loop
      vertex 39.0736 0.299999 -3
      vertex 38.8657 -0.0656853 -3
      vertex 38.9184 -0.007514 -3
    endloop
  endfacet
  facet normal 0 0 1
    outer loop
      vertex 39.0736 0.299999 -3
      vertex 38.8075 -0.118408 -3
      vertex 38.8657 -0.0656853 -3
    endloop
  endfacet
  facet normal 0 0 1
    outer loop
      vertex 39.0736 0.299999 -3
      vertex 38.7445 -0.165175 -3
      vertex 38.8075 -0.118408 -3
    endloop
  endfacet
  facet normal 0 0 1
    outer loop
      vertex 39.0736 0.299999 -3
      vertex 38.6771 -0.205537 -3
      vertex 38.7445 -0.165175 -3
    endloop
  endfacet
  facet normal 0 0 1
    outer loop
      vertex 39.0736 0.299999 -3
      vertex 38.6061 -0.239103 -3
      vertex 38.6771 -0.205537 -3
    endloop
  endfacet
  facet normal 0 0 1
    outer loop
      vertex 39.0736 0.299999 -3
      vertex 38.5322 -0.265552 -3
      vertex 38.6061 -0.239103 -3
    endloop
  endfacet
  facet normal 0 0 1
    outer loop
      vertex 39.0736 0.299999 -3
      vertex 38.4561 -0.284628 -3
      vertex 38.5322 -0.265552 -3
    endloop
  endfacet
  facet normal 0 0 1
    outer loop
      vertex 39.0736 0.299999 -3
      vertex 38.3784 -0.296147 -3
      vertex 38.4561 -0.284628 -3
    endloop
  endfacet
  facet normal 0 0 1
    outer loop
      vertex 39.0736 0.299999 -3
      vertex 38.3 -0.299999 -3
      vertex 38.3784 -0.296147 -3
    endloop
  endfacet
  facet normal -0 0 1
    outer loop
      vertex 36.9 0.299999 -3
      vertex 38.3 -0.299999 -3
      vertex 39.0736 0.299999 -3
    endloop
  endfacet
  facet normal -0 0 1
    outer loop
      vertex 26.852 11.0123 -3
      vertex 36.9 10.7 -3
      vertex 26.888 11.255 -3
    endloop
  endfacet
  facet normal -0 0 1
    outer loop
      vertex 26.7924 10.7743 -3
      vertex 36.9 10.7 -3
      vertex 26.852 11.0123 -3
    endloop
  endfacet
  facet normal 0 0 1
    outer loop
      vertex 26.7097 10.5433 -3
      vertex 36.9 10.7 -3
      vertex 26.7924 10.7743 -3
    endloop
  endfacet
  facet normal 0 0 1
    outer loop
      vertex 26.6048 10.3215 -3
      vertex 36.9 10.7 -3
      vertex 26.7097 10.5433 -3
    endloop
  endfacet
  facet normal 0 0 1
    outer loop
      vertex 26.4787 10.1111 -3
      vertex 36.9 10.7 -3
      vertex 26.6048 10.3215 -3
    endloop
  endfacet
  facet normal 0 0 1
    outer loop
      vertex 26.3325 9.91402 -3
      vertex 36.9 10.7 -3
      vertex 26.4787 10.1111 -3
    endloop
  endfacet
  facet normal 0 0 1
    outer loop
      vertex 36.9 10.7 -3
      vertex 26.3325 9.91402 -3
      vertex 36.9 0.299999 -3
    endloop
  endfacet
  facet normal -0 0 1
    outer loop
      vertex 26.1678 9.73223 -3
      vertex 36.9 0.299999 -3
      vertex 26.3325 9.91402 -3
    endloop
  endfacet
  facet normal -0 0 1
    outer loop
      vertex 25.986 9.56747 -3
      vertex 36.9 0.299999 -3
      vertex 26.1678 9.73223 -3
    endloop
  endfacet
  facet normal -0 0 1
    outer loop
      vertex 25.7889 9.42133 -3
      vertex 36.9 0.299999 -3
      vertex 25.986 9.56747 -3
    endloop
  endfacet
  facet normal -0 0 1
    outer loop
      vertex 25.5785 9.2952 -3
      vertex 36.9 0.299999 -3
      vertex 25.7889 9.42133 -3
    endloop
  endfacet
  facet normal -0 0 1
    outer loop
      vertex 25.3567 9.1903 -3
      vertex 36.9 0.299999 -3
      vertex 25.5785 9.2952 -3
    endloop
  endfacet
  facet normal -0 0 1
    outer loop
      vertex 25.1257 9.10765 -3
      vertex 36.9 0.299999 -3
      vertex 25.3567 9.1903 -3
    endloop
  endfacet
  facet normal -0 0 1
    outer loop
      vertex 24.8877 9.04804 -3
      vertex 36.9 0.299999 -3
      vertex 25.1257 9.10765 -3
    endloop
  endfacet
  facet normal -0 0 1
    outer loop
      vertex 24.645 9.01204 -3
      vertex 36.9 0.299999 -3
      vertex 24.8877 9.04804 -3
    endloop
  endfacet
  facet normal -0 0 1
    outer loop
      vertex 24.4 9 -3
      vertex 36.9 0.299999 -3
      vertex 24.645 9.01204 -3
    endloop
  endfacet
  facet normal 0 0 1
    outer loop
      vertex 24.155 9.01204 -3
      vertex 36.9 0.299999 -3
      vertex 24.4 9 -3
    endloop
  endfacet
  facet normal 0 0 1
    outer loop
      vertex 23.9123 9.04804 -3
      vertex 36.9 0.299999 -3
      vertex 24.155 9.01204 -3
    endloop
  endfacet
  facet normal 0 0 1
    outer loop
      vertex 14.8877 9.04804 -3
      vertex 23.9123 9.04804 -3
      vertex 23.6743 9.10765 -3
    endloop
  endfacet
  facet normal 0 0 1
    outer loop
      vertex 15.1257 9.10765 -3
      vertex 23.6743 9.10765 -3
      vertex 23.4433 9.1903 -3
    endloop
  endfacet
  facet normal 0 0 1
    outer loop
      vertex 15.3567 9.1903 -3
      vertex 23.4433 9.1903 -3
      vertex 23.2215 9.2952 -3
    endloop
  endfacet
  facet normal 0 0 1
    outer loop
      vertex 15.5785 9.2952 -3
      vertex 23.2215 9.2952 -3
      vertex 23.0111 9.42133 -3
    endloop
  endfacet
  facet normal -0 0 1
    outer loop
      vertex 16.9 11.5 -3
      vertex 21.912 11.255 -3
      vertex 21.9 11.5 -3
    endloop
  endfacet
  facet normal 0 0 1
    outer loop
      vertex 16.888 11.255 -3
      vertex 21.912 11.255 -3
      vertex 16.9 11.5 -3
    endloop
  endfacet
  facet normal 0 0 1
    outer loop
      vertex 21.912 11.255 -3
      vertex 16.888 11.255 -3
      vertex 21.948 11.0123 -3
    endloop
  endfacet
  facet normal 0 0 1
    outer loop
      vertex 16.852 11.0123 -3
      vertex 21.948 11.0123 -3
      vertex 16.888 11.255 -3
    endloop
  endfacet
  facet normal 0 0 1
    outer loop
      vertex 21.948 11.0123 -3
      vertex 16.852 11.0123 -3
      vertex 22.0076 10.7743 -3
    endloop
  endfacet
  facet normal 0 0 1
    outer loop
      vertex 16.7924 10.7743 -3
      vertex 22.0076 10.7743 -3
      vertex 16.852 11.0123 -3
    endloop
  endfacet
  facet normal 0 0 1
    outer loop
      vertex 22.0076 10.7743 -3
      vertex 16.7924 10.7743 -3
      vertex 22.0903 10.5433 -3
    endloop
  endfacet
  facet normal 0 0 1
    outer loop
      vertex 16.7097 10.5433 -3
      vertex 22.0903 10.5433 -3
      vertex 16.7924 10.7743 -3
    endloop
  endfacet
  facet normal 0 0 1
    outer loop
      vertex 22.0903 10.5433 -3
      vertex 16.7097 10.5433 -3
      vertex 22.1952 10.3215 -3
    endloop
  endfacet
  facet normal 0 0 1
    outer loop
      vertex 16.6048 10.3215 -3
      vertex 22.1952 10.3215 -3
      vertex 16.7097 10.5433 -3
    endloop
  endfacet
  facet normal 0 0 1
    outer loop
      vertex 22.1952 10.3215 -3
      vertex 16.6048 10.3215 -3
      vertex 22.3213 10.1111 -3
    endloop
  endfacet
  facet normal 0 0 1
    outer loop
      vertex 16.4787 10.1111 -3
      vertex 22.3213 10.1111 -3
      vertex 16.6048 10.3215 -3
    endloop
  endfacet
  facet normal 0 0 1
    outer loop
      vertex 22.3213 10.1111 -3
      vertex 16.4787 10.1111 -3
      vertex 22.4675 9.91402 -3
    endloop
  endfacet
  facet normal 0 0 1
    outer loop
      vertex 16.3325 9.91402 -3
      vertex 22.4675 9.91402 -3
      vertex 16.4787 10.1111 -3
    endloop
  endfacet
  facet normal 0 0 1
    outer loop
      vertex 22.4675 9.91402 -3
      vertex 16.3325 9.91402 -3
      vertex 22.6322 9.73223 -3
    endloop
  endfacet
  facet normal 0 0 1
    outer loop
      vertex 16.1678 9.73223 -3
      vertex 22.6322 9.73223 -3
      vertex 16.3325 9.91402 -3
    endloop
  endfacet
  facet normal 0 0 1
    outer loop
      vertex 22.6322 9.73223 -3
      vertex 16.1678 9.73223 -3
      vertex 22.814 9.56747 -3
    endloop
  endfacet
  facet normal 0 0 1
    outer loop
      vertex 15.986 9.56747 -3
      vertex 22.814 9.56747 -3
      vertex 16.1678 9.73223 -3
    endloop
  endfacet
  facet normal 0 0 1
    outer loop
      vertex 22.814 9.56747 -3
      vertex 15.986 9.56747 -3
      vertex 23.0111 9.42133 -3
    endloop
  endfacet
  facet normal 0 0 1
    outer loop
      vertex 15.7889 9.42133 -3
      vertex 23.0111 9.42133 -3
      vertex 15.986 9.56747 -3
    endloop
  endfacet
  facet normal 0 0 1
    outer loop
      vertex 15.5785 9.2952 -3
      vertex 23.0111 9.42133 -3
      vertex 15.7889 9.42133 -3
    endloop
  endfacet
  facet normal 0 0 1
    outer loop
      vertex 23.2215 9.2952 -3
      vertex 15.5785 9.2952 -3
      vertex 15.3567 9.1903 -3
    endloop
  endfacet
  facet normal 0 0 1
    outer loop
      vertex 23.4433 9.1903 -3
      vertex 15.3567 9.1903 -3
      vertex 15.1257 9.10765 -3
    endloop
  endfacet
  facet normal 0 0 1
    outer loop
      vertex 23.6743 9.10765 -3
      vertex 15.1257 9.10765 -3
      vertex 14.8877 9.04804 -3
    endloop
  endfacet
  facet normal 0 0 1
    outer loop
      vertex 23.9123 9.04804 -3
      vertex 14.8877 9.04804 -3
      vertex 36.9 0.299999 -3
    endloop
  endfacet
  facet normal -0 0 1
    outer loop
      vertex 14.645 9.01204 -3
      vertex 36.9 0.299999 -3
      vertex 14.8877 9.04804 -3
    endloop
  endfacet
  facet normal 0 0 1
    outer loop
      vertex -1.3 -0.299999 -3
      vertex 36.9 0.299999 -3
      vertex 14.645 9.01204 -3
    endloop
  endfacet
  facet normal 0 0 1
    outer loop
      vertex -1.3 -0.299999 -3
      vertex 14.645 9.01204 -3
      vertex 14.4 9 -3
    endloop
  endfacet
  facet normal 0 0 1
    outer loop
      vertex -1.3 -0.299999 -3
      vertex 14.4 9 -3
      vertex 14.155 9.01204 -3
    endloop
  endfacet
  facet normal 0 0 1
    outer loop
      vertex -1.3 -0.299999 -3
      vertex 14.155 9.01204 -3
      vertex 13.9123 9.04804 -3
    endloop
  endfacet
  facet normal 0 0 1
    outer loop
      vertex -1.3 -0.299999 -3
      vertex 13.9123 9.04804 -3
      vertex 13.6743 9.10765 -3
    endloop
  endfacet
  facet normal 0 0 1
    outer loop
      vertex -1.3 -0.299999 -3
      vertex 13.6743 9.10765 -3
      vertex 13.4433 9.1903 -3
    endloop
  endfacet
  facet normal 0 0 1
    outer loop
      vertex 0.0999994 6.3 -3
      vertex 11.9 11.5 -3
      vertex 0.0999994 16.7 -3
    endloop
  endfacet
  facet normal 0 0 1
    outer loop
      vertex 11.9 11.5 -3
      vertex 0.0999994 6.3 -3
      vertex 11.912 11.255 -3
    endloop
  endfacet
  facet normal 0 0 1
    outer loop
      vertex 11.912 11.255 -3
      vertex 0.0999994 6.3 -3
      vertex 11.948 11.0123 -3
    endloop
  endfacet
  facet normal 0 0 1
    outer loop
      vertex 11.948 11.0123 -3
      vertex 0.0999994 6.3 -3
      vertex 12.0076 10.7743 -3
    endloop
  endfacet
  facet normal 0 0 1
    outer loop
      vertex 12.0076 10.7743 -3
      vertex 0.0999994 6.3 -3
      vertex 12.0903 10.5433 -3
    endloop
  endfacet
  facet normal 0 0 1
    outer loop
      vertex 12.0903 10.5433 -3
      vertex 0.0999994 6.3 -3
      vertex 12.1952 10.3215 -3
    endloop
  endfacet
  facet normal 0 0 1
    outer loop
      vertex 12.1952 10.3215 -3
      vertex 0.0999994 6.3 -3
      vertex 12.3213 10.1111 -3
    endloop
  endfacet
  facet normal 0 0 1
    outer loop
      vertex 12.3213 10.1111 -3
      vertex 0.0999994 6.3 -3
      vertex 12.4675 9.91402 -3
    endloop
  endfacet
  facet normal 0 0 1
    outer loop
      vertex 12.4675 9.91402 -3
      vertex 0.0999994 6.3 -3
      vertex 12.6322 9.73223 -3
    endloop
  endfacet
  facet normal 0 0 1
    outer loop
      vertex 12.6322 9.73223 -3
      vertex 0.0999994 6.3 -3
      vertex 12.814 9.56747 -3
    endloop
  endfacet
  facet normal 0 0 1
    outer loop
      vertex 12.814 9.56747 -3
      vertex 0.0999994 6.3 -3
      vertex 13.0111 9.42133 -3
    endloop
  endfacet
  facet normal 0 0 1
    outer loop
      vertex 13.0111 9.42133 -3
      vertex 0.0999994 6.3 -3
      vertex 13.2215 9.2952 -3
    endloop
  endfacet
  facet normal 0 0 1
    outer loop
      vertex -1.3 -0.299999 -3
      vertex 13.2215 9.2952 -3
      vertex 0.0999994 6.3 -3
    endloop
  endfacet
  facet normal 0 0 1
    outer loop
      vertex 13.2215 9.2952 -3
      vertex -1.3 -0.299999 -3
      vertex 13.4433 9.1903 -3
    endloop
  endfacet
  facet normal 0 0 1
    outer loop
      vertex 36.9 0.299999 -3
      vertex -1.3 -0.299999 -3
      vertex 38.3 -0.299999 -3
    endloop
  endfacet
  facet normal -0 0 1
    outer loop
      vertex -2.1 0.5 -3
      vertex -1.3 -0.299999 -3
      vertex 0.0999994 6.3 -3
    endloop
  endfacet
  facet normal 0 0 1
    outer loop
      vertex -1.3 -0.299999 -3
      vertex -2.1 0.5 -3
      vertex -1.37841 -0.296147 -3
    endloop
  endfacet
  facet normal 0 0 1
    outer loop
      vertex -1.37841 -0.296147 -3
      vertex -2.1 0.5 -3
      vertex -1.45607 -0.284628 -3
    endloop
  endfacet
  facet normal 0 0 1
    outer loop
      vertex -1.45607 -0.284628 -3
      vertex -2.1 0.5 -3
      vertex -1.53223 -0.265552 -3
    endloop
  endfacet
  facet normal 0 0 1
    outer loop
      vertex -1.53223 -0.265552 -3
      vertex -2.1 0.5 -3
      vertex -1.60615 -0.239103 -3
    endloop
  endfacet
  facet normal 0 0 1
    outer loop
      vertex -1.60615 -0.239103 -3
      vertex -2.1 0.5 -3
      vertex -1.67712 -0.205537 -3
    endloop
  endfacet
  facet normal 0 0 1
    outer loop
      vertex -1.67712 -0.205537 -3
      vertex -2.1 0.5 -3
      vertex -1.74446 -0.165175 -3
    endloop
  endfacet
  facet normal 0 0 1
    outer loop
      vertex -1.74446 -0.165175 -3
      vertex -2.1 0.5 -3
      vertex -1.80751 -0.118408 -3
    endloop
  endfacet
  facet normal 0 0 1
    outer loop
      vertex -1.80751 -0.118408 -3
      vertex -2.1 0.5 -3
      vertex -1.86568 -0.0656853 -3
    endloop
  endfacet
  facet normal 0 0 1
    outer loop
      vertex -1.86568 -0.0656853 -3
      vertex -2.1 0.5 -3
      vertex -1.91841 -0.007514 -3
    endloop
  endfacet
  facet normal 0 0 1
    outer loop
      vertex -1.91841 -0.007514 -3
      vertex -2.1 0.5 -3
      vertex -1.96518 0.0555429 -3
    endloop
  endfacet
  facet normal 0 0 1
    outer loop
      vertex -1.96518 0.0555429 -3
      vertex -2.1 0.5 -3
      vertex -2.00554 0.122882 -3
    endloop
  endfacet
  facet normal 0 0 1
    outer loop
      vertex -2.00554 0.122882 -3
      vertex -2.1 0.5 -3
      vertex -2.0391 0.193852 -3
    endloop
  endfacet
  facet normal 0 0 1
    outer loop
      vertex -2.0391 0.193852 -3
      vertex -2.1 0.5 -3
      vertex -2.06555 0.267772 -3
    endloop
  endfacet
  facet normal 0 0 1
    outer loop
      vertex -2.06555 0.267772 -3
      vertex -2.1 0.5 -3
      vertex -2.08463 0.343927 -3
    endloop
  endfacet
  facet normal 0 0 1
    outer loop
      vertex -2.1 0.5 -3
      vertex 0.0999994 6.3 -3
      vertex -2.1 6.3 -3
    endloop
  endfacet
  facet normal 0 0 1
    outer loop
      vertex -2.08463 0.343927 -3
      vertex -2.1 0.5 -3
      vertex -2.09615 0.421586 -3
    endloop
  endfacet
  facet normal -0.336971 0.941515 0
    outer loop
      vertex 38.6061 -0.239103 -3
      vertex 38.5322 -0.265552 1.99
      vertex 38.6061 -0.239103 1.99
    endloop
  endfacet
  facet normal -0.336971 0.941515 0
    outer loop
      vertex 38.5322 -0.265552 1.99
      vertex 38.6061 -0.239103 -3
      vertex 38.5322 -0.265552 -3
    endloop
  endfacet
  facet normal 0.336971 -0.941515 0
    outer loop
      vertex 38.5322 -0.265552 2
      vertex 38.6061 -0.239103 3.4
      vertex 38.5322 -0.265552 3.4
    endloop
  endfacet
  facet normal 0.336971 -0.941515 0
    outer loop
      vertex 38.6061 -0.239103 3.4
      vertex 38.5322 -0.265552 2
      vertex 38.6061 -0.239103 2
    endloop
  endfacet
  facet normal 0.671404 -0.741092 0
    outer loop
      vertex -1.86568 23.0657 -3
      vertex -1.80751 23.1184 1.99
      vertex -1.86568 23.0657 1.99
    endloop
  endfacet
  facet normal 0.671404 -0.741092 0
    outer loop
      vertex -1.80751 23.1184 1.99
      vertex -1.86568 23.0657 -3
      vertex -1.80751 23.1184 -3
    endloop
  endfacet
  facet normal -0.671404 0.741092 0
    outer loop
      vertex -1.80751 23.1184 2
      vertex -1.86568 23.0657 3.4
      vertex -1.80751 23.1184 3.4
    endloop
  endfacet
  facet normal -0.671404 0.741092 0
    outer loop
      vertex -1.86568 23.0657 3.4
      vertex -1.80751 23.1184 2
      vertex -1.86568 23.0657 2
    endloop
  endfacet
  facet normal 0.242056 -0.970262 0
    outer loop
      vertex -1.53223 23.2656 -3
      vertex -1.45607 23.2846 1.99
      vertex -1.53223 23.2656 1.99
    endloop
  endfacet
  facet normal 0.242056 -0.970262 0
    outer loop
      vertex -1.45607 23.2846 1.99
      vertex -1.53223 23.2656 -3
      vertex -1.45607 23.2846 -3
    endloop
  endfacet
  facet normal -0.242056 0.970262 0
    outer loop
      vertex -1.45607 23.2846 2
      vertex -1.53223 23.2656 3.4
      vertex -1.45607 23.2846 3.4
    endloop
  endfacet
  facet normal -0.242056 0.970262 0
    outer loop
      vertex -1.53223 23.2656 3.4
      vertex -1.45607 23.2846 2
      vertex -1.53223 23.2656 2
    endloop
  endfacet
  facet normal 0.0496771 -0.998765 0
    outer loop
      vertex -1.37841 23.2961 -3
      vertex -1.3 23.3 1.99
      vertex -1.37841 23.2961 1.99
    endloop
  endfacet
  facet normal 0.0496771 -0.998765 0
    outer loop
      vertex -1.3 23.3 1.99
      vertex -1.37841 23.2961 -3
      vertex -1.3 23.3 -3
    endloop
  endfacet
  facet normal -0.0496771 0.998765 0
    outer loop
      vertex -1.3 23.3 2
      vertex -1.37841 23.2961 3.4
      vertex -1.3 23.3 3.4
    endloop
  endfacet
  facet normal -0.0496771 0.998765 0
    outer loop
      vertex -1.37841 23.2961 3.4
      vertex -1.3 23.3 2
      vertex -1.37841 23.2961 2
    endloop
  endfacet
  facet normal -0.671372 0.74112 0
    outer loop
      vertex 38.8657 -0.0656853 -3
      vertex 38.8075 -0.118408 1.99
      vertex 38.8657 -0.0656853 1.99
    endloop
  endfacet
  facet normal -0.671372 0.74112 0
    outer loop
      vertex 38.8075 -0.118408 1.99
      vertex 38.8657 -0.0656853 -3
      vertex 38.8075 -0.118408 -3
    endloop
  endfacet
  facet normal 0.671372 -0.74112 0
    outer loop
      vertex 38.8075 -0.118408 2
      vertex 38.8657 -0.0656853 3.4
      vertex 38.8075 -0.118408 3.4
    endloop
  endfacet
  facet normal 0.671372 -0.74112 0
    outer loop
      vertex 38.8657 -0.0656853 3.4
      vertex 38.8075 -0.118408 2
      vertex 38.8657 -0.0656853 2
    endloop
  endfacet
  facet normal -0.242236 -0.970217 0
    outer loop
      vertex 38.4561 23.2846 -3
      vertex 38.5322 23.2656 1.99
      vertex 38.4561 23.2846 1.99
    endloop
  endfacet
  facet normal -0.242236 -0.970217 -0
    outer loop
      vertex 38.5322 23.2656 1.99
      vertex 38.4561 23.2846 -3
      vertex 38.5322 23.2656 -3
    endloop
  endfacet
  facet normal 0.242236 0.970217 -0
    outer loop
      vertex 38.5322 23.2656 2
      vertex 38.4561 23.2846 3.4
      vertex 38.5322 23.2656 3.4
    endloop
  endfacet
  facet normal 0.242236 0.970217 0
    outer loop
      vertex 38.4561 23.2846 3.4
      vertex 38.5322 23.2656 2
      vertex 38.4561 23.2846 2
    endloop
  endfacet
  facet normal 0.989187 -0.146659 0
    outer loop
      vertex -2.09615 22.5784 1.99
      vertex -2.08463 22.6561 -3
      vertex -2.08463 22.6561 1.99
    endloop
  endfacet
  facet normal 0.989187 -0.146659 0
    outer loop
      vertex -2.08463 22.6561 -3
      vertex -2.09615 22.5784 1.99
      vertex -2.09615 22.5784 -3
    endloop
  endfacet
  facet normal -0.989187 0.146659 0
    outer loop
      vertex -2.09615 22.5784 2
      vertex -2.08463 22.6561 3.4
      vertex -2.08463 22.6561 2
    endloop
  endfacet
  facet normal -0.989187 0.146659 0
    outer loop
      vertex -2.08463 22.6561 3.4
      vertex -2.09615 22.5784 2
      vertex -2.09615 22.5784 3.4
    endloop
  endfacet
  facet normal 0.513521 -0.858077 0
    outer loop
      vertex -1.74446 23.1652 -3
      vertex -1.67712 23.2055 1.99
      vertex -1.74446 23.1652 1.99
    endloop
  endfacet
  facet normal 0.513521 -0.858077 0
    outer loop
      vertex -1.67712 23.2055 1.99
      vertex -1.74446 23.1652 -3
      vertex -1.67712 23.2055 -3
    endloop
  endfacet
  facet normal -0.513521 0.858077 0
    outer loop
      vertex -1.67712 23.2055 2
      vertex -1.74446 23.1652 3.4
      vertex -1.67712 23.2055 3.4
    endloop
  endfacet
  facet normal -0.513521 0.858077 0
    outer loop
      vertex -1.74446 23.1652 3.4
      vertex -1.67712 23.2055 2
      vertex -1.74446 23.1652 2
    endloop
  endfacet
  facet normal 0.941511 -0.336982 0
    outer loop
      vertex -2.06555 22.7322 1.99
      vertex -2.0391 22.8061 -3
      vertex -2.0391 22.8061 1.99
    endloop
  endfacet
  facet normal 0.941511 -0.336982 0
    outer loop
      vertex -2.0391 22.8061 -3
      vertex -2.06555 22.7322 1.99
      vertex -2.06555 22.7322 -3
    endloop
  endfacet
  facet normal -0.941511 0.336982 0
    outer loop
      vertex -2.06555 22.7322 2
      vertex -2.0391 22.8061 3.4
      vertex -2.0391 22.8061 2
    endloop
  endfacet
  facet normal -0.941511 0.336982 0
    outer loop
      vertex -2.0391 22.8061 3.4
      vertex -2.06555 22.7322 2
      vertex -2.06555 22.7322 3.4
    endloop
  endfacet
  facet normal 0.969977 -0.243195 0
    outer loop
      vertex -2.08463 22.6561 1.99
      vertex -2.06555 22.7322 -3
      vertex -2.06555 22.7322 1.99
    endloop
  endfacet
  facet normal 0.969977 -0.243195 0
    outer loop
      vertex -2.06555 22.7322 -3
      vertex -2.08463 22.6561 1.99
      vertex -2.08463 22.6561 -3
    endloop
  endfacet
  facet normal -0.969977 0.243195 0
    outer loop
      vertex -2.08463 22.6561 2
      vertex -2.06555 22.7322 3.4
      vertex -2.06555 22.7322 2
    endloop
  endfacet
  facet normal -0.969977 0.243195 0
    outer loop
      vertex -2.06555 22.7322 3.4
      vertex -2.08463 22.6561 2
      vertex -2.08463 22.6561 3.4
    endloop
  endfacet
  facet normal 0.857737 0.514089 0
    outer loop
      vertex -1.96518 0.0555429 1.99
      vertex -2.00554 0.122882 -3
      vertex -2.00554 0.122882 1.99
    endloop
  endfacet
  facet normal 0.857737 0.514089 0
    outer loop
      vertex -2.00554 0.122882 -3
      vertex -1.96518 0.0555429 1.99
      vertex -1.96518 0.0555429 -3
    endloop
  endfacet
  facet normal -0.857737 -0.514089 0
    outer loop
      vertex -1.96518 0.0555429 2
      vertex -2.00554 0.122882 3.4
      vertex -2.00554 0.122882 2
    endloop
  endfacet
  facet normal -0.857737 -0.514089 0
    outer loop
      vertex -2.00554 0.122882 3.4
      vertex -1.96518 0.0555429 2
      vertex -1.96518 0.0555429 3.4
    endloop
  endfacet
  facet normal -0.858278 -0.513184 0
    outer loop
      vertex 39.0055 22.8771 -3
      vertex 38.9652 22.9445 1.99
      vertex 38.9652 22.9445 -3
    endloop
  endfacet
  facet normal -0.858278 -0.513184 0
    outer loop
      vertex 38.9652 22.9445 1.99
      vertex 39.0055 22.8771 -3
      vertex 39.0055 22.8771 1.99
    endloop
  endfacet
  facet normal 0.858278 0.513184 0
    outer loop
      vertex 39.0055 22.8771 3.4
      vertex 38.9652 22.9445 2
      vertex 38.9652 22.9445 3.4
    endloop
  endfacet
  facet normal 0.858278 0.513184 0
    outer loop
      vertex 38.9652 22.9445 2
      vertex 39.0055 22.8771 3.4
      vertex 39.0055 22.8771 2
    endloop
  endfacet
  facet normal 0.514102 0.857729 -0
    outer loop
      vertex -1.67712 -0.205537 -3
      vertex -1.74446 -0.165175 1.99
      vertex -1.67712 -0.205537 1.99
    endloop
  endfacet
  facet normal 0.514102 0.857729 0
    outer loop
      vertex -1.74446 -0.165175 1.99
      vertex -1.67712 -0.205537 -3
      vertex -1.74446 -0.165175 -3
    endloop
  endfacet
  facet normal -0.514102 -0.857729 0
    outer loop
      vertex -1.74446 -0.165175 2
      vertex -1.67712 -0.205537 3.4
      vertex -1.74446 -0.165175 3.4
    endloop
  endfacet
  facet normal -0.514102 -0.857729 -0
    outer loop
      vertex -1.67712 -0.205537 3.4
      vertex -1.74446 -0.165175 2
      vertex -1.67712 -0.205537 2
    endloop
  endfacet
  facet normal -0.741264 -0.671213 0
    outer loop
      vertex 38.9184 23.0075 -3
      vertex 38.8657 23.0657 1.99
      vertex 38.8657 23.0657 -3
    endloop
  endfacet
  facet normal -0.741264 -0.671213 0
    outer loop
      vertex 38.8657 23.0657 1.99
      vertex 38.9184 23.0075 -3
      vertex 38.9184 23.0075 1.99
    endloop
  endfacet
  facet normal 0.741264 0.671213 0
    outer loop
      vertex 38.9184 23.0075 3.4
      vertex 38.8657 23.0657 2
      vertex 38.8657 23.0657 3.4
    endloop
  endfacet
  facet normal 0.741264 0.671213 0
    outer loop
      vertex 38.8657 23.0657 2
      vertex 38.9184 23.0075 3.4
      vertex 38.9184 23.0075 2
    endloop
  endfacet
  facet normal -0.903893 -0.427758 0
    outer loop
      vertex 39.0391 22.8061 -3
      vertex 39.0055 22.8771 1.99
      vertex 39.0055 22.8771 -3
    endloop
  endfacet
  facet normal -0.903893 -0.427758 0
    outer loop
      vertex 39.0055 22.8771 1.99
      vertex 39.0391 22.8061 -3
      vertex 39.0391 22.8061 1.99
    endloop
  endfacet
  facet normal 0.903893 0.427758 0
    outer loop
      vertex 39.0391 22.8061 3.4
      vertex 39.0055 22.8771 2
      vertex 39.0055 22.8771 3.4
    endloop
  endfacet
  facet normal 0.903893 0.427758 0
    outer loop
      vertex 39.0055 22.8771 2
      vertex 39.0391 22.8061 3.4
      vertex 39.0391 22.8061 2
    endloop
  endfacet
  facet normal 0.596019 -0.80297 0
    outer loop
      vertex -1.80751 23.1184 -3
      vertex -1.74446 23.1652 1.99
      vertex -1.80751 23.1184 1.99
    endloop
  endfacet
  facet normal 0.596019 -0.80297 0
    outer loop
      vertex -1.74446 23.1652 1.99
      vertex -1.80751 23.1184 -3
      vertex -1.74446 23.1652 -3
    endloop
  endfacet
  facet normal -0.596019 0.80297 0
    outer loop
      vertex -1.74446 23.1652 2
      vertex -1.80751 23.1184 3.4
      vertex -1.74446 23.1652 3.4
    endloop
  endfacet
  facet normal -0.596019 0.80297 0
    outer loop
      vertex -1.80751 23.1184 3.4
      vertex -1.74446 23.1652 2
      vertex -1.80751 23.1184 2
    endloop
  endfacet
  facet normal 0.857942 -0.513747 0
    outer loop
      vertex -2.00554 22.8771 1.99
      vertex -1.96518 22.9445 -3
      vertex -1.96518 22.9445 1.99
    endloop
  endfacet
  facet normal 0.857942 -0.513747 0
    outer loop
      vertex -1.96518 22.9445 -3
      vertex -2.00554 22.8771 1.99
      vertex -2.00554 22.8771 -3
    endloop
  endfacet
  facet normal -0.857942 0.513747 0
    outer loop
      vertex -2.00554 22.8771 2
      vertex -1.96518 22.9445 3.4
      vertex -1.96518 22.9445 2
    endloop
  endfacet
  facet normal -0.857942 0.513747 0
    outer loop
      vertex -1.96518 22.9445 3.4
      vertex -2.00554 22.8771 2
      vertex -2.00554 22.8771 3.4
    endloop
  endfacet
  facet normal 0.94154 0.336901 0
    outer loop
      vertex -2.0391 0.193852 1.99
      vertex -2.06555 0.267772 -3
      vertex -2.06555 0.267772 1.99
    endloop
  endfacet
  facet normal 0.94154 0.336901 0
    outer loop
      vertex -2.06555 0.267772 -3
      vertex -2.0391 0.193852 1.99
      vertex -2.0391 0.193852 -3
    endloop
  endfacet
  facet normal -0.94154 -0.336901 0
    outer loop
      vertex -2.0391 0.193852 2
      vertex -2.06555 0.267772 3.4
      vertex -2.06555 0.267772 2
    endloop
  endfacet
  facet normal -0.94154 -0.336901 0
    outer loop
      vertex -2.06555 0.267772 3.4
      vertex -2.0391 0.193852 2
      vertex -2.0391 0.193852 3.4
    endloop
  endfacet
  facet normal -0.427758 -0.903893 0
    outer loop
      vertex 38.6061 23.2391 -3
      vertex 38.6771 23.2055 1.99
      vertex 38.6061 23.2391 1.99
    endloop
  endfacet
  facet normal -0.427758 -0.903893 -0
    outer loop
      vertex 38.6771 23.2055 1.99
      vertex 38.6061 23.2391 -3
      vertex 38.6771 23.2055 -3
    endloop
  endfacet
  facet normal 0.427758 0.903893 -0
    outer loop
      vertex 38.6771 23.2055 2
      vertex 38.6061 23.2391 3.4
      vertex 38.6771 23.2055 3.4
    endloop
  endfacet
  facet normal 0.427758 0.903893 0
    outer loop
      vertex 38.6061 23.2391 3.4
      vertex 38.6771 23.2055 2
      vertex 38.6061 23.2391 2
    endloop
  endfacet
  facet normal 0.998797 0.0490393 0
    outer loop
      vertex -2.09615 0.421586 1.99
      vertex -2.1 0.5 -3
      vertex -2.1 0.5 1.99
    endloop
  endfacet
  facet normal 0.998797 0.0490393 0
    outer loop
      vertex -2.1 0.5 -3
      vertex -2.09615 0.421586 1.99
      vertex -2.09615 0.421586 -3
    endloop
  endfacet
  facet normal -0.998797 -0.0490393 0
    outer loop
      vertex -2.09615 0.421586 2
      vertex -2.1 0.5 3.4
      vertex -2.1 0.5 2
    endloop
  endfacet
  facet normal -0.998797 -0.0490393 0
    outer loop
      vertex -2.1 0.5 3.4
      vertex -2.09615 0.421586 2
      vertex -2.09615 0.421586 3.4
    endloop
  endfacet
  facet normal 0.803184 0.595731 0
    outer loop
      vertex -1.91841 -0.007514 1.99
      vertex -1.96518 0.0555429 -3
      vertex -1.96518 0.0555429 1.99
    endloop
  endfacet
  facet normal 0.803184 0.595731 0
    outer loop
      vertex -1.96518 0.0555429 -3
      vertex -1.91841 -0.007514 1.99
      vertex -1.91841 -0.007514 -3
    endloop
  endfacet
  facet normal -0.803184 -0.595731 0
    outer loop
      vertex -1.91841 -0.007514 2
      vertex -1.96518 0.0555429 3.4
      vertex -1.96518 0.0555429 2
    endloop
  endfacet
  facet normal -0.803184 -0.595731 0
    outer loop
      vertex -1.96518 0.0555429 3.4
      vertex -1.91841 -0.007514 2
      vertex -1.91841 -0.007514 3.4
    endloop
  endfacet
  facet normal -0.858074 0.513526 0
    outer loop
      vertex 38.9652 0.0555429 -3
      vertex 39.0055 0.122882 1.99
      vertex 39.0055 0.122882 -3
    endloop
  endfacet
  facet normal -0.858074 0.513526 0
    outer loop
      vertex 39.0055 0.122882 1.99
      vertex 38.9652 0.0555429 -3
      vertex 38.9652 0.0555429 1.99
    endloop
  endfacet
  facet normal 0.858074 -0.513526 0
    outer loop
      vertex 38.9652 0.0555429 3.4
      vertex 39.0055 0.122882 2
      vertex 39.0055 0.122882 3.4
    endloop
  endfacet
  facet normal 0.858074 -0.513526 0
    outer loop
      vertex 39.0055 0.122882 2
      vertex 38.9652 0.0555429 3.4
      vertex 38.9652 0.0555429 2
    endloop
  endfacet
  facet normal -0.513766 0.857931 0
    outer loop
      vertex 38.7445 -0.165175 -3
      vertex 38.6771 -0.205537 1.99
      vertex 38.7445 -0.165175 1.99
    endloop
  endfacet
  facet normal -0.513766 0.857931 0
    outer loop
      vertex 38.6771 -0.205537 1.99
      vertex 38.7445 -0.165175 -3
      vertex 38.6771 -0.205537 -3
    endloop
  endfacet
  facet normal 0.513766 -0.857931 0
    outer loop
      vertex 38.6771 -0.205537 2
      vertex 38.7445 -0.165175 3.4
      vertex 38.6771 -0.205537 3.4
    endloop
  endfacet
  facet normal 0.513766 -0.857931 0
    outer loop
      vertex 38.7445 -0.165175 3.4
      vertex 38.6771 -0.205537 2
      vertex 38.7445 -0.165175 2
    endloop
  endfacet
  facet normal -0.146647 0.989189 0
    outer loop
      vertex 38.4561 -0.284628 -3
      vertex 38.3784 -0.296147 1.99
      vertex 38.4561 -0.284628 1.99
    endloop
  endfacet
  facet normal -0.146647 0.989189 0
    outer loop
      vertex 38.3784 -0.296147 1.99
      vertex 38.4561 -0.284628 -3
      vertex 38.3784 -0.296147 -3
    endloop
  endfacet
  facet normal 0.146647 -0.989189 0
    outer loop
      vertex 38.3784 -0.296147 2
      vertex 38.4561 -0.284628 3.4
      vertex 38.3784 -0.296147 3.4
    endloop
  endfacet
  facet normal 0.146647 -0.989189 0
    outer loop
      vertex 38.4561 -0.284628 3.4
      vertex 38.3784 -0.296147 2
      vertex 38.4561 -0.284628 2
    endloop
  endfacet
  facet normal -0.596053 0.802945 0
    outer loop
      vertex 38.8075 -0.118408 -3
      vertex 38.7445 -0.165175 1.99
      vertex 38.8075 -0.118408 1.99
    endloop
  endfacet
  facet normal -0.596053 0.802945 0
    outer loop
      vertex 38.7445 -0.165175 1.99
      vertex 38.8075 -0.118408 -3
      vertex 38.7445 -0.165175 -3
    endloop
  endfacet
  facet normal 0.596053 -0.802945 0
    outer loop
      vertex 38.7445 -0.165175 2
      vertex 38.8075 -0.118408 3.4
      vertex 38.7445 -0.165175 3.4
    endloop
  endfacet
  facet normal 0.596053 -0.802945 0
    outer loop
      vertex 38.8075 -0.118408 3.4
      vertex 38.7445 -0.165175 2
      vertex 38.8075 -0.118408 2
    endloop
  endfacet
  facet normal 0.595748 0.803171 -0
    outer loop
      vertex -1.74446 -0.165175 -3
      vertex -1.80751 -0.118408 1.99
      vertex -1.74446 -0.165175 1.99
    endloop
  endfacet
  facet normal 0.595748 0.803171 0
    outer loop
      vertex -1.80751 -0.118408 1.99
      vertex -1.74446 -0.165175 -3
      vertex -1.80751 -0.118408 -3
    endloop
  endfacet
  facet normal -0.595748 -0.803171 0
    outer loop
      vertex -1.80751 -0.118408 2
      vertex -1.74446 -0.165175 3.4
      vertex -1.80751 -0.118408 3.4
    endloop
  endfacet
  facet normal -0.595748 -0.803171 -0
    outer loop
      vertex -1.74446 -0.165175 3.4
      vertex -1.80751 -0.118408 2
      vertex -1.74446 -0.165175 2
    endloop
  endfacet
  facet normal -0.14641 -0.989224 0
    outer loop
      vertex 38.3784 23.2961 -3
      vertex 38.4561 23.2846 1.99
      vertex 38.3784 23.2961 1.99
    endloop
  endfacet
  facet normal -0.14641 -0.989224 -0
    outer loop
      vertex 38.4561 23.2846 1.99
      vertex 38.3784 23.2961 -3
      vertex 38.4561 23.2846 -3
    endloop
  endfacet
  facet normal 0.14641 0.989224 -0
    outer loop
      vertex 38.4561 23.2846 2
      vertex 38.3784 23.2961 3.4
      vertex 38.4561 23.2846 3.4
    endloop
  endfacet
  facet normal 0.14641 0.989224 0
    outer loop
      vertex 38.3784 23.2961 3.4
      vertex 38.4561 23.2846 2
      vertex 38.3784 23.2961 2
    endloop
  endfacet
  facet normal 0.970019 0.24303 0
    outer loop
      vertex -2.06555 0.267772 1.99
      vertex -2.08463 0.343927 -3
      vertex -2.08463 0.343927 1.99
    endloop
  endfacet
  facet normal 0.970019 0.24303 0
    outer loop
      vertex -2.08463 0.343927 -3
      vertex -2.06555 0.267772 1.99
      vertex -2.06555 0.267772 -3
    endloop
  endfacet
  facet normal -0.970019 -0.24303 0
    outer loop
      vertex -2.06555 0.267772 2
      vertex -2.08463 0.343927 3.4
      vertex -2.08463 0.343927 2
    endloop
  endfacet
  facet normal -0.970019 -0.24303 0
    outer loop
      vertex -2.08463 0.343927 3.4
      vertex -2.06555 0.267772 2
      vertex -2.06555 0.267772 3.4
    endloop
  endfacet
  facet normal -0.741099 0.671395 0
    outer loop
      vertex 38.8657 -0.0656853 -3
      vertex 38.9184 -0.007514 1.99
      vertex 38.9184 -0.007514 -3
    endloop
  endfacet
  facet normal -0.741099 0.671395 0
    outer loop
      vertex 38.9184 -0.007514 1.99
      vertex 38.8657 -0.0656853 -3
      vertex 38.8657 -0.0656853 1.99
    endloop
  endfacet
  facet normal 0.741099 -0.671395 0
    outer loop
      vertex 38.8657 -0.0656853 3.4
      vertex 38.9184 -0.007514 2
      vertex 38.9184 -0.007514 3.4
    endloop
  endfacet
  facet normal 0.741099 -0.671395 0
    outer loop
      vertex 38.9184 -0.007514 2
      vertex 38.8657 -0.0656853 3.4
      vertex 38.8657 -0.0656853 2
    endloop
  endfacet
  facet normal 0.146721 0.989178 -0
    outer loop
      vertex -1.37841 -0.296147 -3
      vertex -1.45607 -0.284628 1.99
      vertex -1.37841 -0.296147 1.99
    endloop
  endfacet
  facet normal 0.146721 0.989178 0
    outer loop
      vertex -1.45607 -0.284628 1.99
      vertex -1.37841 -0.296147 -3
      vertex -1.45607 -0.284628 -3
    endloop
  endfacet
  facet normal -0.146721 -0.989178 0
    outer loop
      vertex -1.45607 -0.284628 2
      vertex -1.37841 -0.296147 3.4
      vertex -1.45607 -0.284628 3.4
    endloop
  endfacet
  facet normal -0.146721 -0.989178 -0
    outer loop
      vertex -1.37841 -0.296147 3.4
      vertex -1.45607 -0.284628 2
      vertex -1.37841 -0.296147 2
    endloop
  endfacet
  facet normal -0.243147 0.969989 0
    outer loop
      vertex 38.5322 -0.265552 -3
      vertex 38.4561 -0.284628 1.99
      vertex 38.5322 -0.265552 1.99
    endloop
  endfacet
  facet normal -0.243147 0.969989 0
    outer loop
      vertex 38.4561 -0.284628 1.99
      vertex 38.5322 -0.265552 -3
      vertex 38.4561 -0.284628 -3
    endloop
  endfacet
  facet normal 0.243147 -0.969989 0
    outer loop
      vertex 38.4561 -0.284628 2
      vertex 38.5322 -0.265552 3.4
      vertex 38.4561 -0.284628 3.4
    endloop
  endfacet
  facet normal 0.243147 -0.969989 0
    outer loop
      vertex 38.5322 -0.265552 3.4
      vertex 38.4561 -0.284628 2
      vertex 38.5322 -0.265552 2
    endloop
  endfacet
  facet normal -0.803001 0.595977 0
    outer loop
      vertex 38.9184 -0.007514 -3
      vertex 38.9652 0.0555429 1.99
      vertex 38.9652 0.0555429 -3
    endloop
  endfacet
  facet normal -0.803001 0.595977 0
    outer loop
      vertex 38.9652 0.0555429 1.99
      vertex 38.9184 -0.007514 -3
      vertex 38.9184 -0.007514 1.99
    endloop
  endfacet
  facet normal 0.803001 -0.595977 0
    outer loop
      vertex 38.9184 -0.007514 3.4
      vertex 38.9652 0.0555429 2
      vertex 38.9652 0.0555429 3.4
    endloop
  endfacet
  facet normal 0.803001 -0.595977 0
    outer loop
      vertex 38.9652 0.0555429 2
      vertex 38.9184 -0.007514 3.4
      vertex 38.9184 -0.007514 2
    endloop
  endfacet
  facet normal 0.0490672 0.998795 -0
    outer loop
      vertex -1.3 -0.299999 -3
      vertex -1.37841 -0.296147 1.99
      vertex -1.3 -0.299999 1.99
    endloop
  endfacet
  facet normal 0.0490672 0.998795 0
    outer loop
      vertex -1.37841 -0.296147 1.99
      vertex -1.3 -0.299999 -3
      vertex -1.37841 -0.296147 -3
    endloop
  endfacet
  facet normal -0.0490672 -0.998795 0
    outer loop
      vertex -1.37841 -0.296147 2
      vertex -1.3 -0.299999 3.4
      vertex -1.37841 -0.296147 3.4
    endloop
  endfacet
  facet normal -0.0490672 -0.998795 -0
    outer loop
      vertex -1.3 -0.299999 3.4
      vertex -1.37841 -0.296147 2
      vertex -1.3 -0.299999 2
    endloop
  endfacet
  facet normal -0.941338 0.337466 0
    outer loop
      vertex 39.0391 0.193852 -3
      vertex 39.0656 0.267772 1.99
      vertex 39.0656 0.267772 -3
    endloop
  endfacet
  facet normal -0.941338 0.337466 0
    outer loop
      vertex 39.0656 0.267772 1.99
      vertex 39.0391 0.193852 -3
      vertex 39.0391 0.193852 1.99
    endloop
  endfacet
  facet normal 0.941338 -0.337466 0
    outer loop
      vertex 39.0391 0.193852 3.4
      vertex 39.0656 0.267772 2
      vertex 39.0656 0.267772 3.4
    endloop
  endfacet
  facet normal 0.941338 -0.337466 0
    outer loop
      vertex 39.0656 0.267772 2
      vertex 39.0391 0.193852 3.4
      vertex 39.0391 0.193852 2
    endloop
  endfacet
  facet normal 0.989176 0.146735 0
    outer loop
      vertex -2.08463 0.343927 1.99
      vertex -2.09615 0.421586 -3
      vertex -2.09615 0.421586 1.99
    endloop
  endfacet
  facet normal 0.989176 0.146735 0
    outer loop
      vertex -2.09615 0.421586 -3
      vertex -2.08463 0.343927 1.99
      vertex -2.08463 0.343927 -3
    endloop
  endfacet
  facet normal -0.989176 -0.146735 0
    outer loop
      vertex -2.08463 0.343927 2
      vertex -2.09615 0.421586 3.4
      vertex -2.09615 0.421586 2
    endloop
  endfacet
  facet normal -0.989176 -0.146735 0
    outer loop
      vertex -2.09615 0.421586 3.4
      vertex -2.08463 0.343927 2
      vertex -2.08463 0.343927 3.4
    endloop
  endfacet
  facet normal -0.513184 -0.858278 0
    outer loop
      vertex 38.6771 23.2055 -3
      vertex 38.7445 23.1652 1.99
      vertex 38.6771 23.2055 1.99
    endloop
  endfacet
  facet normal -0.513184 -0.858278 -0
    outer loop
      vertex 38.7445 23.1652 1.99
      vertex 38.6771 23.2055 -3
      vertex 38.7445 23.1652 -3
    endloop
  endfacet
  facet normal 0.513184 0.858278 -0
    outer loop
      vertex 38.7445 23.1652 2
      vertex 38.6771 23.2055 3.4
      vertex 38.7445 23.1652 3.4
    endloop
  endfacet
  facet normal 0.513184 0.858278 0
    outer loop
      vertex 38.6771 23.2055 3.4
      vertex 38.7445 23.1652 2
      vertex 38.6771 23.2055 2
    endloop
  endfacet
  facet normal -0.903823 0.427906 0
    outer loop
      vertex 39.0055 0.122882 -3
      vertex 39.0391 0.193852 1.99
      vertex 39.0391 0.193852 -3
    endloop
  endfacet
  facet normal -0.903823 0.427906 0
    outer loop
      vertex 39.0391 0.193852 1.99
      vertex 39.0055 0.122882 -3
      vertex 39.0055 0.122882 1.99
    endloop
  endfacet
  facet normal 0.903823 -0.427906 0
    outer loop
      vertex 39.0055 0.122882 3.4
      vertex 39.0391 0.193852 2
      vertex 39.0391 0.193852 3.4
    endloop
  endfacet
  facet normal 0.903823 -0.427906 0
    outer loop
      vertex 39.0391 0.193852 2
      vertex 39.0055 0.122882 3.4
      vertex 39.0055 0.122882 2
    endloop
  endfacet
  facet normal 0.740909 0.671605 0
    outer loop
      vertex -1.86568 -0.0656853 1.99
      vertex -1.91841 -0.007514 -3
      vertex -1.91841 -0.007514 1.99
    endloop
  endfacet
  facet normal 0.740909 0.671605 0
    outer loop
      vertex -1.91841 -0.007514 -3
      vertex -1.86568 -0.0656853 1.99
      vertex -1.86568 -0.0656853 -3
    endloop
  endfacet
  facet normal -0.740909 -0.671605 0
    outer loop
      vertex -1.86568 -0.0656853 2
      vertex -1.91841 -0.007514 3.4
      vertex -1.91841 -0.007514 2
    endloop
  endfacet
  facet normal -0.740909 -0.671605 0
    outer loop
      vertex -1.91841 -0.007514 3.4
      vertex -1.86568 -0.0656853 2
      vertex -1.86568 -0.0656853 3.4
    endloop
  endfacet
  facet normal 0 0 1
    outer loop
      vertex 39.0391 22.8061 3.4
      vertex 39.0736 22.7 3.4
      vertex 39.0656 22.7322 3.4
    endloop
  endfacet
  facet normal 0 0 1
    outer loop
      vertex 39.0055 22.8771 3.4
      vertex 39.0736 22.7 3.4
      vertex 39.0391 22.8061 3.4
    endloop
  endfacet
  facet normal 0 0 1
    outer loop
      vertex 38.9652 22.9445 3.4
      vertex 39.0736 22.7 3.4
      vertex 39.0055 22.8771 3.4
    endloop
  endfacet
  facet normal 0 0 1
    outer loop
      vertex 38.9184 23.0075 3.4
      vertex 39.0736 22.7 3.4
      vertex 38.9652 22.9445 3.4
    endloop
  endfacet
  facet normal 0 0 1
    outer loop
      vertex 38.8657 23.0657 3.4
      vertex 39.0736 22.7 3.4
      vertex 38.9184 23.0075 3.4
    endloop
  endfacet
  facet normal 0 0 1
    outer loop
      vertex 38.8075 23.1184 3.4
      vertex 39.0736 22.7 3.4
      vertex 38.8657 23.0657 3.4
    endloop
  endfacet
  facet normal 0 0 1
    outer loop
      vertex 38.7445 23.1652 3.4
      vertex 39.0736 22.7 3.4
      vertex 38.8075 23.1184 3.4
    endloop
  endfacet
  facet normal 0 0 1
    outer loop
      vertex 38.6771 23.2055 3.4
      vertex 39.0736 22.7 3.4
      vertex 38.7445 23.1652 3.4
    endloop
  endfacet
  facet normal 0 0 1
    outer loop
      vertex 38.6061 23.2391 3.4
      vertex 39.0736 22.7 3.4
      vertex 38.6771 23.2055 3.4
    endloop
  endfacet
  facet normal 0 0 1
    outer loop
      vertex 38.5322 23.2656 3.4
      vertex 39.0736 22.7 3.4
      vertex 38.6061 23.2391 3.4
    endloop
  endfacet
  facet normal 0 0 1
    outer loop
      vertex 38.4561 23.2846 3.4
      vertex 39.0736 22.7 3.4
      vertex 38.5322 23.2656 3.4
    endloop
  endfacet
  facet normal 0 0 1
    outer loop
      vertex 38.3784 23.2961 3.4
      vertex 39.0736 22.7 3.4
      vertex 38.4561 23.2846 3.4
    endloop
  endfacet
  facet normal 0 0 1
    outer loop
      vertex 38.3 23.3 3.4
      vertex 39.0736 22.7 3.4
      vertex 38.3784 23.2961 3.4
    endloop
  endfacet
  facet normal 0 0 1
    outer loop
      vertex 38.3 23.3 3.4
      vertex 36.9 22.7 3.4
      vertex 39.0736 22.7 3.4
    endloop
  endfacet
  facet normal 0 0 1
    outer loop
      vertex 36.9 22.7 3.4
      vertex -0.599999 22.3 3.4
      vertex 36.9 22.3 3.4
    endloop
  endfacet
  facet normal -0 0 1
    outer loop
      vertex -1.3 23.3 3.4
      vertex 36.9 22.7 3.4
      vertex 38.3 23.3 3.4
    endloop
  endfacet
  facet normal 0 0 1
    outer loop
      vertex 36.9 22.7 3.4
      vertex -1.3 23.3 3.4
      vertex -0.599999 22.3 3.4
    endloop
  endfacet
  facet normal 0 0 1
    outer loop
      vertex -1.3 23.3 3.4
      vertex -0.649008 22.2976 3.4
      vertex -0.599999 22.3 3.4
    endloop
  endfacet
  facet normal 0 0 1
    outer loop
      vertex -1.3 23.3 3.4
      vertex -0.697545 22.2904 3.4
      vertex -0.649008 22.2976 3.4
    endloop
  endfacet
  facet normal 0 0 1
    outer loop
      vertex -1.3 23.3 3.4
      vertex -0.745142 22.2785 3.4
      vertex -0.697545 22.2904 3.4
    endloop
  endfacet
  facet normal 0 0 1
    outer loop
      vertex -1.3 23.3 3.4
      vertex -0.791341 22.2619 3.4
      vertex -0.745142 22.2785 3.4
    endloop
  endfacet
  facet normal 0 0 1
    outer loop
      vertex -1.3 23.3 3.4
      vertex -0.835698 22.241 3.4
      vertex -0.791341 22.2619 3.4
    endloop
  endfacet
  facet normal 0 0 1
    outer loop
      vertex -1.3 23.3 3.4
      vertex -0.877785 22.2157 3.4
      vertex -0.835698 22.241 3.4
    endloop
  endfacet
  facet normal 0 0 1
    outer loop
      vertex -1.3 23.3 3.4
      vertex -0.917196 22.1865 3.4
      vertex -0.877785 22.2157 3.4
    endloop
  endfacet
  facet normal -0 0 1
    outer loop
      vertex -1.37841 23.2961 3.4
      vertex -0.917196 22.1865 3.4
      vertex -1.3 23.3 3.4
    endloop
  endfacet
  facet normal -0 0 1
    outer loop
      vertex -1.45607 23.2846 3.4
      vertex -0.917196 22.1865 3.4
      vertex -1.37841 23.2961 3.4
    endloop
  endfacet
  facet normal -0 0 1
    outer loop
      vertex -1.53223 23.2656 3.4
      vertex -0.917196 22.1865 3.4
      vertex -1.45607 23.2846 3.4
    endloop
  endfacet
  facet normal -0 0 1
    outer loop
      vertex -1.60615 23.2391 3.4
      vertex -0.917196 22.1865 3.4
      vertex -1.53223 23.2656 3.4
    endloop
  endfacet
  facet normal 0 0 1
    outer loop
      vertex -0.917196 22.1865 3.4
      vertex -1.60615 23.2391 3.4
      vertex -0.953553 22.1536 3.4
    endloop
  endfacet
  facet normal -0 0 1
    outer loop
      vertex -1.67712 23.2055 3.4
      vertex -0.953553 22.1536 3.4
      vertex -1.60615 23.2391 3.4
    endloop
  endfacet
  facet normal -0 0 1
    outer loop
      vertex -1.74446 23.1652 3.4
      vertex -0.953553 22.1536 3.4
      vertex -1.67712 23.2055 3.4
    endloop
  endfacet
  facet normal -0 0 1
    outer loop
      vertex -1.80751 23.1184 3.4
      vertex -0.953553 22.1536 3.4
      vertex -1.74446 23.1652 3.4
    endloop
  endfacet
  facet normal -0 0 1
    outer loop
      vertex -1.86568 23.0657 3.4
      vertex -0.953553 22.1536 3.4
      vertex -1.80751 23.1184 3.4
    endloop
  endfacet
  facet normal -0 0 1
    outer loop
      vertex -1.91841 23.0075 3.4
      vertex -0.953553 22.1536 3.4
      vertex -1.86568 23.0657 3.4
    endloop
  endfacet
  facet normal -0 0 1
    outer loop
      vertex -1.96518 22.9445 3.4
      vertex -0.953553 22.1536 3.4
      vertex -1.91841 23.0075 3.4
    endloop
  endfacet
  facet normal -0 0 1
    outer loop
      vertex -2.00554 22.8771 3.4
      vertex -0.953553 22.1536 3.4
      vertex -1.96518 22.9445 3.4
    endloop
  endfacet
  facet normal 0 0 1
    outer loop
      vertex -0.953553 22.1536 3.4
      vertex -2.00554 22.8771 3.4
      vertex -0.986505 22.1172 3.4
    endloop
  endfacet
  facet normal -0 0 1
    outer loop
      vertex -2.0391 22.8061 3.4
      vertex -0.986505 22.1172 3.4
      vertex -2.00554 22.8771 3.4
    endloop
  endfacet
  facet normal -0 0 1
    outer loop
      vertex -2.06555 22.7322 3.4
      vertex -0.986505 22.1172 3.4
      vertex -2.0391 22.8061 3.4
    endloop
  endfacet
  facet normal -0 0 1
    outer loop
      vertex -2.08463 22.6561 3.4
      vertex -0.986505 22.1172 3.4
      vertex -2.06555 22.7322 3.4
    endloop
  endfacet
  facet normal -0 0 1
    outer loop
      vertex -2.09615 22.5784 3.4
      vertex -0.986505 22.1172 3.4
      vertex -2.08463 22.6561 3.4
    endloop
  endfacet
  facet normal -0 0 1
    outer loop
      vertex -2.1 22.5 3.4
      vertex -0.986505 22.1172 3.4
      vertex -2.09615 22.5784 3.4
    endloop
  endfacet
  facet normal 0 0 1
    outer loop
      vertex -0.986505 22.1172 3.4
      vertex -2.1 22.5 3.4
      vertex -1.01573 22.0778 3.4
    endloop
  endfacet
  facet normal 0 0 1
    outer loop
      vertex -1.01573 22.0778 3.4
      vertex -2.1 22.5 3.4
      vertex -1.04096 22.0357 3.4
    endloop
  endfacet
  facet normal 0 0 1
    outer loop
      vertex -1.04096 22.0357 3.4
      vertex -2.1 22.5 3.4
      vertex -1.06194 21.9913 3.4
    endloop
  endfacet
  facet normal 0 0 1
    outer loop
      vertex -1.06194 21.9913 3.4
      vertex -2.1 22.5 3.4
      vertex -1.07847 21.9451 3.4
    endloop
  endfacet
  facet normal 0 0 1
    outer loop
      vertex -1.09759 21.849 3.4
      vertex -2.1 22.5 3.4
      vertex -1.1 21.8 3.4
    endloop
  endfacet
  facet normal 0 0 1
    outer loop
      vertex -1.07847 21.9451 3.4
      vertex -2.1 22.5 3.4
      vertex -1.09039 21.8975 3.4
    endloop
  endfacet
  facet normal 0 0 1
    outer loop
      vertex -1.09039 21.8975 3.4
      vertex -2.1 22.5 3.4
      vertex -1.09759 21.849 3.4
    endloop
  endfacet
  facet normal 0 0 1
    outer loop
      vertex -2.1 16.7 3.4
      vertex -1.1 21.8 3.4
      vertex -2.1 22.5 3.4
    endloop
  endfacet
  facet normal 0 0 1
    outer loop
      vertex -1.1 21.8 3.4
      vertex -2.1 16.7 3.4
      vertex -1.1 16.7 3.4
    endloop
  endfacet
  facet normal 0 0 1
    outer loop
      vertex 36.9 0.7 3.4
      vertex -0.599999 0.7 3.4
      vertex 36.9 0.299999 3.4
    endloop
  endfacet
  facet normal 0 0 1
    outer loop
      vertex 39.0736 0.299999 3.4
      vertex 39.0391 0.193852 3.4
      vertex 39.0656 0.267772 3.4
    endloop
  endfacet
  facet normal 0 0 1
    outer loop
      vertex 39.0736 0.299999 3.4
      vertex 39.0055 0.122882 3.4
      vertex 39.0391 0.193852 3.4
    endloop
  endfacet
  facet normal 0 0 1
    outer loop
      vertex 39.0736 0.299999 3.4
      vertex 38.9652 0.0555429 3.4
      vertex 39.0055 0.122882 3.4
    endloop
  endfacet
  facet normal 0 0 1
    outer loop
      vertex 39.0736 0.299999 3.4
      vertex 38.9184 -0.007514 3.4
      vertex 38.9652 0.0555429 3.4
    endloop
  endfacet
  facet normal 0 0 1
    outer loop
      vertex 39.0736 0.299999 3.4
      vertex 38.8657 -0.0656853 3.4
      vertex 38.9184 -0.007514 3.4
    endloop
  endfacet
  facet normal 0 0 1
    outer loop
      vertex 39.0736 0.299999 3.4
      vertex 38.8075 -0.118408 3.4
      vertex 38.8657 -0.0656853 3.4
    endloop
  endfacet
  facet normal 0 0 1
    outer loop
      vertex 39.0736 0.299999 3.4
      vertex 38.7445 -0.165175 3.4
      vertex 38.8075 -0.118408 3.4
    endloop
  endfacet
  facet normal 0 0 1
    outer loop
      vertex 39.0736 0.299999 3.4
      vertex 38.6771 -0.205537 3.4
      vertex 38.7445 -0.165175 3.4
    endloop
  endfacet
  facet normal 0 0 1
    outer loop
      vertex 39.0736 0.299999 3.4
      vertex 38.6061 -0.239103 3.4
      vertex 38.6771 -0.205537 3.4
    endloop
  endfacet
  facet normal 0 0 1
    outer loop
      vertex 39.0736 0.299999 3.4
      vertex 38.5322 -0.265552 3.4
      vertex 38.6061 -0.239103 3.4
    endloop
  endfacet
  facet normal 0 0 1
    outer loop
      vertex 39.0736 0.299999 3.4
      vertex 38.4561 -0.284628 3.4
      vertex 38.5322 -0.265552 3.4
    endloop
  endfacet
  facet normal 0 0 1
    outer loop
      vertex 39.0736 0.299999 3.4
      vertex 38.3784 -0.296147 3.4
      vertex 38.4561 -0.284628 3.4
    endloop
  endfacet
  facet normal 0 0 1
    outer loop
      vertex 39.0736 0.299999 3.4
      vertex 38.3 -0.299999 3.4
      vertex 38.3784 -0.296147 3.4
    endloop
  endfacet
  facet normal -0 0 1
    outer loop
      vertex 36.9 0.299999 3.4
      vertex 38.3 -0.299999 3.4
      vertex 39.0736 0.299999 3.4
    endloop
  endfacet
  facet normal 0 0 1
    outer loop
      vertex -1.3 -0.299999 3.4
      vertex 36.9 0.299999 3.4
      vertex -0.599999 0.7 3.4
    endloop
  endfacet
  facet normal 0 0 1
    outer loop
      vertex 36.9 0.299999 3.4
      vertex -1.3 -0.299999 3.4
      vertex 38.3 -0.299999 3.4
    endloop
  endfacet
  facet normal 0 0 1
    outer loop
      vertex -0.649008 0.702407 3.4
      vertex -1.3 -0.299999 3.4
      vertex -0.599999 0.7 3.4
    endloop
  endfacet
  facet normal 0 0 1
    outer loop
      vertex -0.697545 0.709607 3.4
      vertex -1.3 -0.299999 3.4
      vertex -0.649008 0.702407 3.4
    endloop
  endfacet
  facet normal 0 0 1
    outer loop
      vertex -0.745142 0.721529 3.4
      vertex -1.3 -0.299999 3.4
      vertex -0.697545 0.709607 3.4
    endloop
  endfacet
  facet normal 0 0 1
    outer loop
      vertex -0.791341 0.73806 3.4
      vertex -1.3 -0.299999 3.4
      vertex -0.745142 0.721529 3.4
    endloop
  endfacet
  facet normal 0 0 1
    outer loop
      vertex -0.835698 0.759039 3.4
      vertex -1.3 -0.299999 3.4
      vertex -0.791341 0.73806 3.4
    endloop
  endfacet
  facet normal 0 0 1
    outer loop
      vertex -0.877785 0.784265 3.4
      vertex -1.3 -0.299999 3.4
      vertex -0.835698 0.759039 3.4
    endloop
  endfacet
  facet normal 0 0 1
    outer loop
      vertex -0.917196 0.813495 3.4
      vertex -1.3 -0.299999 3.4
      vertex -0.877785 0.784265 3.4
    endloop
  endfacet
  facet normal 0 0 1
    outer loop
      vertex -1.60615 -0.239103 3.4
      vertex -0.917196 0.813495 3.4
      vertex -0.953553 0.846446 3.4
    endloop
  endfacet
  facet normal 0 0 1
    outer loop
      vertex -2.00554 0.122882 3.4
      vertex -0.953553 0.846446 3.4
      vertex -0.986505 0.882803 3.4
    endloop
  endfacet
  facet normal 0 0 1
    outer loop
      vertex -2.1 0.5 3.4
      vertex -0.986505 0.882803 3.4
      vertex -1.01573 0.922215 3.4
    endloop
  endfacet
  facet normal 0 0 1
    outer loop
      vertex -2.1 0.5 3.4
      vertex -1.01573 0.922215 3.4
      vertex -1.04096 0.964301 3.4
    endloop
  endfacet
  facet normal 0 0 1
    outer loop
      vertex -2.1 0.5 3.4
      vertex -1.04096 0.964301 3.4
      vertex -1.06194 1.00866 3.4
    endloop
  endfacet
  facet normal 0 0 1
    outer loop
      vertex -2.1 0.5 3.4
      vertex -1.06194 1.00866 3.4
      vertex -1.07847 1.05486 3.4
    endloop
  endfacet
  facet normal 0 0 1
    outer loop
      vertex -2.1 0.5 3.4
      vertex -1.07847 1.05486 3.4
      vertex -1.09039 1.10245 3.4
    endloop
  endfacet
  facet normal 0 0 1
    outer loop
      vertex -2.1 0.5 3.4
      vertex -1.09039 1.10245 3.4
      vertex -1.09759 1.15099 3.4
    endloop
  endfacet
  facet normal 0 0 1
    outer loop
      vertex -2.1 0.5 3.4
      vertex -1.09759 1.15099 3.4
      vertex -1.1 1.2 3.4
    endloop
  endfacet
  facet normal -0 0 1
    outer loop
      vertex -2.1 6.3 3.4
      vertex -1.1 1.2 3.4
      vertex -1.1 6.3 3.4
    endloop
  endfacet
  facet normal 0 0 1
    outer loop
      vertex -0.986505 0.882803 3.4
      vertex -2.1 0.5 3.4
      vertex -2.09615 0.421586 3.4
    endloop
  endfacet
  facet normal 0 0 1
    outer loop
      vertex -0.917196 0.813495 3.4
      vertex -1.37841 -0.296147 3.4
      vertex -1.3 -0.299999 3.4
    endloop
  endfacet
  facet normal 0 0 1
    outer loop
      vertex -0.917196 0.813495 3.4
      vertex -1.45607 -0.284628 3.4
      vertex -1.37841 -0.296147 3.4
    endloop
  endfacet
  facet normal 0 0 1
    outer loop
      vertex -0.917196 0.813495 3.4
      vertex -1.53223 -0.265552 3.4
      vertex -1.45607 -0.284628 3.4
    endloop
  endfacet
  facet normal 0 0 1
    outer loop
      vertex -0.917196 0.813495 3.4
      vertex -1.60615 -0.239103 3.4
      vertex -1.53223 -0.265552 3.4
    endloop
  endfacet
  facet normal 0 0 1
    outer loop
      vertex -0.953553 0.846446 3.4
      vertex -1.67712 -0.205537 3.4
      vertex -1.60615 -0.239103 3.4
    endloop
  endfacet
  facet normal 0 0 1
    outer loop
      vertex -0.953553 0.846446 3.4
      vertex -1.74446 -0.165175 3.4
      vertex -1.67712 -0.205537 3.4
    endloop
  endfacet
  facet normal 0 0 1
    outer loop
      vertex -0.953553 0.846446 3.4
      vertex -1.80751 -0.118408 3.4
      vertex -1.74446 -0.165175 3.4
    endloop
  endfacet
  facet normal 0 0 1
    outer loop
      vertex -0.953553 0.846446 3.4
      vertex -1.86568 -0.0656853 3.4
      vertex -1.80751 -0.118408 3.4
    endloop
  endfacet
  facet normal 0 0 1
    outer loop
      vertex -0.953553 0.846446 3.4
      vertex -1.91841 -0.007514 3.4
      vertex -1.86568 -0.0656853 3.4
    endloop
  endfacet
  facet normal 0 0 1
    outer loop
      vertex -0.953553 0.846446 3.4
      vertex -1.96518 0.0555429 3.4
      vertex -1.91841 -0.007514 3.4
    endloop
  endfacet
  facet normal 0 0 1
    outer loop
      vertex -0.953553 0.846446 3.4
      vertex -2.00554 0.122882 3.4
      vertex -1.96518 0.0555429 3.4
    endloop
  endfacet
  facet normal 0 0 1
    outer loop
      vertex -0.986505 0.882803 3.4
      vertex -2.0391 0.193852 3.4
      vertex -2.00554 0.122882 3.4
    endloop
  endfacet
  facet normal 0 0 1
    outer loop
      vertex -0.986505 0.882803 3.4
      vertex -2.06555 0.267772 3.4
      vertex -2.0391 0.193852 3.4
    endloop
  endfacet
  facet normal 0 0 1
    outer loop
      vertex -0.986505 0.882803 3.4
      vertex -2.08463 0.343927 3.4
      vertex -2.06555 0.267772 3.4
    endloop
  endfacet
  facet normal 0 0 1
    outer loop
      vertex -1.1 1.2 3.4
      vertex -2.1 6.3 3.4
      vertex -2.1 0.5 3.4
    endloop
  endfacet
  facet normal 0 0 1
    outer loop
      vertex -0.986505 0.882803 3.4
      vertex -2.09615 0.421586 3.4
      vertex -2.08463 0.343927 3.4
    endloop
  endfacet
  facet normal -0 0 1
    outer loop
      vertex 38.1 12.3 3.4
      vertex 39.1 10.7 3.4
      vertex 39.1 12.3 3.4
    endloop
  endfacet
  facet normal 0 0 1
    outer loop
      vertex 39.1 10.7 3.4
      vertex 38.1 12.3 3.4
      vertex 38.1 10.7 3.4
    endloop
  endfacet
  facet normal 0 0 -1
    outer loop
      vertex 39.0391 0.193852 1.99
      vertex 39.0736 0.299999 1.99
      vertex 39.0656 0.267772 1.99
    endloop
  endfacet
  facet normal 0 0 -1
    outer loop
      vertex 39.0055 0.122882 1.99
      vertex 39.0736 0.299999 1.99
      vertex 39.0391 0.193852 1.99
    endloop
  endfacet
  facet normal 0 0 -1
    outer loop
      vertex 38.9652 0.0555429 1.99
      vertex 39.0736 0.299999 1.99
      vertex 39.0055 0.122882 1.99
    endloop
  endfacet
  facet normal 0 0 -1
    outer loop
      vertex 38.9184 -0.007514 1.99
      vertex 39.0736 0.299999 1.99
      vertex 38.9652 0.0555429 1.99
    endloop
  endfacet
  facet normal 0 0 -1
    outer loop
      vertex 38.8657 -0.0656853 1.99
      vertex 39.0736 0.299999 1.99
      vertex 38.9184 -0.007514 1.99
    endloop
  endfacet
  facet normal 0 0 -1
    outer loop
      vertex 38.8075 -0.118408 1.99
      vertex 39.0736 0.299999 1.99
      vertex 38.8657 -0.0656853 1.99
    endloop
  endfacet
  facet normal 0 0 -1
    outer loop
      vertex 38.7445 -0.165175 1.99
      vertex 39.0736 0.299999 1.99
      vertex 38.8075 -0.118408 1.99
    endloop
  endfacet
  facet normal 0 0 -1
    outer loop
      vertex 38.6771 -0.205537 1.99
      vertex 39.0736 0.299999 1.99
      vertex 38.7445 -0.165175 1.99
    endloop
  endfacet
  facet normal 0 0 -1
    outer loop
      vertex 38.6061 -0.239103 1.99
      vertex 39.0736 0.299999 1.99
      vertex 38.6771 -0.205537 1.99
    endloop
  endfacet
  facet normal 0 0 -1
    outer loop
      vertex 38.5322 -0.265552 1.99
      vertex 39.0736 0.299999 1.99
      vertex 38.6061 -0.239103 1.99
    endloop
  endfacet
  facet normal 0 0 -1
    outer loop
      vertex 38.4561 -0.284628 1.99
      vertex 39.0736 0.299999 1.99
      vertex 38.5322 -0.265552 1.99
    endloop
  endfacet
  facet normal 0 0 -1
    outer loop
      vertex 38.3784 -0.296147 1.99
      vertex 39.0736 0.299999 1.99
      vertex 38.4561 -0.284628 1.99
    endloop
  endfacet
  facet normal 0 0 -1
    outer loop
      vertex 38.3 -0.299999 1.99
      vertex 39.0736 0.299999 1.99
      vertex 38.3784 -0.296147 1.99
    endloop
  endfacet
  facet normal 0 0 -1
    outer loop
      vertex 38.3 -0.299999 1.99
      vertex 36.9 0.299999 1.99
      vertex 39.0736 0.299999 1.99
    endloop
  endfacet
  facet normal 0 0 -1
    outer loop
      vertex 36.9 0.299999 1.99
      vertex -0.599999 0.7 1.99
      vertex 36.9 0.7 1.99
    endloop
  endfacet
  facet normal 0 0 -1
    outer loop
      vertex -1.3 -0.299999 1.99
      vertex 36.9 0.299999 1.99
      vertex 38.3 -0.299999 1.99
    endloop
  endfacet
  facet normal -0 0 -1
    outer loop
      vertex 36.9 0.299999 1.99
      vertex -1.3 -0.299999 1.99
      vertex -0.599999 0.7 1.99
    endloop
  endfacet
  facet normal 0 0 -1
    outer loop
      vertex -1.3 -0.299999 1.99
      vertex -0.649008 0.702407 1.99
      vertex -0.599999 0.7 1.99
    endloop
  endfacet
  facet normal 0 0 -1
    outer loop
      vertex -1.3 -0.299999 1.99
      vertex -0.697545 0.709607 1.99
      vertex -0.649008 0.702407 1.99
    endloop
  endfacet
  facet normal 0 0 -1
    outer loop
      vertex -1.3 -0.299999 1.99
      vertex -0.745142 0.721529 1.99
      vertex -0.697545 0.709607 1.99
    endloop
  endfacet
  facet normal 0 0 -1
    outer loop
      vertex -1.3 -0.299999 1.99
      vertex -0.791341 0.73806 1.99
      vertex -0.745142 0.721529 1.99
    endloop
  endfacet
  facet normal 0 0 -1
    outer loop
      vertex -1.3 -0.299999 1.99
      vertex -0.835698 0.759039 1.99
      vertex -0.791341 0.73806 1.99
    endloop
  endfacet
  facet normal 0 0 -1
    outer loop
      vertex -1.3 -0.299999 1.99
      vertex -0.877785 0.784265 1.99
      vertex -0.835698 0.759039 1.99
    endloop
  endfacet
  facet normal 0 0 -1
    outer loop
      vertex -1.3 -0.299999 1.99
      vertex -0.917196 0.813495 1.99
      vertex -0.877785 0.784265 1.99
    endloop
  endfacet
  facet normal 0 0 -1
    outer loop
      vertex -1.37841 -0.296147 1.99
      vertex -0.917196 0.813495 1.99
      vertex -1.3 -0.299999 1.99
    endloop
  endfacet
  facet normal 0 0 -1
    outer loop
      vertex -1.45607 -0.284628 1.99
      vertex -0.917196 0.813495 1.99
      vertex -1.37841 -0.296147 1.99
    endloop
  endfacet
  facet normal 0 0 -1
    outer loop
      vertex -1.53223 -0.265552 1.99
      vertex -0.917196 0.813495 1.99
      vertex -1.45607 -0.284628 1.99
    endloop
  endfacet
  facet normal 0 0 -1
    outer loop
      vertex -1.60615 -0.239103 1.99
      vertex -0.917196 0.813495 1.99
      vertex -1.53223 -0.265552 1.99
    endloop
  endfacet
  facet normal -0 0 -1
    outer loop
      vertex -0.917196 0.813495 1.99
      vertex -1.60615 -0.239103 1.99
      vertex -0.953553 0.846446 1.99
    endloop
  endfacet
  facet normal 0 0 -1
    outer loop
      vertex -1.67712 -0.205537 1.99
      vertex -0.953553 0.846446 1.99
      vertex -1.60615 -0.239103 1.99
    endloop
  endfacet
  facet normal 0 0 -1
    outer loop
      vertex -1.74446 -0.165175 1.99
      vertex -0.953553 0.846446 1.99
      vertex -1.67712 -0.205537 1.99
    endloop
  endfacet
  facet normal 0 0 -1
    outer loop
      vertex -1.80751 -0.118408 1.99
      vertex -0.953553 0.846446 1.99
      vertex -1.74446 -0.165175 1.99
    endloop
  endfacet
  facet normal 0 0 -1
    outer loop
      vertex -1.86568 -0.0656853 1.99
      vertex -0.953553 0.846446 1.99
      vertex -1.80751 -0.118408 1.99
    endloop
  endfacet
  facet normal 0 0 -1
    outer loop
      vertex -1.91841 -0.007514 1.99
      vertex -0.953553 0.846446 1.99
      vertex -1.86568 -0.0656853 1.99
    endloop
  endfacet
  facet normal 0 0 -1
    outer loop
      vertex -1.96518 0.0555429 1.99
      vertex -0.953553 0.846446 1.99
      vertex -1.91841 -0.007514 1.99
    endloop
  endfacet
  facet normal 0 0 -1
    outer loop
      vertex -2.00554 0.122882 1.99
      vertex -0.953553 0.846446 1.99
      vertex -1.96518 0.0555429 1.99
    endloop
  endfacet
  facet normal -0 0 -1
    outer loop
      vertex -0.953553 0.846446 1.99
      vertex -2.00554 0.122882 1.99
      vertex -0.986505 0.882803 1.99
    endloop
  endfacet
  facet normal 0 0 -1
    outer loop
      vertex -2.0391 0.193852 1.99
      vertex -0.986505 0.882803 1.99
      vertex -2.00554 0.122882 1.99
    endloop
  endfacet
  facet normal 0 0 -1
    outer loop
      vertex -2.06555 0.267772 1.99
      vertex -0.986505 0.882803 1.99
      vertex -2.0391 0.193852 1.99
    endloop
  endfacet
  facet normal 0 0 -1
    outer loop
      vertex -2.08463 0.343927 1.99
      vertex -0.986505 0.882803 1.99
      vertex -2.06555 0.267772 1.99
    endloop
  endfacet
  facet normal 0 0 -1
    outer loop
      vertex -2.09615 0.421586 1.99
      vertex -0.986505 0.882803 1.99
      vertex -2.08463 0.343927 1.99
    endloop
  endfacet
  facet normal 0 0 -1
    outer loop
      vertex -2.1 0.5 1.99
      vertex -0.986505 0.882803 1.99
      vertex -2.09615 0.421586 1.99
    endloop
  endfacet
  facet normal -0 0 -1
    outer loop
      vertex -0.986505 0.882803 1.99
      vertex -2.1 0.5 1.99
      vertex -1.01573 0.922215 1.99
    endloop
  endfacet
  facet normal -0 0 -1
    outer loop
      vertex -1.01573 0.922215 1.99
      vertex -2.1 0.5 1.99
      vertex -1.04096 0.964301 1.99
    endloop
  endfacet
  facet normal -0 0 -1
    outer loop
      vertex -1.04096 0.964301 1.99
      vertex -2.1 0.5 1.99
      vertex -1.06194 1.00866 1.99
    endloop
  endfacet
  facet normal -0 0 -1
    outer loop
      vertex -1.06194 1.00866 1.99
      vertex -2.1 0.5 1.99
      vertex -1.07847 1.05486 1.99
    endloop
  endfacet
  facet normal -0 0 -1
    outer loop
      vertex -1.09759 1.15099 1.99
      vertex -2.1 0.5 1.99
      vertex -1.1 1.2 1.99
    endloop
  endfacet
  facet normal -0 0 -1
    outer loop
      vertex -1.07847 1.05486 1.99
      vertex -2.1 0.5 1.99
      vertex -1.09039 1.10245 1.99
    endloop
  endfacet
  facet normal -0 0 -1
    outer loop
      vertex -1.09039 1.10245 1.99
      vertex -2.1 0.5 1.99
      vertex -1.09759 1.15099 1.99
    endloop
  endfacet
  facet normal 0 0 -1
    outer loop
      vertex -2.1 6.3 1.99
      vertex -1.1 1.2 1.99
      vertex -2.1 0.5 1.99
    endloop
  endfacet
  facet normal 0 0 -1
    outer loop
      vertex -1.1 1.2 1.99
      vertex -2.1 6.3 1.99
      vertex -1.1 6.3 1.99
    endloop
  endfacet
  facet normal 0 0 -1
    outer loop
      vertex 36.9 22.3 1.99
      vertex -0.599999 22.3 1.99
      vertex 36.9 22.7 1.99
    endloop
  endfacet
  facet normal 0 0 -1
    outer loop
      vertex 39.0736 22.7 1.99
      vertex 39.0391 22.8061 1.99
      vertex 39.0656 22.7322 1.99
    endloop
  endfacet
  facet normal 0 0 -1
    outer loop
      vertex 39.0736 22.7 1.99
      vertex 39.0055 22.8771 1.99
      vertex 39.0391 22.8061 1.99
    endloop
  endfacet
  facet normal 0 0 -1
    outer loop
      vertex 39.0736 22.7 1.99
      vertex 38.9652 22.9445 1.99
      vertex 39.0055 22.8771 1.99
    endloop
  endfacet
  facet normal 0 0 -1
    outer loop
      vertex 39.0736 22.7 1.99
      vertex 38.9184 23.0075 1.99
      vertex 38.9652 22.9445 1.99
    endloop
  endfacet
  facet normal 0 0 -1
    outer loop
      vertex 39.0736 22.7 1.99
      vertex 38.8657 23.0657 1.99
      vertex 38.9184 23.0075 1.99
    endloop
  endfacet
  facet normal 0 0 -1
    outer loop
      vertex 39.0736 22.7 1.99
      vertex 38.8075 23.1184 1.99
      vertex 38.8657 23.0657 1.99
    endloop
  endfacet
  facet normal 0 0 -1
    outer loop
      vertex 39.0736 22.7 1.99
      vertex 38.7445 23.1652 1.99
      vertex 38.8075 23.1184 1.99
    endloop
  endfacet
  facet normal 0 0 -1
    outer loop
      vertex 39.0736 22.7 1.99
      vertex 38.6771 23.2055 1.99
      vertex 38.7445 23.1652 1.99
    endloop
  endfacet
  facet normal 0 0 -1
    outer loop
      vertex 39.0736 22.7 1.99
      vertex 38.6061 23.2391 1.99
      vertex 38.6771 23.2055 1.99
    endloop
  endfacet
  facet normal 0 0 -1
    outer loop
      vertex 39.0736 22.7 1.99
      vertex 38.5322 23.2656 1.99
      vertex 38.6061 23.2391 1.99
    endloop
  endfacet
  facet normal 0 0 -1
    outer loop
      vertex 39.0736 22.7 1.99
      vertex 38.4561 23.2846 1.99
      vertex 38.5322 23.2656 1.99
    endloop
  endfacet
  facet normal 0 0 -1
    outer loop
      vertex 39.0736 22.7 1.99
      vertex 38.3784 23.2961 1.99
      vertex 38.4561 23.2846 1.99
    endloop
  endfacet
  facet normal 0 0 -1
    outer loop
      vertex 39.0736 22.7 1.99
      vertex 38.3 23.3 1.99
      vertex 38.3784 23.2961 1.99
    endloop
  endfacet
  facet normal 0 0 -1
    outer loop
      vertex 36.9 22.7 1.99
      vertex 38.3 23.3 1.99
      vertex 39.0736 22.7 1.99
    endloop
  endfacet
  facet normal 0 0 -1
    outer loop
      vertex -1.3 23.3 1.99
      vertex 36.9 22.7 1.99
      vertex -0.599999 22.3 1.99
    endloop
  endfacet
  facet normal 0 0 -1
    outer loop
      vertex 36.9 22.7 1.99
      vertex -1.3 23.3 1.99
      vertex 38.3 23.3 1.99
    endloop
  endfacet
  facet normal 0 0 -1
    outer loop
      vertex -0.649008 22.2976 1.99
      vertex -1.3 23.3 1.99
      vertex -0.599999 22.3 1.99
    endloop
  endfacet
  facet normal 0 0 -1
    outer loop
      vertex -0.697545 22.2904 1.99
      vertex -1.3 23.3 1.99
      vertex -0.649008 22.2976 1.99
    endloop
  endfacet
  facet normal 0 0 -1
    outer loop
      vertex -0.745142 22.2785 1.99
      vertex -1.3 23.3 1.99
      vertex -0.697545 22.2904 1.99
    endloop
  endfacet
  facet normal 0 0 -1
    outer loop
      vertex -0.791341 22.2619 1.99
      vertex -1.3 23.3 1.99
      vertex -0.745142 22.2785 1.99
    endloop
  endfacet
  facet normal 0 0 -1
    outer loop
      vertex -0.835698 22.241 1.99
      vertex -1.3 23.3 1.99
      vertex -0.791341 22.2619 1.99
    endloop
  endfacet
  facet normal 0 0 -1
    outer loop
      vertex -0.877785 22.2157 1.99
      vertex -1.3 23.3 1.99
      vertex -0.835698 22.241 1.99
    endloop
  endfacet
  facet normal 0 0 -1
    outer loop
      vertex -0.917196 22.1865 1.99
      vertex -1.3 23.3 1.99
      vertex -0.877785 22.2157 1.99
    endloop
  endfacet
  facet normal 0 0 -1
    outer loop
      vertex -1.60615 23.2391 1.99
      vertex -0.917196 22.1865 1.99
      vertex -0.953553 22.1536 1.99
    endloop
  endfacet
  facet normal 0 0 -1
    outer loop
      vertex -2.00554 22.8771 1.99
      vertex -0.953553 22.1536 1.99
      vertex -0.986505 22.1172 1.99
    endloop
  endfacet
  facet normal 0 0 -1
    outer loop
      vertex -2.1 22.5 1.99
      vertex -0.986505 22.1172 1.99
      vertex -1.01573 22.0778 1.99
    endloop
  endfacet
  facet normal 0 0 -1
    outer loop
      vertex -2.1 22.5 1.99
      vertex -1.01573 22.0778 1.99
      vertex -1.04096 22.0357 1.99
    endloop
  endfacet
  facet normal 0 0 -1
    outer loop
      vertex -2.1 22.5 1.99
      vertex -1.04096 22.0357 1.99
      vertex -1.06194 21.9913 1.99
    endloop
  endfacet
  facet normal 0 0 -1
    outer loop
      vertex -2.1 22.5 1.99
      vertex -1.06194 21.9913 1.99
      vertex -1.07847 21.9451 1.99
    endloop
  endfacet
  facet normal 0 0 -1
    outer loop
      vertex -2.1 22.5 1.99
      vertex -1.07847 21.9451 1.99
      vertex -1.09039 21.8975 1.99
    endloop
  endfacet
  facet normal 0 0 -1
    outer loop
      vertex -2.1 22.5 1.99
      vertex -1.09039 21.8975 1.99
      vertex -1.09759 21.849 1.99
    endloop
  endfacet
  facet normal 0 0 -1
    outer loop
      vertex -2.1 22.5 1.99
      vertex -1.09759 21.849 1.99
      vertex -1.1 21.8 1.99
    endloop
  endfacet
  facet normal 0 0 -1
    outer loop
      vertex -2.1 16.7 1.99
      vertex -1.1 21.8 1.99
      vertex -1.1 16.7 1.99
    endloop
  endfacet
  facet normal 0 0 -1
    outer loop
      vertex -0.986505 22.1172 1.99
      vertex -2.1 22.5 1.99
      vertex -2.09615 22.5784 1.99
    endloop
  endfacet
  facet normal 0 0 -1
    outer loop
      vertex -0.917196 22.1865 1.99
      vertex -1.37841 23.2961 1.99
      vertex -1.3 23.3 1.99
    endloop
  endfacet
  facet normal 0 0 -1
    outer loop
      vertex -0.917196 22.1865 1.99
      vertex -1.45607 23.2846 1.99
      vertex -1.37841 23.2961 1.99
    endloop
  endfacet
  facet normal 0 0 -1
    outer loop
      vertex -0.917196 22.1865 1.99
      vertex -1.53223 23.2656 1.99
      vertex -1.45607 23.2846 1.99
    endloop
  endfacet
  facet normal 0 0 -1
    outer loop
      vertex -0.917196 22.1865 1.99
      vertex -1.60615 23.2391 1.99
      vertex -1.53223 23.2656 1.99
    endloop
  endfacet
  facet normal 0 0 -1
    outer loop
      vertex -0.953553 22.1536 1.99
      vertex -1.67712 23.2055 1.99
      vertex -1.60615 23.2391 1.99
    endloop
  endfacet
  facet normal 0 0 -1
    outer loop
      vertex -0.953553 22.1536 1.99
      vertex -1.74446 23.1652 1.99
      vertex -1.67712 23.2055 1.99
    endloop
  endfacet
  facet normal 0 0 -1
    outer loop
      vertex -0.953553 22.1536 1.99
      vertex -1.80751 23.1184 1.99
      vertex -1.74446 23.1652 1.99
    endloop
  endfacet
  facet normal 0 0 -1
    outer loop
      vertex -0.953553 22.1536 1.99
      vertex -1.86568 23.0657 1.99
      vertex -1.80751 23.1184 1.99
    endloop
  endfacet
  facet normal 0 0 -1
    outer loop
      vertex -0.953553 22.1536 1.99
      vertex -1.91841 23.0075 1.99
      vertex -1.86568 23.0657 1.99
    endloop
  endfacet
  facet normal 0 0 -1
    outer loop
      vertex -0.953553 22.1536 1.99
      vertex -1.96518 22.9445 1.99
      vertex -1.91841 23.0075 1.99
    endloop
  endfacet
  facet normal 0 0 -1
    outer loop
      vertex -0.953553 22.1536 1.99
      vertex -2.00554 22.8771 1.99
      vertex -1.96518 22.9445 1.99
    endloop
  endfacet
  facet normal 0 0 -1
    outer loop
      vertex -0.986505 22.1172 1.99
      vertex -2.0391 22.8061 1.99
      vertex -2.00554 22.8771 1.99
    endloop
  endfacet
  facet normal 0 0 -1
    outer loop
      vertex -0.986505 22.1172 1.99
      vertex -2.06555 22.7322 1.99
      vertex -2.0391 22.8061 1.99
    endloop
  endfacet
  facet normal 0 0 -1
    outer loop
      vertex -0.986505 22.1172 1.99
      vertex -2.08463 22.6561 1.99
      vertex -2.06555 22.7322 1.99
    endloop
  endfacet
  facet normal -0 0 -1
    outer loop
      vertex -1.1 21.8 1.99
      vertex -2.1 16.7 1.99
      vertex -2.1 22.5 1.99
    endloop
  endfacet
  facet normal 0 0 -1
    outer loop
      vertex -0.986505 22.1172 1.99
      vertex -2.09615 22.5784 1.99
      vertex -2.08463 22.6561 1.99
    endloop
  endfacet
  facet normal 0 0 -1
    outer loop
      vertex 38.1 10.7 1.99
      vertex 39.1 12.3 1.99
      vertex 39.1 10.7 1.99
    endloop
  endfacet
  facet normal -0 0 -1
    outer loop
      vertex 39.1 12.3 1.99
      vertex 38.1 10.7 1.99
      vertex 38.1 12.3 1.99
    endloop
  endfacet
  facet normal 0.970034 0.242967 0
    outer loop
      vertex -1.07847 1.05486 3.4
      vertex -1.09039 1.10245 1.99
      vertex -1.09039 1.10245 3.4
    endloop
  endfacet
  facet normal 0.970034 0.242967 0
    outer loop
      vertex -1.09039 1.10245 1.99
      vertex -1.07847 1.05486 3.4
      vertex -1.07847 1.05486 1.99
    endloop
  endfacet
  facet normal 1 -0 0
    outer loop
      vertex -1.1 1.2 3.4
      vertex -1.1 6.3 1.99
      vertex -1.1 6.3 3.4
    endloop
  endfacet
  facet normal 1 0 0
    outer loop
      vertex -1.1 6.3 1.99
      vertex -1.1 1.2 3.4
      vertex -1.1 1.2 1.99
    endloop
  endfacet
  facet normal 1 -0 0
    outer loop
      vertex -1.1 16.7 3.4
      vertex -1.1 21.8 1.99
      vertex -1.1 21.8 3.4
    endloop
  endfacet
  facet normal 1 0 0
    outer loop
      vertex -1.1 21.8 1.99
      vertex -1.1 16.7 3.4
      vertex -1.1 16.7 1.99
    endloop
  endfacet
  facet normal 0.242972 0.970033 -0
    outer loop
      vertex -0.697545 0.709607 1.99
      vertex -0.745142 0.721529 3.4
      vertex -0.697545 0.709607 3.4
    endloop
  endfacet
  facet normal 0.242972 0.970033 0
    outer loop
      vertex -0.745142 0.721529 3.4
      vertex -0.697545 0.709607 1.99
      vertex -0.745142 0.721529 1.99
    endloop
  endfacet
  facet normal 0.146735 0.989176 -0
    outer loop
      vertex -0.649008 0.702407 1.99
      vertex -0.697545 0.709607 3.4
      vertex -0.649008 0.702407 3.4
    endloop
  endfacet
  facet normal 0.146735 0.989176 0
    outer loop
      vertex -0.697545 0.709607 3.4
      vertex -0.649008 0.702407 1.99
      vertex -0.697545 0.709607 1.99
    endloop
  endfacet
  facet normal 0.048912 -0.998803 0
    outer loop
      vertex -0.649008 22.2976 1.99
      vertex -0.599999 22.3 3.4
      vertex -0.649008 22.2976 3.4
    endloop
  endfacet
  facet normal 0.048912 -0.998803 0
    outer loop
      vertex -0.599999 22.3 3.4
      vertex -0.649008 22.2976 1.99
      vertex -0.599999 22.3 1.99
    endloop
  endfacet
  facet normal 0.42755 0.903992 -0
    outer loop
      vertex -0.791341 0.73806 1.99
      vertex -0.835698 0.759039 3.4
      vertex -0.791341 0.73806 3.4
    endloop
  endfacet
  facet normal 0.42755 0.903992 0
    outer loop
      vertex -0.835698 0.759039 3.4
      vertex -0.791341 0.73806 1.99
      vertex -0.835698 0.759039 1.99
    endloop
  endfacet
  facet normal 0.59571 0.8032 -0
    outer loop
      vertex -0.877785 0.784265 1.99
      vertex -0.917196 0.813495 3.4
      vertex -0.877785 0.784265 3.4
    endloop
  endfacet
  facet normal 0.59571 0.8032 0
    outer loop
      vertex -0.917196 0.813495 3.4
      vertex -0.877785 0.784265 1.99
      vertex -0.917196 0.813495 1.99
    endloop
  endfacet
  facet normal 0 -1 0
    outer loop
      vertex -0.599999 22.3 1.99
      vertex 36.9 22.3 3.4
      vertex -0.599999 22.3 3.4
    endloop
  endfacet
  facet normal 0 -1 -0
    outer loop
      vertex 36.9 22.3 3.4
      vertex -0.599999 22.3 1.99
      vertex 36.9 22.3 1.99
    endloop
  endfacet
  facet normal 0.941548 0.336879 0
    outer loop
      vertex -1.06194 1.00866 3.4
      vertex -1.07847 1.05486 1.99
      vertex -1.07847 1.05486 3.4
    endloop
  endfacet
  facet normal 0.941548 0.336879 0
    outer loop
      vertex -1.07847 1.05486 1.99
      vertex -1.06194 1.00866 3.4
      vertex -1.06194 1.00866 1.99
    endloop
  endfacet
  facet normal 0.514103 0.857728 -0
    outer loop
      vertex -0.835698 0.759039 1.99
      vertex -0.877785 0.784265 3.4
      vertex -0.835698 0.759039 3.4
    endloop
  endfacet
  facet normal 0.514103 0.857728 0
    outer loop
      vertex -0.877785 0.784265 3.4
      vertex -0.835698 0.759039 1.99
      vertex -0.877785 0.784265 1.99
    endloop
  endfacet
  facet normal 0.970047 -0.242919 0
    outer loop
      vertex -1.09039 21.8975 3.4
      vertex -1.07847 21.9451 1.99
      vertex -1.07847 21.9451 3.4
    endloop
  endfacet
  facet normal 0.970047 -0.242919 0
    outer loop
      vertex -1.07847 21.9451 1.99
      vertex -1.09039 21.8975 3.4
      vertex -1.09039 21.8975 1.99
    endloop
  endfacet
  facet normal 0.803256 0.595634 0
    outer loop
      vertex -0.986505 0.882803 3.4
      vertex -1.01573 0.922215 1.99
      vertex -1.01573 0.922215 3.4
    endloop
  endfacet
  facet normal 0.803256 0.595634 0
    outer loop
      vertex -1.01573 0.922215 1.99
      vertex -0.986505 0.882803 3.4
      vertex -0.986505 0.882803 1.99
    endloop
  endfacet
  facet normal 0.0490543 0.998796 -0
    outer loop
      vertex -0.599999 0.7 1.99
      vertex -0.649008 0.702407 3.4
      vertex -0.599999 0.7 3.4
    endloop
  endfacet
  facet normal 0.0490543 0.998796 0
    outer loop
      vertex -0.649008 0.702407 3.4
      vertex -0.599999 0.7 1.99
      vertex -0.649008 0.702407 1.99
    endloop
  endfacet
  facet normal 0.146735 -0.989176 0
    outer loop
      vertex -0.697545 22.2904 1.99
      vertex -0.649008 22.2976 3.4
      vertex -0.697545 22.2904 3.4
    endloop
  endfacet
  facet normal 0.146735 -0.989176 0
    outer loop
      vertex -0.649008 22.2976 3.4
      vertex -0.697545 22.2904 1.99
      vertex -0.649008 22.2976 1.99
    endloop
  endfacet
  facet normal 0.998793 -0.0491243 0
    outer loop
      vertex -1.1 21.8 3.4
      vertex -1.09759 21.849 1.99
      vertex -1.09759 21.849 3.4
    endloop
  endfacet
  facet normal 0.998793 -0.0491243 0
    outer loop
      vertex -1.09759 21.849 1.99
      vertex -1.1 21.8 3.4
      vertex -1.1 21.8 1.99
    endloop
  endfacet
  facet normal 0.670976 -0.741479 0
    outer loop
      vertex -0.953553 22.1536 1.99
      vertex -0.917196 22.1865 3.4
      vertex -0.953553 22.1536 3.4
    endloop
  endfacet
  facet normal 0.670976 -0.741479 0
    outer loop
      vertex -0.917196 22.1865 3.4
      vertex -0.953553 22.1536 1.99
      vertex -0.917196 22.1865 1.99
    endloop
  endfacet
  facet normal -1 0 0
    outer loop
      vertex 38.1 10.7 1.99
      vertex 38.1 12.3 3.4
      vertex 38.1 12.3 1.99
    endloop
  endfacet
  facet normal -1 -0 0
    outer loop
      vertex 38.1 12.3 3.4
      vertex 38.1 10.7 1.99
      vertex 38.1 10.7 3.4
    endloop
  endfacet
  facet normal 0.336903 0.941539 -0
    outer loop
      vertex -0.745142 0.721529 1.99
      vertex -0.791341 0.73806 3.4
      vertex -0.745142 0.721529 3.4
    endloop
  endfacet
  facet normal 0.336903 0.941539 0
    outer loop
      vertex -0.791341 0.73806 3.4
      vertex -0.745142 0.721529 1.99
      vertex -0.791341 0.73806 1.99
    endloop
  endfacet
  facet normal 0 1 -0
    outer loop
      vertex 36.9 0.7 1.99
      vertex -0.599999 0.7 3.4
      vertex 36.9 0.7 3.4
    endloop
  endfacet
  facet normal 0 1 0
    outer loop
      vertex -0.599999 0.7 3.4
      vertex 36.9 0.7 1.99
      vertex -0.599999 0.7 1.99
    endloop
  endfacet
  facet normal 0.989177 0.146726 0
    outer loop
      vertex -1.09039 1.10245 3.4
      vertex -1.09759 1.15099 1.99
      vertex -1.09759 1.15099 3.4
    endloop
  endfacet
  facet normal 0.989177 0.146726 0
    outer loop
      vertex -1.09759 1.15099 1.99
      vertex -1.09039 1.10245 3.4
      vertex -1.09039 1.10245 1.99
    endloop
  endfacet
  facet normal 0.98916 -0.146844 0
    outer loop
      vertex -1.09759 21.849 3.4
      vertex -1.09039 21.8975 1.99
      vertex -1.09039 21.8975 3.4
    endloop
  endfacet
  facet normal 0.98916 -0.146844 0
    outer loop
      vertex -1.09039 21.8975 1.99
      vertex -1.09759 21.849 3.4
      vertex -1.09759 21.849 1.99
    endloop
  endfacet
  facet normal 0.941548 -0.336879 0
    outer loop
      vertex -1.07847 21.9451 3.4
      vertex -1.06194 21.9913 1.99
      vertex -1.06194 21.9913 3.4
    endloop
  endfacet
  facet normal 0.941548 -0.336879 0
    outer loop
      vertex -1.06194 21.9913 1.99
      vertex -1.07847 21.9451 3.4
      vertex -1.07847 21.9451 1.99
    endloop
  endfacet
  facet normal 0.998793 0.0491143 0
    outer loop
      vertex -1.09759 1.15099 3.4
      vertex -1.1 1.2 1.99
      vertex -1.1 1.2 3.4
    endloop
  endfacet
  facet normal 0.998793 0.0491143 0
    outer loop
      vertex -1.1 1.2 1.99
      vertex -1.09759 1.15099 3.4
      vertex -1.09759 1.15099 1.99
    endloop
  endfacet
  facet normal 0.741347 -0.671122 0
    outer loop
      vertex -0.986505 22.1172 3.4
      vertex -0.953553 22.1536 1.99
      vertex -0.953553 22.1536 3.4
    endloop
  endfacet
  facet normal 0.741347 -0.671122 0
    outer loop
      vertex -0.953553 22.1536 1.99
      vertex -0.986505 22.1172 3.4
      vertex -0.986505 22.1172 1.99
    endloop
  endfacet
  facet normal 0.338149 -0.941093 0
    outer loop
      vertex -0.791341 22.2619 1.99
      vertex -0.745142 22.2785 3.4
      vertex -0.791341 22.2619 3.4
    endloop
  endfacet
  facet normal 0.338149 -0.941093 0
    outer loop
      vertex -0.745142 22.2785 3.4
      vertex -0.791341 22.2619 1.99
      vertex -0.745142 22.2785 1.99
    endloop
  endfacet
  facet normal 0.803169 -0.595751 0
    outer loop
      vertex -1.01573 22.0778 3.4
      vertex -0.986505 22.1172 1.99
      vertex -0.986505 22.1172 3.4
    endloop
  endfacet
  facet normal 0.803169 -0.595751 0
    outer loop
      vertex -0.986505 22.1172 1.99
      vertex -1.01573 22.0778 3.4
      vertex -1.01573 22.0778 1.99
    endloop
  endfacet
  facet normal 0.740952 0.671558 0
    outer loop
      vertex -0.953553 0.846446 3.4
      vertex -0.986505 0.882803 1.99
      vertex -0.986505 0.882803 3.4
    endloop
  endfacet
  facet normal 0.740952 0.671558 0
    outer loop
      vertex -0.986505 0.882803 1.99
      vertex -0.953553 0.846446 3.4
      vertex -0.953553 0.846446 1.99
    endloop
  endfacet
  facet normal 0.515211 -0.857063 0
    outer loop
      vertex -0.877785 22.2157 1.99
      vertex -0.835698 22.241 3.4
      vertex -0.877785 22.2157 3.4
    endloop
  endfacet
  facet normal 0.515211 -0.857063 0
    outer loop
      vertex -0.835698 22.241 3.4
      vertex -0.877785 22.2157 1.99
      vertex -0.835698 22.241 1.99
    endloop
  endfacet
  facet normal 0.903991 0.427551 0
    outer loop
      vertex -1.04096 0.964301 3.4
      vertex -1.06194 1.00866 1.99
      vertex -1.06194 1.00866 3.4
    endloop
  endfacet
  facet normal 0.903991 0.427551 0
    outer loop
      vertex -1.06194 1.00866 1.99
      vertex -1.04096 0.964301 3.4
      vertex -1.04096 0.964301 1.99
    endloop
  endfacet
  facet normal 0.904144 -0.427228 0
    outer loop
      vertex -1.06194 21.9913 3.4
      vertex -1.04096 22.0357 1.99
      vertex -1.04096 22.0357 3.4
    endloop
  endfacet
  facet normal 0.904144 -0.427228 0
    outer loop
      vertex -1.04096 22.0357 1.99
      vertex -1.06194 21.9913 3.4
      vertex -1.06194 21.9913 1.99
    endloop
  endfacet
  facet normal 0.426233 -0.904613 0
    outer loop
      vertex -0.835698 22.241 1.99
      vertex -0.791341 22.2619 3.4
      vertex -0.835698 22.241 3.4
    endloop
  endfacet
  facet normal 0.426233 -0.904613 0
    outer loop
      vertex -0.791341 22.2619 3.4
      vertex -0.835698 22.241 1.99
      vertex -0.791341 22.2619 1.99
    endloop
  endfacet
  facet normal 0.857762 -0.514046 0
    outer loop
      vertex -1.04096 22.0357 3.4
      vertex -1.01573 22.0778 1.99
      vertex -1.01573 22.0778 3.4
    endloop
  endfacet
  facet normal 0.857762 -0.514046 0
    outer loop
      vertex -1.01573 22.0778 1.99
      vertex -1.04096 22.0357 3.4
      vertex -1.04096 22.0357 1.99
    endloop
  endfacet
  facet normal 0.595315 -0.803492 0
    outer loop
      vertex -0.917196 22.1865 1.99
      vertex -0.877785 22.2157 3.4
      vertex -0.917196 22.1865 3.4
    endloop
  endfacet
  facet normal 0.595315 -0.803492 0
    outer loop
      vertex -0.877785 22.2157 3.4
      vertex -0.917196 22.1865 1.99
      vertex -0.877785 22.2157 1.99
    endloop
  endfacet
  facet normal 0.671547 0.740962 -0
    outer loop
      vertex -0.917196 0.813495 1.99
      vertex -0.953553 0.846446 3.4
      vertex -0.917196 0.813495 3.4
    endloop
  endfacet
  facet normal 0.671547 0.740962 0
    outer loop
      vertex -0.953553 0.846446 3.4
      vertex -0.917196 0.813495 1.99
      vertex -0.953553 0.846446 1.99
    endloop
  endfacet
  facet normal 0.857687 0.514172 0
    outer loop
      vertex -1.01573 0.922215 3.4
      vertex -1.04096 0.964301 1.99
      vertex -1.04096 0.964301 3.4
    endloop
  endfacet
  facet normal 0.857687 0.514172 0
    outer loop
      vertex -1.04096 0.964301 1.99
      vertex -1.01573 0.922215 3.4
      vertex -1.01573 0.922215 1.99
    endloop
  endfacet
  facet normal 0.24255 -0.970139 0
    outer loop
      vertex -0.745142 22.2785 1.99
      vertex -0.697545 22.2904 3.4
      vertex -0.745142 22.2785 3.4
    endloop
  endfacet
  facet normal 0.24255 -0.970139 0
    outer loop
      vertex -0.697545 22.2904 3.4
      vertex -0.745142 22.2785 1.99
      vertex -0.697545 22.2904 1.99
    endloop
  endfacet
  facet normal 0.989177 0.146726 0
    outer loop
      vertex 16.888 11.745 0
      vertex 16.852 11.9877 -3
      vertex 16.852 11.9877 0
    endloop
  endfacet
  facet normal 0.989177 0.146726 0
    outer loop
      vertex 16.852 11.9877 -3
      vertex 16.888 11.745 0
      vertex 16.888 11.745 -3
    endloop
  endfacet
  facet normal 0.998803 0.0489209 0
    outer loop
      vertex 16.9 11.5 0
      vertex 16.888 11.745 -3
      vertex 16.888 11.745 0
    endloop
  endfacet
  facet normal 0.998803 0.0489209 0
    outer loop
      vertex 16.888 11.745 -3
      vertex 16.9 11.5 0
      vertex 16.9 11.5 -3
    endloop
  endfacet
  facet normal 0.970047 0.242919 0
    outer loop
      vertex 16.852 11.9877 0
      vertex 16.7924 12.2257 -3
      vertex 16.7924 12.2257 0
    endloop
  endfacet
  facet normal 0.970047 0.242919 0
    outer loop
      vertex 16.7924 12.2257 -3
      vertex 16.852 11.9877 0
      vertex 16.852 11.9877 -3
    endloop
  endfacet
  facet normal -0.242919 0.970047 0
    outer loop
      vertex 13.9123 13.952 -3
      vertex 13.6743 13.8924 0
      vertex 13.9123 13.952 0
    endloop
  endfacet
  facet normal -0.242919 0.970047 0
    outer loop
      vertex 13.6743 13.8924 0
      vertex 13.9123 13.952 -3
      vertex 13.6743 13.8924 -3
    endloop
  endfacet
  facet normal -0.903995 -0.427543 0
    outer loop
      vertex 12.1952 10.3215 -3
      vertex 12.0903 10.5433 0
      vertex 12.0903 10.5433 -3
    endloop
  endfacet
  facet normal -0.903995 -0.427543 0
    outer loop
      vertex 12.0903 10.5433 0
      vertex 12.1952 10.3215 -3
      vertex 12.1952 10.3215 0
    endloop
  endfacet
  facet normal 0.427543 -0.903995 0
    outer loop
      vertex 15.3567 9.1903 -3
      vertex 15.5785 9.2952 0
      vertex 15.3567 9.1903 0
    endloop
  endfacet
  facet normal 0.427543 -0.903995 0
    outer loop
      vertex 15.5785 9.2952 0
      vertex 15.3567 9.1903 -3
      vertex 15.5785 9.2952 -3
    endloop
  endfacet
  facet normal 0.514076 0.857745 -0
    outer loop
      vertex 15.7889 13.5787 -3
      vertex 15.5785 13.7048 0
      vertex 15.7889 13.5787 0
    endloop
  endfacet
  facet normal 0.514076 0.857745 0
    outer loop
      vertex 15.5785 13.7048 0
      vertex 15.7889 13.5787 -3
      vertex 15.5785 13.7048 -3
    endloop
  endfacet
  facet normal 0.514166 -0.857691 0
    outer loop
      vertex 15.5785 9.2952 -3
      vertex 15.7889 9.42133 0
      vertex 15.5785 9.2952 0
    endloop
  endfacet
  facet normal 0.514166 -0.857691 0
    outer loop
      vertex 15.7889 9.42133 0
      vertex 15.5785 9.2952 -3
      vertex 15.7889 9.42133 -3
    endloop
  endfacet
  facet normal 0 0 1
    outer loop
      vertex 15.6 11.5 0
      vertex 16.9 11.5 0
      vertex 16.888 11.745 0
    endloop
  endfacet
  facet normal 0 0 1
    outer loop
      vertex 15.5942 11.6176 0
      vertex 16.888 11.745 0
      vertex 16.852 11.9877 0
    endloop
  endfacet
  facet normal 0 0 1
    outer loop
      vertex 16.9 11.5 0
      vertex 15.6 11.5 0
      vertex 16.888 11.255 0
    endloop
  endfacet
  facet normal 0 0 1
    outer loop
      vertex 15.5769 11.7341 0
      vertex 16.852 11.9877 0
      vertex 16.7924 12.2257 0
    endloop
  endfacet
  facet normal -0 0 1
    outer loop
      vertex 15.5942 11.3824 0
      vertex 16.888 11.255 0
      vertex 15.6 11.5 0
    endloop
  endfacet
  facet normal 0 0 1
    outer loop
      vertex 15.5483 11.8483 0
      vertex 16.7924 12.2257 0
      vertex 16.7097 12.4567 0
    endloop
  endfacet
  facet normal 0 0 1
    outer loop
      vertex 16.888 11.255 0
      vertex 15.5942 11.3824 0
      vertex 16.852 11.0123 0
    endloop
  endfacet
  facet normal 0 0 1
    outer loop
      vertex 15.5087 11.9592 0
      vertex 16.7097 12.4567 0
      vertex 16.6048 12.6785 0
    endloop
  endfacet
  facet normal -0 0 1
    outer loop
      vertex 15.5769 11.2659 0
      vertex 16.852 11.0123 0
      vertex 15.5942 11.3824 0
    endloop
  endfacet
  facet normal 0 0 1
    outer loop
      vertex 15.4583 12.0657 0
      vertex 16.6048 12.6785 0
      vertex 16.4787 12.8889 0
    endloop
  endfacet
  facet normal 0 0 1
    outer loop
      vertex 16.852 11.0123 0
      vertex 15.5769 11.2659 0
      vertex 16.7924 10.7743 0
    endloop
  endfacet
  facet normal 0 0 1
    outer loop
      vertex 15.3978 12.1667 0
      vertex 16.4787 12.8889 0
      vertex 16.3325 13.086 0
    endloop
  endfacet
  facet normal -0 0 1
    outer loop
      vertex 15.5483 11.1517 0
      vertex 16.7924 10.7743 0
      vertex 15.5769 11.2659 0
    endloop
  endfacet
  facet normal 0 0 1
    outer loop
      vertex 15.3276 12.2613 0
      vertex 16.3325 13.086 0
      vertex 16.1678 13.2678 0
    endloop
  endfacet
  facet normal 0 0 1
    outer loop
      vertex 16.7924 10.7743 0
      vertex 15.5483 11.1517 0
      vertex 16.7097 10.5433 0
    endloop
  endfacet
  facet normal 0 0 1
    outer loop
      vertex 15.2485 12.3485 0
      vertex 16.1678 13.2678 0
      vertex 15.986 13.4325 0
    endloop
  endfacet
  facet normal -0 0 1
    outer loop
      vertex 15.5087 11.0408 0
      vertex 16.7097 10.5433 0
      vertex 15.5483 11.1517 0
    endloop
  endfacet
  facet normal 0 0 1
    outer loop
      vertex 15.1613 12.4276 0
      vertex 15.986 13.4325 0
      vertex 15.7889 13.5787 0
    endloop
  endfacet
  facet normal 0 0 1
    outer loop
      vertex 16.7097 10.5433 0
      vertex 15.5087 11.0408 0
      vertex 16.6048 10.3215 0
    endloop
  endfacet
  facet normal -0 0 1
    outer loop
      vertex 15.4583 10.9343 0
      vertex 16.6048 10.3215 0
      vertex 15.5087 11.0408 0
    endloop
  endfacet
  facet normal 0 0 1
    outer loop
      vertex 16.888 11.745 0
      vertex 15.5942 11.6176 0
      vertex 15.6 11.5 0
    endloop
  endfacet
  facet normal 0 0 1
    outer loop
      vertex 15.0667 12.4978 0
      vertex 15.7889 13.5787 0
      vertex 15.5785 13.7048 0
    endloop
  endfacet
  facet normal 0 0 1
    outer loop
      vertex 16.852 11.9877 0
      vertex 15.5769 11.7341 0
      vertex 15.5942 11.6176 0
    endloop
  endfacet
  facet normal 0 0 1
    outer loop
      vertex 16.7924 12.2257 0
      vertex 15.5483 11.8483 0
      vertex 15.5769 11.7341 0
    endloop
  endfacet
  facet normal 0 0 1
    outer loop
      vertex 16.7097 12.4567 0
      vertex 15.5087 11.9592 0
      vertex 15.5483 11.8483 0
    endloop
  endfacet
  facet normal 0 0 1
    outer loop
      vertex 16.6048 12.6785 0
      vertex 15.4583 12.0657 0
      vertex 15.5087 11.9592 0
    endloop
  endfacet
  facet normal 0 0 1
    outer loop
      vertex 16.4787 12.8889 0
      vertex 15.3978 12.1667 0
      vertex 15.4583 12.0657 0
    endloop
  endfacet
  facet normal 0 0 1
    outer loop
      vertex 14.9657 12.5583 0
      vertex 15.5785 13.7048 0
      vertex 15.3567 13.8097 0
    endloop
  endfacet
  facet normal 0 0 1
    outer loop
      vertex 16.3325 13.086 0
      vertex 15.3276 12.2613 0
      vertex 15.3978 12.1667 0
    endloop
  endfacet
  facet normal 0 0 1
    outer loop
      vertex 16.1678 13.2678 0
      vertex 15.2485 12.3485 0
      vertex 15.3276 12.2613 0
    endloop
  endfacet
  facet normal 0 0 1
    outer loop
      vertex 15.986 13.4325 0
      vertex 15.1613 12.4276 0
      vertex 15.2485 12.3485 0
    endloop
  endfacet
  facet normal 0 0 1
    outer loop
      vertex 14.8592 12.6087 0
      vertex 15.3567 13.8097 0
      vertex 15.1257 13.8924 0
    endloop
  endfacet
  facet normal 0 0 1
    outer loop
      vertex 15.7889 13.5787 0
      vertex 15.0667 12.4978 0
      vertex 15.1613 12.4276 0
    endloop
  endfacet
  facet normal 0 0 1
    outer loop
      vertex 15.5785 13.7048 0
      vertex 14.9657 12.5583 0
      vertex 15.0667 12.4978 0
    endloop
  endfacet
  facet normal 0 0 1
    outer loop
      vertex 14.7483 12.6483 0
      vertex 15.1257 13.8924 0
      vertex 14.8877 13.952 0
    endloop
  endfacet
  facet normal 0 0 1
    outer loop
      vertex 15.3567 13.8097 0
      vertex 14.8592 12.6087 0
      vertex 14.9657 12.5583 0
    endloop
  endfacet
  facet normal 0 0 1
    outer loop
      vertex 15.1257 13.8924 0
      vertex 14.7483 12.6483 0
      vertex 14.8592 12.6087 0
    endloop
  endfacet
  facet normal 0 0 1
    outer loop
      vertex 14.6341 12.6769 0
      vertex 14.8877 13.952 0
      vertex 14.645 13.988 0
    endloop
  endfacet
  facet normal 0 0 1
    outer loop
      vertex 14.8877 13.952 0
      vertex 14.6341 12.6769 0
      vertex 14.7483 12.6483 0
    endloop
  endfacet
  facet normal 0 0 1
    outer loop
      vertex 14.645 13.988 0
      vertex 14.5176 12.6942 0
      vertex 14.6341 12.6769 0
    endloop
  endfacet
  facet normal 0 0 1
    outer loop
      vertex 14.4 14 0
      vertex 14.5176 12.6942 0
      vertex 14.645 13.988 0
    endloop
  endfacet
  facet normal 0 0 1
    outer loop
      vertex 14.4 14 0
      vertex 14.4 12.7 0
      vertex 14.5176 12.6942 0
    endloop
  endfacet
  facet normal 0 0 1
    outer loop
      vertex 14.4 14 0
      vertex 14.2824 12.6942 0
      vertex 14.4 12.7 0
    endloop
  endfacet
  facet normal -0 0 1
    outer loop
      vertex 14.155 13.988 0
      vertex 14.2824 12.6942 0
      vertex 14.4 14 0
    endloop
  endfacet
  facet normal 0 0 1
    outer loop
      vertex 14.2824 12.6942 0
      vertex 14.155 13.988 0
      vertex 14.1659 12.6769 0
    endloop
  endfacet
  facet normal -0 0 1
    outer loop
      vertex 13.9123 13.952 0
      vertex 14.1659 12.6769 0
      vertex 14.155 13.988 0
    endloop
  endfacet
  facet normal 0 0 1
    outer loop
      vertex 14.1659 12.6769 0
      vertex 13.9123 13.952 0
      vertex 14.0517 12.6483 0
    endloop
  endfacet
  facet normal -0 0 1
    outer loop
      vertex 13.6743 13.8924 0
      vertex 14.0517 12.6483 0
      vertex 13.9123 13.952 0
    endloop
  endfacet
  facet normal 0 0 1
    outer loop
      vertex 14.0517 12.6483 0
      vertex 13.6743 13.8924 0
      vertex 13.9408 12.6087 0
    endloop
  endfacet
  facet normal -0 0 1
    outer loop
      vertex 13.4433 13.8097 0
      vertex 13.9408 12.6087 0
      vertex 13.6743 13.8924 0
    endloop
  endfacet
  facet normal 0 0 1
    outer loop
      vertex 13.9408 12.6087 0
      vertex 13.4433 13.8097 0
      vertex 13.8343 12.5583 0
    endloop
  endfacet
  facet normal -0 0 1
    outer loop
      vertex 13.2215 13.7048 0
      vertex 13.8343 12.5583 0
      vertex 13.4433 13.8097 0
    endloop
  endfacet
  facet normal 0 0 1
    outer loop
      vertex 13.8343 12.5583 0
      vertex 13.2215 13.7048 0
      vertex 13.7333 12.4978 0
    endloop
  endfacet
  facet normal -0 0 1
    outer loop
      vertex 13.0111 13.5787 0
      vertex 13.7333 12.4978 0
      vertex 13.2215 13.7048 0
    endloop
  endfacet
  facet normal 0 0 1
    outer loop
      vertex 13.7333 12.4978 0
      vertex 13.0111 13.5787 0
      vertex 13.6387 12.4276 0
    endloop
  endfacet
  facet normal -0 0 1
    outer loop
      vertex 12.814 13.4325 0
      vertex 13.6387 12.4276 0
      vertex 13.0111 13.5787 0
    endloop
  endfacet
  facet normal 0 0 1
    outer loop
      vertex 13.6387 12.4276 0
      vertex 12.814 13.4325 0
      vertex 13.5515 12.3485 0
    endloop
  endfacet
  facet normal -0 0 1
    outer loop
      vertex 12.6322 13.2678 0
      vertex 13.5515 12.3485 0
      vertex 12.814 13.4325 0
    endloop
  endfacet
  facet normal 0 0 1
    outer loop
      vertex 13.5515 12.3485 0
      vertex 12.6322 13.2678 0
      vertex 13.4724 12.2613 0
    endloop
  endfacet
  facet normal -0 0 1
    outer loop
      vertex 12.4675 13.086 0
      vertex 13.4724 12.2613 0
      vertex 12.6322 13.2678 0
    endloop
  endfacet
  facet normal 0 0 1
    outer loop
      vertex 13.4724 12.2613 0
      vertex 12.4675 13.086 0
      vertex 13.4022 12.1667 0
    endloop
  endfacet
  facet normal -0 0 1
    outer loop
      vertex 12.3213 12.8889 0
      vertex 13.4022 12.1667 0
      vertex 12.4675 13.086 0
    endloop
  endfacet
  facet normal 0 0 1
    outer loop
      vertex 13.4022 12.1667 0
      vertex 12.3213 12.8889 0
      vertex 13.3417 12.0657 0
    endloop
  endfacet
  facet normal -0 0 1
    outer loop
      vertex 12.1952 12.6785 0
      vertex 13.3417 12.0657 0
      vertex 12.3213 12.8889 0
    endloop
  endfacet
  facet normal 0 0 1
    outer loop
      vertex 16.6048 10.3215 0
      vertex 15.4583 10.9343 0
      vertex 16.4787 10.1111 0
    endloop
  endfacet
  facet normal -0 0 1
    outer loop
      vertex 15.3978 10.8333 0
      vertex 16.4787 10.1111 0
      vertex 15.4583 10.9343 0
    endloop
  endfacet
  facet normal 0 0 1
    outer loop
      vertex 16.4787 10.1111 0
      vertex 15.3978 10.8333 0
      vertex 16.3325 9.91402 0
    endloop
  endfacet
  facet normal -0 0 1
    outer loop
      vertex 15.3276 10.7387 0
      vertex 16.3325 9.91402 0
      vertex 15.3978 10.8333 0
    endloop
  endfacet
  facet normal 0 0 1
    outer loop
      vertex 16.3325 9.91402 0
      vertex 15.3276 10.7387 0
      vertex 16.1678 9.73223 0
    endloop
  endfacet
  facet normal -0 0 1
    outer loop
      vertex 15.2485 10.6515 0
      vertex 16.1678 9.73223 0
      vertex 15.3276 10.7387 0
    endloop
  endfacet
  facet normal 0 0 1
    outer loop
      vertex 16.1678 9.73223 0
      vertex 15.2485 10.6515 0
      vertex 15.986 9.56747 0
    endloop
  endfacet
  facet normal -0 0 1
    outer loop
      vertex 15.1613 10.5724 0
      vertex 15.986 9.56747 0
      vertex 15.2485 10.6515 0
    endloop
  endfacet
  facet normal 0 0 1
    outer loop
      vertex 15.986 9.56747 0
      vertex 15.1613 10.5724 0
      vertex 15.7889 9.42133 0
    endloop
  endfacet
  facet normal -0 0 1
    outer loop
      vertex 15.0667 10.5022 0
      vertex 15.7889 9.42133 0
      vertex 15.1613 10.5724 0
    endloop
  endfacet
  facet normal 0 0 1
    outer loop
      vertex 15.7889 9.42133 0
      vertex 15.0667 10.5022 0
      vertex 15.5785 9.2952 0
    endloop
  endfacet
  facet normal -0 0 1
    outer loop
      vertex 14.9657 10.4417 0
      vertex 15.5785 9.2952 0
      vertex 15.0667 10.5022 0
    endloop
  endfacet
  facet normal 0 0 1
    outer loop
      vertex 15.5785 9.2952 0
      vertex 14.9657 10.4417 0
      vertex 15.3567 9.1903 0
    endloop
  endfacet
  facet normal -0 0 1
    outer loop
      vertex 14.8592 10.3913 0
      vertex 15.3567 9.1903 0
      vertex 14.9657 10.4417 0
    endloop
  endfacet
  facet normal 0 0 1
    outer loop
      vertex 15.3567 9.1903 0
      vertex 14.8592 10.3913 0
      vertex 15.1257 9.10765 0
    endloop
  endfacet
  facet normal -0 0 1
    outer loop
      vertex 14.7483 10.3517 0
      vertex 15.1257 9.10765 0
      vertex 14.8592 10.3913 0
    endloop
  endfacet
  facet normal 0 0 1
    outer loop
      vertex 15.1257 9.10765 0
      vertex 14.7483 10.3517 0
      vertex 14.8877 9.04804 0
    endloop
  endfacet
  facet normal -0 0 1
    outer loop
      vertex 14.6341 10.3231 0
      vertex 14.8877 9.04804 0
      vertex 14.7483 10.3517 0
    endloop
  endfacet
  facet normal 0 0 1
    outer loop
      vertex 14.8877 9.04804 0
      vertex 14.6341 10.3231 0
      vertex 14.645 9.01204 0
    endloop
  endfacet
  facet normal -0 0 1
    outer loop
      vertex 14.5176 10.3058 0
      vertex 14.645 9.01204 0
      vertex 14.6341 10.3231 0
    endloop
  endfacet
  facet normal -0 0 1
    outer loop
      vertex 14.4 10.3 0
      vertex 14.645 9.01204 0
      vertex 14.5176 10.3058 0
    endloop
  endfacet
  facet normal 0 0 1
    outer loop
      vertex 14.4 10.3 0
      vertex 14.4 9 0
      vertex 14.645 9.01204 0
    endloop
  endfacet
  facet normal 0 0 1
    outer loop
      vertex 14.2824 10.3058 0
      vertex 14.4 9 0
      vertex 14.4 10.3 0
    endloop
  endfacet
  facet normal 0 0 1
    outer loop
      vertex 14.155 9.01204 0
      vertex 14.2824 10.3058 0
      vertex 14.1659 10.3231 0
    endloop
  endfacet
  facet normal 0 0 1
    outer loop
      vertex 14.2824 10.3058 0
      vertex 14.155 9.01204 0
      vertex 14.4 9 0
    endloop
  endfacet
  facet normal 0 0 1
    outer loop
      vertex 13.9123 9.04804 0
      vertex 14.1659 10.3231 0
      vertex 14.0517 10.3517 0
    endloop
  endfacet
  facet normal 0 0 1
    outer loop
      vertex 13.6743 9.10765 0
      vertex 14.0517 10.3517 0
      vertex 13.9408 10.3913 0
    endloop
  endfacet
  facet normal 0 0 1
    outer loop
      vertex 14.1659 10.3231 0
      vertex 13.9123 9.04804 0
      vertex 14.155 9.01204 0
    endloop
  endfacet
  facet normal 0 0 1
    outer loop
      vertex 13.4433 9.1903 0
      vertex 13.9408 10.3913 0
      vertex 13.8343 10.4417 0
    endloop
  endfacet
  facet normal 0 0 1
    outer loop
      vertex 13.2215 9.2952 0
      vertex 13.8343 10.4417 0
      vertex 13.7333 10.5022 0
    endloop
  endfacet
  facet normal 0 0 1
    outer loop
      vertex 14.0517 10.3517 0
      vertex 13.6743 9.10765 0
      vertex 13.9123 9.04804 0
    endloop
  endfacet
  facet normal 0 0 1
    outer loop
      vertex 13.0111 9.42133 0
      vertex 13.7333 10.5022 0
      vertex 13.6387 10.5724 0
    endloop
  endfacet
  facet normal 0 0 1
    outer loop
      vertex 12.814 9.56747 0
      vertex 13.6387 10.5724 0
      vertex 13.5515 10.6515 0
    endloop
  endfacet
  facet normal 0 0 1
    outer loop
      vertex 12.6322 9.73223 0
      vertex 13.5515 10.6515 0
      vertex 13.4724 10.7387 0
    endloop
  endfacet
  facet normal 0 0 1
    outer loop
      vertex 13.9408 10.3913 0
      vertex 13.4433 9.1903 0
      vertex 13.6743 9.10765 0
    endloop
  endfacet
  facet normal 0 0 1
    outer loop
      vertex 12.4675 9.91402 0
      vertex 13.4724 10.7387 0
      vertex 13.4022 10.8333 0
    endloop
  endfacet
  facet normal 0 0 1
    outer loop
      vertex 12.3213 10.1111 0
      vertex 13.4022 10.8333 0
      vertex 13.3417 10.9343 0
    endloop
  endfacet
  facet normal 0 0 1
    outer loop
      vertex 12.1952 10.3215 0
      vertex 13.3417 10.9343 0
      vertex 13.2913 11.0408 0
    endloop
  endfacet
  facet normal 0 0 1
    outer loop
      vertex 12.0903 10.5433 0
      vertex 13.2913 11.0408 0
      vertex 13.2517 11.1517 0
    endloop
  endfacet
  facet normal 0 0 1
    outer loop
      vertex 12.0076 10.7743 0
      vertex 13.2517 11.1517 0
      vertex 13.2231 11.2659 0
    endloop
  endfacet
  facet normal 0 0 1
    outer loop
      vertex 13.8343 10.4417 0
      vertex 13.2215 9.2952 0
      vertex 13.4433 9.1903 0
    endloop
  endfacet
  facet normal 0 0 1
    outer loop
      vertex 11.948 11.0123 0
      vertex 13.2231 11.2659 0
      vertex 13.2058 11.3824 0
    endloop
  endfacet
  facet normal 0 0 1
    outer loop
      vertex 11.912 11.255 0
      vertex 13.2058 11.3824 0
      vertex 13.2 11.5 0
    endloop
  endfacet
  facet normal 0 0 1
    outer loop
      vertex 13.3417 12.0657 0
      vertex 12.1952 12.6785 0
      vertex 13.2913 11.9592 0
    endloop
  endfacet
  facet normal 0 0 1
    outer loop
      vertex 13.7333 10.5022 0
      vertex 13.0111 9.42133 0
      vertex 13.2215 9.2952 0
    endloop
  endfacet
  facet normal -0 0 1
    outer loop
      vertex 12.0903 12.4567 0
      vertex 13.2913 11.9592 0
      vertex 12.1952 12.6785 0
    endloop
  endfacet
  facet normal 0 0 1
    outer loop
      vertex 13.6387 10.5724 0
      vertex 12.814 9.56747 0
      vertex 13.0111 9.42133 0
    endloop
  endfacet
  facet normal 0 0 1
    outer loop
      vertex 13.2913 11.9592 0
      vertex 12.0903 12.4567 0
      vertex 13.2517 11.8483 0
    endloop
  endfacet
  facet normal 0 0 1
    outer loop
      vertex 13.5515 10.6515 0
      vertex 12.6322 9.73223 0
      vertex 12.814 9.56747 0
    endloop
  endfacet
  facet normal -0 0 1
    outer loop
      vertex 12.0076 12.2257 0
      vertex 13.2517 11.8483 0
      vertex 12.0903 12.4567 0
    endloop
  endfacet
  facet normal 0 0 1
    outer loop
      vertex 13.4724 10.7387 0
      vertex 12.4675 9.91402 0
      vertex 12.6322 9.73223 0
    endloop
  endfacet
  facet normal 0 0 1
    outer loop
      vertex 13.2517 11.8483 0
      vertex 12.0076 12.2257 0
      vertex 13.2231 11.7341 0
    endloop
  endfacet
  facet normal 0 0 1
    outer loop
      vertex 13.4022 10.8333 0
      vertex 12.3213 10.1111 0
      vertex 12.4675 9.91402 0
    endloop
  endfacet
  facet normal -0 0 1
    outer loop
      vertex 11.948 11.9877 0
      vertex 13.2231 11.7341 0
      vertex 12.0076 12.2257 0
    endloop
  endfacet
  facet normal 0 0 1
    outer loop
      vertex 13.3417 10.9343 0
      vertex 12.1952 10.3215 0
      vertex 12.3213 10.1111 0
    endloop
  endfacet
  facet normal 0 0 1
    outer loop
      vertex 13.2231 11.7341 0
      vertex 11.948 11.9877 0
      vertex 13.2058 11.6176 0
    endloop
  endfacet
  facet normal 0 0 1
    outer loop
      vertex 13.2913 11.0408 0
      vertex 12.0903 10.5433 0
      vertex 12.1952 10.3215 0
    endloop
  endfacet
  facet normal -0 0 1
    outer loop
      vertex 11.912 11.745 0
      vertex 13.2058 11.6176 0
      vertex 11.948 11.9877 0
    endloop
  endfacet
  facet normal 0 0 1
    outer loop
      vertex 13.2517 11.1517 0
      vertex 12.0076 10.7743 0
      vertex 12.0903 10.5433 0
    endloop
  endfacet
  facet normal 0 0 1
    outer loop
      vertex 13.2058 11.6176 0
      vertex 11.912 11.745 0
      vertex 13.2 11.5 0
    endloop
  endfacet
  facet normal 0 0 1
    outer loop
      vertex 13.2231 11.2659 0
      vertex 11.948 11.0123 0
      vertex 12.0076 10.7743 0
    endloop
  endfacet
  facet normal 0 0 1
    outer loop
      vertex 11.9 11.5 0
      vertex 13.2 11.5 0
      vertex 11.912 11.745 0
    endloop
  endfacet
  facet normal 0 0 1
    outer loop
      vertex 13.2058 11.3824 0
      vertex 11.912 11.255 0
      vertex 11.948 11.0123 0
    endloop
  endfacet
  facet normal 0 0 1
    outer loop
      vertex 13.2 11.5 0
      vertex 11.9 11.5 0
      vertex 11.912 11.255 0
    endloop
  endfacet
  facet normal 0.336879 -0.941548 0
    outer loop
      vertex 15.1257 9.10765 -3
      vertex 15.3567 9.1903 0
      vertex 15.1257 9.10765 0
    endloop
  endfacet
  facet normal 0.336879 -0.941548 0
    outer loop
      vertex 15.3567 9.1903 0
      vertex 15.1257 9.10765 -3
      vertex 15.3567 9.1903 -3
    endloop
  endfacet
  facet normal -0.970047 0.242919 0
    outer loop
      vertex 11.948 11.9877 -3
      vertex 12.0076 12.2257 0
      vertex 12.0076 12.2257 -3
    endloop
  endfacet
  facet normal -0.970047 0.242919 0
    outer loop
      vertex 12.0076 12.2257 0
      vertex 11.948 11.9877 -3
      vertex 11.948 11.9877 0
    endloop
  endfacet
  facet normal -0.671394 0.741101 0
    outer loop
      vertex 12.814 13.4325 -3
      vertex 12.6322 13.2678 0
      vertex 12.814 13.4325 0
    endloop
  endfacet
  facet normal -0.671394 0.741101 0
    outer loop
      vertex 12.6322 13.2678 0
      vertex 12.814 13.4325 -3
      vertex 12.6322 13.2678 -3
    endloop
  endfacet
  facet normal -0.514076 0.857745 0
    outer loop
      vertex 13.2215 13.7048 -3
      vertex 13.0111 13.5787 0
      vertex 13.2215 13.7048 0
    endloop
  endfacet
  facet normal -0.514076 0.857745 0
    outer loop
      vertex 13.0111 13.5787 0
      vertex 13.2215 13.7048 -3
      vertex 13.0111 13.5787 -3
    endloop
  endfacet
  facet normal 0.146726 -0.989177 0
    outer loop
      vertex 14.645 9.01204 -3
      vertex 14.8877 9.04804 0
      vertex 14.645 9.01204 0
    endloop
  endfacet
  facet normal 0.146726 -0.989177 0
    outer loop
      vertex 14.8877 9.04804 0
      vertex 14.645 9.01204 -3
      vertex 14.8877 9.04804 -3
    endloop
  endfacet
  facet normal -0.803167 0.595754 0
    outer loop
      vertex 12.3213 12.8889 -3
      vertex 12.4675 13.086 0
      vertex 12.4675 13.086 -3
    endloop
  endfacet
  facet normal -0.803167 0.595754 0
    outer loop
      vertex 12.4675 13.086 0
      vertex 12.3213 12.8889 -3
      vertex 12.3213 12.8889 0
    endloop
  endfacet
  facet normal 0.903995 0.427543 0
    outer loop
      vertex 16.7097 12.4567 0
      vertex 16.6048 12.6785 -3
      vertex 16.6048 12.6785 0
    endloop
  endfacet
  facet normal 0.903995 0.427543 0
    outer loop
      vertex 16.6048 12.6785 -3
      vertex 16.7097 12.4567 0
      vertex 16.7097 12.4567 -3
    endloop
  endfacet
  facet normal -0.941483 0.337059 0
    outer loop
      vertex 12.0076 12.2257 -3
      vertex 12.0903 12.4567 0
      vertex 12.0903 12.4567 -3
    endloop
  endfacet
  facet normal -0.941483 0.337059 0
    outer loop
      vertex 12.0903 12.4567 0
      vertex 12.0076 12.2257 -3
      vertex 12.0076 12.2257 0
    endloop
  endfacet
  facet normal -0.336879 -0.941548 0
    outer loop
      vertex 13.4433 9.1903 -3
      vertex 13.6743 9.10765 0
      vertex 13.4433 9.1903 0
    endloop
  endfacet
  facet normal -0.336879 -0.941548 -0
    outer loop
      vertex 13.6743 9.10765 0
      vertex 13.4433 9.1903 -3
      vertex 13.6743 9.10765 -3
    endloop
  endfacet
  facet normal 0.595754 0.803167 -0
    outer loop
      vertex 15.986 13.4325 -3
      vertex 15.7889 13.5787 0
      vertex 15.986 13.4325 0
    endloop
  endfacet
  facet normal 0.595754 0.803167 0
    outer loop
      vertex 15.7889 13.5787 0
      vertex 15.986 13.4325 -3
      vertex 15.7889 13.5787 -3
    endloop
  endfacet
  facet normal -0.903995 0.427543 0
    outer loop
      vertex 12.0903 12.4567 -3
      vertex 12.1952 12.6785 0
      vertex 12.1952 12.6785 -3
    endloop
  endfacet
  facet normal -0.903995 0.427543 0
    outer loop
      vertex 12.1952 12.6785 0
      vertex 12.0903 12.4567 -3
      vertex 12.0903 12.4567 0
    endloop
  endfacet
  facet normal 0.803138 -0.595793 0
    outer loop
      vertex 16.3325 9.91402 0
      vertex 16.4787 10.1111 -3
      vertex 16.4787 10.1111 0
    endloop
  endfacet
  facet normal 0.803138 -0.595793 0
    outer loop
      vertex 16.4787 10.1111 -3
      vertex 16.3325 9.91402 0
      vertex 16.3325 9.91402 -3
    endloop
  endfacet
  facet normal 0.146726 0.989177 -0
    outer loop
      vertex 14.8877 13.952 -3
      vertex 14.645 13.988 0
      vertex 14.8877 13.952 0
    endloop
  endfacet
  facet normal 0.146726 0.989177 0
    outer loop
      vertex 14.645 13.988 0
      vertex 14.8877 13.952 -3
      vertex 14.645 13.988 -3
    endloop
  endfacet
  facet normal -0.989177 0.146726 0
    outer loop
      vertex 11.912 11.745 -3
      vertex 11.948 11.9877 0
      vertex 11.948 11.9877 -3
    endloop
  endfacet
  facet normal -0.989177 0.146726 0
    outer loop
      vertex 11.948 11.9877 0
      vertex 11.912 11.745 -3
      vertex 11.912 11.745 0
    endloop
  endfacet
  facet normal 0.803167 0.595754 0
    outer loop
      vertex 16.4787 12.8889 0
      vertex 16.3325 13.086 -3
      vertex 16.3325 13.086 0
    endloop
  endfacet
  facet normal 0.803167 0.595754 0
    outer loop
      vertex 16.3325 13.086 -3
      vertex 16.4787 12.8889 0
      vertex 16.4787 12.8889 -3
    endloop
  endfacet
  facet normal 0.0489209 0.998803 -0
    outer loop
      vertex 14.645 13.988 -3
      vertex 14.4 14 0
      vertex 14.645 13.988 0
    endloop
  endfacet
  facet normal 0.0489209 0.998803 0
    outer loop
      vertex 14.4 14 0
      vertex 14.645 13.988 -3
      vertex 14.4 14 -3
    endloop
  endfacet
  facet normal -0.857745 -0.514076 0
    outer loop
      vertex 12.3213 10.1111 -3
      vertex 12.1952 10.3215 0
      vertex 12.1952 10.3215 -3
    endloop
  endfacet
  facet normal -0.857745 -0.514076 0
    outer loop
      vertex 12.1952 10.3215 0
      vertex 12.3213 10.1111 -3
      vertex 12.3213 10.1111 0
    endloop
  endfacet
  facet normal -0.941483 -0.337059 0
    outer loop
      vertex 12.0903 10.5433 -3
      vertex 12.0076 10.7743 0
      vertex 12.0076 10.7743 -3
    endloop
  endfacet
  facet normal -0.941483 -0.337059 0
    outer loop
      vertex 12.0076 10.7743 0
      vertex 12.0903 10.5433 -3
      vertex 12.0903 10.5433 0
    endloop
  endfacet
  facet normal -0.427543 0.903995 0
    outer loop
      vertex 13.4433 13.8097 -3
      vertex 13.2215 13.7048 0
      vertex 13.4433 13.8097 0
    endloop
  endfacet
  facet normal -0.427543 0.903995 0
    outer loop
      vertex 13.2215 13.7048 0
      vertex 13.4433 13.8097 -3
      vertex 13.2215 13.7048 -3
    endloop
  endfacet
  facet normal 0.903995 -0.427543 0
    outer loop
      vertex 16.6048 10.3215 0
      vertex 16.7097 10.5433 -3
      vertex 16.7097 10.5433 0
    endloop
  endfacet
  facet normal 0.903995 -0.427543 0
    outer loop
      vertex 16.7097 10.5433 -3
      vertex 16.6048 10.3215 0
      vertex 16.6048 10.3215 -3
    endloop
  endfacet
  facet normal -0.595596 -0.803284 0
    outer loop
      vertex 12.814 9.56747 -3
      vertex 13.0111 9.42133 0
      vertex 12.814 9.56747 0
    endloop
  endfacet
  facet normal -0.595596 -0.803284 -0
    outer loop
      vertex 13.0111 9.42133 0
      vertex 12.814 9.56747 -3
      vertex 13.0111 9.42133 -3
    endloop
  endfacet
  facet normal -0.857745 0.514076 0
    outer loop
      vertex 12.1952 12.6785 -3
      vertex 12.3213 12.8889 0
      vertex 12.3213 12.8889 -3
    endloop
  endfacet
  facet normal -0.857745 0.514076 0
    outer loop
      vertex 12.3213 12.8889 0
      vertex 12.1952 12.6785 -3
      vertex 12.1952 12.6785 0
    endloop
  endfacet
  facet normal 0.998803 -0.0489209 0
    outer loop
      vertex 16.888 11.255 0
      vertex 16.9 11.5 -3
      vertex 16.9 11.5 0
    endloop
  endfacet
  facet normal 0.998803 -0.0489209 0
    outer loop
      vertex 16.9 11.5 -3
      vertex 16.888 11.255 0
      vertex 16.888 11.255 -3
    endloop
  endfacet
  facet normal 0.941483 -0.337059 0
    outer loop
      vertex 16.7097 10.5433 0
      vertex 16.7924 10.7743 -3
      vertex 16.7924 10.7743 0
    endloop
  endfacet
  facet normal 0.941483 -0.337059 0
    outer loop
      vertex 16.7924 10.7743 -3
      vertex 16.7097 10.5433 0
      vertex 16.7097 10.5433 -3
    endloop
  endfacet
  facet normal 0.242958 -0.970037 0
    outer loop
      vertex 14.8877 9.04804 -3
      vertex 15.1257 9.10765 0
      vertex 14.8877 9.04804 0
    endloop
  endfacet
  facet normal 0.242958 -0.970037 0
    outer loop
      vertex 15.1257 9.10765 0
      vertex 14.8877 9.04804 -3
      vertex 15.1257 9.10765 -3
    endloop
  endfacet
  facet normal 0.941483 0.337059 0
    outer loop
      vertex 16.7924 12.2257 0
      vertex 16.7097 12.4567 -3
      vertex 16.7097 12.4567 0
    endloop
  endfacet
  facet normal 0.941483 0.337059 0
    outer loop
      vertex 16.7097 12.4567 -3
      vertex 16.7924 12.2257 0
      vertex 16.7924 12.2257 -3
    endloop
  endfacet
  facet normal -0.998803 -0.0489209 0
    outer loop
      vertex 11.912 11.255 -3
      vertex 11.9 11.5 0
      vertex 11.9 11.5 -3
    endloop
  endfacet
  facet normal -0.998803 -0.0489209 0
    outer loop
      vertex 11.9 11.5 0
      vertex 11.912 11.255 -3
      vertex 11.912 11.255 0
    endloop
  endfacet
  facet normal 0.989177 -0.146726 0
    outer loop
      vertex 16.852 11.0123 0
      vertex 16.888 11.255 -3
      vertex 16.888 11.255 0
    endloop
  endfacet
  facet normal 0.989177 -0.146726 0
    outer loop
      vertex 16.888 11.255 -3
      vertex 16.852 11.0123 0
      vertex 16.852 11.0123 -3
    endloop
  endfacet
  facet normal 0.970047 -0.242919 0
    outer loop
      vertex 16.7924 10.7743 0
      vertex 16.852 11.0123 -3
      vertex 16.852 11.0123 0
    endloop
  endfacet
  facet normal 0.970047 -0.242919 0
    outer loop
      vertex 16.852 11.0123 -3
      vertex 16.7924 10.7743 0
      vertex 16.7924 10.7743 -3
    endloop
  endfacet
  facet normal 0.671394 0.741101 -0
    outer loop
      vertex 16.1678 13.2678 -3
      vertex 15.986 13.4325 0
      vertex 16.1678 13.2678 0
    endloop
  endfacet
  facet normal 0.671394 0.741101 0
    outer loop
      vertex 15.986 13.4325 0
      vertex 16.1678 13.2678 -3
      vertex 15.986 13.4325 -3
    endloop
  endfacet
  facet normal 0.337059 0.941483 -0
    outer loop
      vertex 15.3567 13.8097 -3
      vertex 15.1257 13.8924 0
      vertex 15.3567 13.8097 0
    endloop
  endfacet
  facet normal 0.337059 0.941483 0
    outer loop
      vertex 15.1257 13.8924 0
      vertex 15.3567 13.8097 -3
      vertex 15.1257 13.8924 -3
    endloop
  endfacet
  facet normal -0.337059 0.941483 0
    outer loop
      vertex 13.6743 13.8924 -3
      vertex 13.4433 13.8097 0
      vertex 13.6743 13.8924 0
    endloop
  endfacet
  facet normal -0.337059 0.941483 0
    outer loop
      vertex 13.4433 13.8097 0
      vertex 13.6743 13.8924 -3
      vertex 13.4433 13.8097 -3
    endloop
  endfacet
  facet normal -0.514166 -0.857691 0
    outer loop
      vertex 13.0111 9.42133 -3
      vertex 13.2215 9.2952 0
      vertex 13.0111 9.42133 0
    endloop
  endfacet
  facet normal -0.514166 -0.857691 -0
    outer loop
      vertex 13.2215 9.2952 0
      vertex 13.0111 9.42133 -3
      vertex 13.2215 9.2952 -3
    endloop
  endfacet
  facet normal 0.857745 -0.514076 0
    outer loop
      vertex 16.4787 10.1111 0
      vertex 16.6048 10.3215 -3
      vertex 16.6048 10.3215 0
    endloop
  endfacet
  facet normal 0.857745 -0.514076 0
    outer loop
      vertex 16.6048 10.3215 -3
      vertex 16.4787 10.1111 0
      vertex 16.4787 10.1111 -3
    endloop
  endfacet
  facet normal 0.427543 0.903995 -0
    outer loop
      vertex 15.5785 13.7048 -3
      vertex 15.3567 13.8097 0
      vertex 15.5785 13.7048 0
    endloop
  endfacet
  facet normal 0.427543 0.903995 0
    outer loop
      vertex 15.3567 13.8097 0
      vertex 15.5785 13.7048 -3
      vertex 15.3567 13.8097 -3
    endloop
  endfacet
  facet normal -0.146726 -0.989177 0
    outer loop
      vertex 13.9123 9.04804 -3
      vertex 14.155 9.01204 0
      vertex 13.9123 9.04804 0
    endloop
  endfacet
  facet normal -0.146726 -0.989177 -0
    outer loop
      vertex 14.155 9.01204 0
      vertex 13.9123 9.04804 -3
      vertex 14.155 9.01204 -3
    endloop
  endfacet
  facet normal -0.595754 0.803167 0
    outer loop
      vertex 13.0111 13.5787 -3
      vertex 12.814 13.4325 0
      vertex 13.0111 13.5787 0
    endloop
  endfacet
  facet normal -0.595754 0.803167 0
    outer loop
      vertex 12.814 13.4325 0
      vertex 13.0111 13.5787 -3
      vertex 12.814 13.4325 -3
    endloop
  endfacet
  facet normal 0.857745 0.514076 0
    outer loop
      vertex 16.6048 12.6785 0
      vertex 16.4787 12.8889 -3
      vertex 16.4787 12.8889 0
    endloop
  endfacet
  facet normal 0.857745 0.514076 0
    outer loop
      vertex 16.4787 12.8889 -3
      vertex 16.6048 12.6785 0
      vertex 16.6048 12.6785 -3
    endloop
  endfacet
  facet normal -0.0490836 -0.998795 0
    outer loop
      vertex 14.155 9.01204 -3
      vertex 14.4 9 0
      vertex 14.155 9.01204 0
    endloop
  endfacet
  facet normal -0.0490836 -0.998795 -0
    outer loop
      vertex 14.4 9 0
      vertex 14.155 9.01204 -3
      vertex 14.4 9 -3
    endloop
  endfacet
  facet normal -0.741101 0.671394 0
    outer loop
      vertex 12.4675 13.086 -3
      vertex 12.6322 13.2678 0
      vertex 12.6322 13.2678 -3
    endloop
  endfacet
  facet normal -0.741101 0.671394 0
    outer loop
      vertex 12.6322 13.2678 0
      vertex 12.4675 13.086 -3
      vertex 12.4675 13.086 0
    endloop
  endfacet
  facet normal 0.0490836 -0.998795 0
    outer loop
      vertex 14.4 9 -3
      vertex 14.645 9.01204 0
      vertex 14.4 9 0
    endloop
  endfacet
  facet normal 0.0490836 -0.998795 0
    outer loop
      vertex 14.645 9.01204 0
      vertex 14.4 9 -3
      vertex 14.645 9.01204 -3
    endloop
  endfacet
  facet normal -0.146726 0.989177 0
    outer loop
      vertex 14.155 13.988 -3
      vertex 13.9123 13.952 0
      vertex 14.155 13.988 0
    endloop
  endfacet
  facet normal -0.146726 0.989177 0
    outer loop
      vertex 13.9123 13.952 0
      vertex 14.155 13.988 -3
      vertex 13.9123 13.952 -3
    endloop
  endfacet
  facet normal -0.242958 -0.970037 0
    outer loop
      vertex 13.6743 9.10765 -3
      vertex 13.9123 9.04804 0
      vertex 13.6743 9.10765 0
    endloop
  endfacet
  facet normal -0.242958 -0.970037 -0
    outer loop
      vertex 13.9123 9.04804 0
      vertex 13.6743 9.10765 -3
      vertex 13.9123 9.04804 -3
    endloop
  endfacet
  facet normal 0.671528 -0.740979 0
    outer loop
      vertex 15.986 9.56747 -3
      vertex 16.1678 9.73223 0
      vertex 15.986 9.56747 0
    endloop
  endfacet
  facet normal 0.671528 -0.740979 0
    outer loop
      vertex 16.1678 9.73223 0
      vertex 15.986 9.56747 -3
      vertex 16.1678 9.73223 -3
    endloop
  endfacet
  facet normal -0.671528 -0.740979 0
    outer loop
      vertex 12.6322 9.73223 -3
      vertex 12.814 9.56747 0
      vertex 12.6322 9.73223 0
    endloop
  endfacet
  facet normal -0.671528 -0.740979 -0
    outer loop
      vertex 12.814 9.56747 0
      vertex 12.6322 9.73223 -3
      vertex 12.814 9.56747 -3
    endloop
  endfacet
  facet normal 0.242919 0.970047 -0
    outer loop
      vertex 15.1257 13.8924 -3
      vertex 14.8877 13.952 0
      vertex 15.1257 13.8924 0
    endloop
  endfacet
  facet normal 0.242919 0.970047 0
    outer loop
      vertex 14.8877 13.952 0
      vertex 15.1257 13.8924 -3
      vertex 14.8877 13.952 -3
    endloop
  endfacet
  facet normal -0.970047 -0.242919 0
    outer loop
      vertex 12.0076 10.7743 -3
      vertex 11.948 11.0123 0
      vertex 11.948 11.0123 -3
    endloop
  endfacet
  facet normal -0.970047 -0.242919 0
    outer loop
      vertex 11.948 11.0123 0
      vertex 12.0076 10.7743 -3
      vertex 12.0076 10.7743 0
    endloop
  endfacet
  facet normal -0.427543 -0.903995 0
    outer loop
      vertex 13.2215 9.2952 -3
      vertex 13.4433 9.1903 0
      vertex 13.2215 9.2952 0
    endloop
  endfacet
  facet normal -0.427543 -0.903995 -0
    outer loop
      vertex 13.4433 9.1903 0
      vertex 13.2215 9.2952 -3
      vertex 13.4433 9.1903 -3
    endloop
  endfacet
  facet normal -0.741083 -0.671414 0
    outer loop
      vertex 12.6322 9.73223 -3
      vertex 12.4675 9.91402 0
      vertex 12.4675 9.91402 -3
    endloop
  endfacet
  facet normal -0.741083 -0.671414 0
    outer loop
      vertex 12.4675 9.91402 0
      vertex 12.6322 9.73223 -3
      vertex 12.6322 9.73223 0
    endloop
  endfacet
  facet normal -0.0489209 0.998803 0
    outer loop
      vertex 14.4 14 -3
      vertex 14.155 13.988 0
      vertex 14.4 14 0
    endloop
  endfacet
  facet normal -0.0489209 0.998803 0
    outer loop
      vertex 14.155 13.988 0
      vertex 14.4 14 -3
      vertex 14.155 13.988 -3
    endloop
  endfacet
  facet normal -0.989177 -0.146726 0
    outer loop
      vertex 11.948 11.0123 -3
      vertex 11.912 11.255 0
      vertex 11.912 11.255 -3
    endloop
  endfacet
  facet normal -0.989177 -0.146726 0
    outer loop
      vertex 11.912 11.255 0
      vertex 11.948 11.0123 -3
      vertex 11.948 11.0123 0
    endloop
  endfacet
  facet normal 0.741101 0.671394 0
    outer loop
      vertex 16.3325 13.086 0
      vertex 16.1678 13.2678 -3
      vertex 16.1678 13.2678 0
    endloop
  endfacet
  facet normal 0.741101 0.671394 0
    outer loop
      vertex 16.1678 13.2678 -3
      vertex 16.3325 13.086 0
      vertex 16.3325 13.086 -3
    endloop
  endfacet
  facet normal 0.595596 -0.803284 0
    outer loop
      vertex 15.7889 9.42133 -3
      vertex 15.986 9.56747 0
      vertex 15.7889 9.42133 0
    endloop
  endfacet
  facet normal 0.595596 -0.803284 0
    outer loop
      vertex 15.986 9.56747 0
      vertex 15.7889 9.42133 -3
      vertex 15.986 9.56747 -3
    endloop
  endfacet
  facet normal -0.803138 -0.595793 0
    outer loop
      vertex 12.4675 9.91402 -3
      vertex 12.3213 10.1111 0
      vertex 12.3213 10.1111 -3
    endloop
  endfacet
  facet normal -0.803138 -0.595793 0
    outer loop
      vertex 12.3213 10.1111 0
      vertex 12.4675 9.91402 -3
      vertex 12.4675 9.91402 0
    endloop
  endfacet
  facet normal -0.998803 0.0489209 0
    outer loop
      vertex 11.9 11.5 -3
      vertex 11.912 11.745 0
      vertex 11.912 11.745 -3
    endloop
  endfacet
  facet normal -0.998803 0.0489209 0
    outer loop
      vertex 11.912 11.745 0
      vertex 11.9 11.5 -3
      vertex 11.9 11.5 0
    endloop
  endfacet
  facet normal 0.741083 -0.671414 0
    outer loop
      vertex 16.1678 9.73223 0
      vertex 16.3325 9.91402 -3
      vertex 16.3325 9.91402 0
    endloop
  endfacet
  facet normal 0.741083 -0.671414 0
    outer loop
      vertex 16.3325 9.91402 -3
      vertex 16.1678 9.73223 0
      vertex 16.1678 9.73223 -3
    endloop
  endfacet
  facet normal 0.989177 0.146726 0
    outer loop
      vertex 26.888 11.745 0
      vertex 26.852 11.9877 -3
      vertex 26.852 11.9877 0
    endloop
  endfacet
  facet normal 0.989177 0.146726 0
    outer loop
      vertex 26.852 11.9877 -3
      vertex 26.888 11.745 0
      vertex 26.888 11.745 -3
    endloop
  endfacet
  facet normal 0.998803 0.0489209 0
    outer loop
      vertex 26.9 11.5 0
      vertex 26.888 11.745 -3
      vertex 26.888 11.745 0
    endloop
  endfacet
  facet normal 0.998803 0.0489209 0
    outer loop
      vertex 26.888 11.745 -3
      vertex 26.9 11.5 0
      vertex 26.9 11.5 -3
    endloop
  endfacet
  facet normal 0.970047 0.242919 0
    outer loop
      vertex 26.852 11.9877 0
      vertex 26.7924 12.2257 -3
      vertex 26.7924 12.2257 0
    endloop
  endfacet
  facet normal 0.970047 0.242919 0
    outer loop
      vertex 26.7924 12.2257 -3
      vertex 26.852 11.9877 0
      vertex 26.852 11.9877 -3
    endloop
  endfacet
  facet normal -0.242919 0.970047 0
    outer loop
      vertex 23.9123 13.952 -3
      vertex 23.6743 13.8924 0
      vertex 23.9123 13.952 0
    endloop
  endfacet
  facet normal -0.242919 0.970047 0
    outer loop
      vertex 23.6743 13.8924 0
      vertex 23.9123 13.952 -3
      vertex 23.6743 13.8924 -3
    endloop
  endfacet
  facet normal -0.903995 -0.427543 0
    outer loop
      vertex 22.1952 10.3215 -3
      vertex 22.0903 10.5433 0
      vertex 22.0903 10.5433 -3
    endloop
  endfacet
  facet normal -0.903995 -0.427543 0
    outer loop
      vertex 22.0903 10.5433 0
      vertex 22.1952 10.3215 -3
      vertex 22.1952 10.3215 0
    endloop
  endfacet
  facet normal 0.514076 0.857745 -0
    outer loop
      vertex 25.7889 13.5787 -3
      vertex 25.5785 13.7048 0
      vertex 25.7889 13.5787 0
    endloop
  endfacet
  facet normal 0.514076 0.857745 0
    outer loop
      vertex 25.5785 13.7048 0
      vertex 25.7889 13.5787 -3
      vertex 25.5785 13.7048 -3
    endloop
  endfacet
  facet normal 0.514166 -0.857691 0
    outer loop
      vertex 25.5785 9.2952 -3
      vertex 25.7889 9.42133 0
      vertex 25.5785 9.2952 0
    endloop
  endfacet
  facet normal 0.514166 -0.857691 0
    outer loop
      vertex 25.7889 9.42133 0
      vertex 25.5785 9.2952 -3
      vertex 25.7889 9.42133 -3
    endloop
  endfacet
  facet normal 0 0 1
    outer loop
      vertex 25.6 11.5 0
      vertex 26.9 11.5 0
      vertex 26.888 11.745 0
    endloop
  endfacet
  facet normal 0 0 1
    outer loop
      vertex 25.5942 11.6176 0
      vertex 26.888 11.745 0
      vertex 26.852 11.9877 0
    endloop
  endfacet
  facet normal 0 0 1
    outer loop
      vertex 26.9 11.5 0
      vertex 25.6 11.5 0
      vertex 26.888 11.255 0
    endloop
  endfacet
  facet normal 0 0 1
    outer loop
      vertex 25.5769 11.7341 0
      vertex 26.852 11.9877 0
      vertex 26.7924 12.2257 0
    endloop
  endfacet
  facet normal -0 0 1
    outer loop
      vertex 25.5942 11.3824 0
      vertex 26.888 11.255 0
      vertex 25.6 11.5 0
    endloop
  endfacet
  facet normal 0 0 1
    outer loop
      vertex 25.5483 11.8483 0
      vertex 26.7924 12.2257 0
      vertex 26.7097 12.4567 0
    endloop
  endfacet
  facet normal 0 0 1
    outer loop
      vertex 26.888 11.255 0
      vertex 25.5942 11.3824 0
      vertex 26.852 11.0123 0
    endloop
  endfacet
  facet normal 0 0 1
    outer loop
      vertex 25.5087 11.9592 0
      vertex 26.7097 12.4567 0
      vertex 26.6048 12.6785 0
    endloop
  endfacet
  facet normal -0 0 1
    outer loop
      vertex 25.5769 11.2659 0
      vertex 26.852 11.0123 0
      vertex 25.5942 11.3824 0
    endloop
  endfacet
  facet normal 0 0 1
    outer loop
      vertex 25.4583 12.0657 0
      vertex 26.6048 12.6785 0
      vertex 26.4787 12.8889 0
    endloop
  endfacet
  facet normal 0 0 1
    outer loop
      vertex 26.852 11.0123 0
      vertex 25.5769 11.2659 0
      vertex 26.7924 10.7743 0
    endloop
  endfacet
  facet normal 0 0 1
    outer loop
      vertex 25.3978 12.1667 0
      vertex 26.4787 12.8889 0
      vertex 26.3325 13.086 0
    endloop
  endfacet
  facet normal -0 0 1
    outer loop
      vertex 25.5483 11.1517 0
      vertex 26.7924 10.7743 0
      vertex 25.5769 11.2659 0
    endloop
  endfacet
  facet normal 0 0 1
    outer loop
      vertex 25.3276 12.2613 0
      vertex 26.3325 13.086 0
      vertex 26.1678 13.2678 0
    endloop
  endfacet
  facet normal 0 0 1
    outer loop
      vertex 26.7924 10.7743 0
      vertex 25.5483 11.1517 0
      vertex 26.7097 10.5433 0
    endloop
  endfacet
  facet normal 0 0 1
    outer loop
      vertex 25.2485 12.3485 0
      vertex 26.1678 13.2678 0
      vertex 25.986 13.4325 0
    endloop
  endfacet
  facet normal -0 0 1
    outer loop
      vertex 25.5087 11.0408 0
      vertex 26.7097 10.5433 0
      vertex 25.5483 11.1517 0
    endloop
  endfacet
  facet normal 0 0 1
    outer loop
      vertex 25.1613 12.4276 0
      vertex 25.986 13.4325 0
      vertex 25.7889 13.5787 0
    endloop
  endfacet
  facet normal 0 0 1
    outer loop
      vertex 26.7097 10.5433 0
      vertex 25.5087 11.0408 0
      vertex 26.6048 10.3215 0
    endloop
  endfacet
  facet normal -0 0 1
    outer loop
      vertex 25.4583 10.9343 0
      vertex 26.6048 10.3215 0
      vertex 25.5087 11.0408 0
    endloop
  endfacet
  facet normal 0 0 1
    outer loop
      vertex 26.888 11.745 0
      vertex 25.5942 11.6176 0
      vertex 25.6 11.5 0
    endloop
  endfacet
  facet normal 0 0 1
    outer loop
      vertex 25.0667 12.4978 0
      vertex 25.7889 13.5787 0
      vertex 25.5785 13.7048 0
    endloop
  endfacet
  facet normal 0 0 1
    outer loop
      vertex 26.852 11.9877 0
      vertex 25.5769 11.7341 0
      vertex 25.5942 11.6176 0
    endloop
  endfacet
  facet normal 0 0 1
    outer loop
      vertex 26.7924 12.2257 0
      vertex 25.5483 11.8483 0
      vertex 25.5769 11.7341 0
    endloop
  endfacet
  facet normal 0 0 1
    outer loop
      vertex 26.7097 12.4567 0
      vertex 25.5087 11.9592 0
      vertex 25.5483 11.8483 0
    endloop
  endfacet
  facet normal 0 0 1
    outer loop
      vertex 26.6048 12.6785 0
      vertex 25.4583 12.0657 0
      vertex 25.5087 11.9592 0
    endloop
  endfacet
  facet normal 0 0 1
    outer loop
      vertex 26.4787 12.8889 0
      vertex 25.3978 12.1667 0
      vertex 25.4583 12.0657 0
    endloop
  endfacet
  facet normal 0 0 1
    outer loop
      vertex 24.9657 12.5583 0
      vertex 25.5785 13.7048 0
      vertex 25.3567 13.8097 0
    endloop
  endfacet
  facet normal 0 0 1
    outer loop
      vertex 26.3325 13.086 0
      vertex 25.3276 12.2613 0
      vertex 25.3978 12.1667 0
    endloop
  endfacet
  facet normal 0 0 1
    outer loop
      vertex 26.1678 13.2678 0
      vertex 25.2485 12.3485 0
      vertex 25.3276 12.2613 0
    endloop
  endfacet
  facet normal 0 0 1
    outer loop
      vertex 25.986 13.4325 0
      vertex 25.1613 12.4276 0
      vertex 25.2485 12.3485 0
    endloop
  endfacet
  facet normal 0 0 1
    outer loop
      vertex 24.8592 12.6087 0
      vertex 25.3567 13.8097 0
      vertex 25.1257 13.8924 0
    endloop
  endfacet
  facet normal 0 0 1
    outer loop
      vertex 25.7889 13.5787 0
      vertex 25.0667 12.4978 0
      vertex 25.1613 12.4276 0
    endloop
  endfacet
  facet normal 0 0 1
    outer loop
      vertex 25.5785 13.7048 0
      vertex 24.9657 12.5583 0
      vertex 25.0667 12.4978 0
    endloop
  endfacet
  facet normal 0 0 1
    outer loop
      vertex 24.7483 12.6483 0
      vertex 25.1257 13.8924 0
      vertex 24.8877 13.952 0
    endloop
  endfacet
  facet normal 0 0 1
    outer loop
      vertex 25.3567 13.8097 0
      vertex 24.8592 12.6087 0
      vertex 24.9657 12.5583 0
    endloop
  endfacet
  facet normal 0 0 1
    outer loop
      vertex 25.1257 13.8924 0
      vertex 24.7483 12.6483 0
      vertex 24.8592 12.6087 0
    endloop
  endfacet
  facet normal 0 0 1
    outer loop
      vertex 24.6341 12.6769 0
      vertex 24.8877 13.952 0
      vertex 24.645 13.988 0
    endloop
  endfacet
  facet normal 0 0 1
    outer loop
      vertex 24.8877 13.952 0
      vertex 24.6341 12.6769 0
      vertex 24.7483 12.6483 0
    endloop
  endfacet
  facet normal 0 0 1
    outer loop
      vertex 24.645 13.988 0
      vertex 24.5176 12.6942 0
      vertex 24.6341 12.6769 0
    endloop
  endfacet
  facet normal 0 0 1
    outer loop
      vertex 24.4 14 0
      vertex 24.5176 12.6942 0
      vertex 24.645 13.988 0
    endloop
  endfacet
  facet normal 0 0 1
    outer loop
      vertex 24.4 14 0
      vertex 24.4 12.7 0
      vertex 24.5176 12.6942 0
    endloop
  endfacet
  facet normal 0 0 1
    outer loop
      vertex 24.4 14 0
      vertex 24.2824 12.6942 0
      vertex 24.4 12.7 0
    endloop
  endfacet
  facet normal -0 0 1
    outer loop
      vertex 24.155 13.988 0
      vertex 24.2824 12.6942 0
      vertex 24.4 14 0
    endloop
  endfacet
  facet normal 0 0 1
    outer loop
      vertex 24.2824 12.6942 0
      vertex 24.155 13.988 0
      vertex 24.1659 12.6769 0
    endloop
  endfacet
  facet normal -0 0 1
    outer loop
      vertex 23.9123 13.952 0
      vertex 24.1659 12.6769 0
      vertex 24.155 13.988 0
    endloop
  endfacet
  facet normal 0 0 1
    outer loop
      vertex 24.1659 12.6769 0
      vertex 23.9123 13.952 0
      vertex 24.0517 12.6483 0
    endloop
  endfacet
  facet normal -0 0 1
    outer loop
      vertex 23.6743 13.8924 0
      vertex 24.0517 12.6483 0
      vertex 23.9123 13.952 0
    endloop
  endfacet
  facet normal 0 0 1
    outer loop
      vertex 24.0517 12.6483 0
      vertex 23.6743 13.8924 0
      vertex 23.9408 12.6087 0
    endloop
  endfacet
  facet normal -0 0 1
    outer loop
      vertex 23.4433 13.8097 0
      vertex 23.9408 12.6087 0
      vertex 23.6743 13.8924 0
    endloop
  endfacet
  facet normal 0 0 1
    outer loop
      vertex 23.9408 12.6087 0
      vertex 23.4433 13.8097 0
      vertex 23.8343 12.5583 0
    endloop
  endfacet
  facet normal -0 0 1
    outer loop
      vertex 23.2215 13.7048 0
      vertex 23.8343 12.5583 0
      vertex 23.4433 13.8097 0
    endloop
  endfacet
  facet normal 0 0 1
    outer loop
      vertex 23.8343 12.5583 0
      vertex 23.2215 13.7048 0
      vertex 23.7333 12.4978 0
    endloop
  endfacet
  facet normal -0 0 1
    outer loop
      vertex 23.0111 13.5787 0
      vertex 23.7333 12.4978 0
      vertex 23.2215 13.7048 0
    endloop
  endfacet
  facet normal 0 0 1
    outer loop
      vertex 23.7333 12.4978 0
      vertex 23.0111 13.5787 0
      vertex 23.6387 12.4276 0
    endloop
  endfacet
  facet normal -0 0 1
    outer loop
      vertex 22.814 13.4325 0
      vertex 23.6387 12.4276 0
      vertex 23.0111 13.5787 0
    endloop
  endfacet
  facet normal 0 0 1
    outer loop
      vertex 23.6387 12.4276 0
      vertex 22.814 13.4325 0
      vertex 23.5515 12.3485 0
    endloop
  endfacet
  facet normal -0 0 1
    outer loop
      vertex 22.6322 13.2678 0
      vertex 23.5515 12.3485 0
      vertex 22.814 13.4325 0
    endloop
  endfacet
  facet normal 0 0 1
    outer loop
      vertex 23.5515 12.3485 0
      vertex 22.6322 13.2678 0
      vertex 23.4724 12.2613 0
    endloop
  endfacet
  facet normal -0 0 1
    outer loop
      vertex 22.4675 13.086 0
      vertex 23.4724 12.2613 0
      vertex 22.6322 13.2678 0
    endloop
  endfacet
  facet normal 0 0 1
    outer loop
      vertex 23.4724 12.2613 0
      vertex 22.4675 13.086 0
      vertex 23.4022 12.1667 0
    endloop
  endfacet
  facet normal -0 0 1
    outer loop
      vertex 22.3213 12.8889 0
      vertex 23.4022 12.1667 0
      vertex 22.4675 13.086 0
    endloop
  endfacet
  facet normal 0 0 1
    outer loop
      vertex 23.4022 12.1667 0
      vertex 22.3213 12.8889 0
      vertex 23.3417 12.0657 0
    endloop
  endfacet
  facet normal -0 0 1
    outer loop
      vertex 22.1952 12.6785 0
      vertex 23.3417 12.0657 0
      vertex 22.3213 12.8889 0
    endloop
  endfacet
  facet normal 0 0 1
    outer loop
      vertex 26.6048 10.3215 0
      vertex 25.4583 10.9343 0
      vertex 26.4787 10.1111 0
    endloop
  endfacet
  facet normal -0 0 1
    outer loop
      vertex 25.3978 10.8333 0
      vertex 26.4787 10.1111 0
      vertex 25.4583 10.9343 0
    endloop
  endfacet
  facet normal 0 0 1
    outer loop
      vertex 26.4787 10.1111 0
      vertex 25.3978 10.8333 0
      vertex 26.3325 9.91402 0
    endloop
  endfacet
  facet normal -0 0 1
    outer loop
      vertex 25.3276 10.7387 0
      vertex 26.3325 9.91402 0
      vertex 25.3978 10.8333 0
    endloop
  endfacet
  facet normal 0 0 1
    outer loop
      vertex 26.3325 9.91402 0
      vertex 25.3276 10.7387 0
      vertex 26.1678 9.73223 0
    endloop
  endfacet
  facet normal -0 0 1
    outer loop
      vertex 25.2485 10.6515 0
      vertex 26.1678 9.73223 0
      vertex 25.3276 10.7387 0
    endloop
  endfacet
  facet normal 0 0 1
    outer loop
      vertex 26.1678 9.73223 0
      vertex 25.2485 10.6515 0
      vertex 25.986 9.56747 0
    endloop
  endfacet
  facet normal -0 0 1
    outer loop
      vertex 25.1613 10.5724 0
      vertex 25.986 9.56747 0
      vertex 25.2485 10.6515 0
    endloop
  endfacet
  facet normal 0 0 1
    outer loop
      vertex 25.986 9.56747 0
      vertex 25.1613 10.5724 0
      vertex 25.7889 9.42133 0
    endloop
  endfacet
  facet normal -0 0 1
    outer loop
      vertex 25.0667 10.5022 0
      vertex 25.7889 9.42133 0
      vertex 25.1613 10.5724 0
    endloop
  endfacet
  facet normal 0 0 1
    outer loop
      vertex 25.7889 9.42133 0
      vertex 25.0667 10.5022 0
      vertex 25.5785 9.2952 0
    endloop
  endfacet
  facet normal -0 0 1
    outer loop
      vertex 24.9657 10.4417 0
      vertex 25.5785 9.2952 0
      vertex 25.0667 10.5022 0
    endloop
  endfacet
  facet normal 0 0 1
    outer loop
      vertex 25.5785 9.2952 0
      vertex 24.9657 10.4417 0
      vertex 25.3567 9.1903 0
    endloop
  endfacet
  facet normal -0 0 1
    outer loop
      vertex 24.8592 10.3913 0
      vertex 25.3567 9.1903 0
      vertex 24.9657 10.4417 0
    endloop
  endfacet
  facet normal 0 0 1
    outer loop
      vertex 25.3567 9.1903 0
      vertex 24.8592 10.3913 0
      vertex 25.1257 9.10765 0
    endloop
  endfacet
  facet normal -0 0 1
    outer loop
      vertex 24.7483 10.3517 0
      vertex 25.1257 9.10765 0
      vertex 24.8592 10.3913 0
    endloop
  endfacet
  facet normal 0 0 1
    outer loop
      vertex 25.1257 9.10765 0
      vertex 24.7483 10.3517 0
      vertex 24.8877 9.04804 0
    endloop
  endfacet
  facet normal -0 0 1
    outer loop
      vertex 24.6341 10.3231 0
      vertex 24.8877 9.04804 0
      vertex 24.7483 10.3517 0
    endloop
  endfacet
  facet normal 0 0 1
    outer loop
      vertex 24.8877 9.04804 0
      vertex 24.6341 10.3231 0
      vertex 24.645 9.01204 0
    endloop
  endfacet
  facet normal -0 0 1
    outer loop
      vertex 24.5176 10.3058 0
      vertex 24.645 9.01204 0
      vertex 24.6341 10.3231 0
    endloop
  endfacet
  facet normal -0 0 1
    outer loop
      vertex 24.4 10.3 0
      vertex 24.645 9.01204 0
      vertex 24.5176 10.3058 0
    endloop
  endfacet
  facet normal 0 0 1
    outer loop
      vertex 24.4 10.3 0
      vertex 24.4 9 0
      vertex 24.645 9.01204 0
    endloop
  endfacet
  facet normal 0 0 1
    outer loop
      vertex 24.2824 10.3058 0
      vertex 24.4 9 0
      vertex 24.4 10.3 0
    endloop
  endfacet
  facet normal 0 0 1
    outer loop
      vertex 24.155 9.01204 0
      vertex 24.2824 10.3058 0
      vertex 24.1659 10.3231 0
    endloop
  endfacet
  facet normal 0 0 1
    outer loop
      vertex 24.2824 10.3058 0
      vertex 24.155 9.01204 0
      vertex 24.4 9 0
    endloop
  endfacet
  facet normal 0 0 1
    outer loop
      vertex 23.9123 9.04804 0
      vertex 24.1659 10.3231 0
      vertex 24.0517 10.3517 0
    endloop
  endfacet
  facet normal 0 0 1
    outer loop
      vertex 23.6743 9.10765 0
      vertex 24.0517 10.3517 0
      vertex 23.9408 10.3913 0
    endloop
  endfacet
  facet normal 0 0 1
    outer loop
      vertex 24.1659 10.3231 0
      vertex 23.9123 9.04804 0
      vertex 24.155 9.01204 0
    endloop
  endfacet
  facet normal 0 0 1
    outer loop
      vertex 23.4433 9.1903 0
      vertex 23.9408 10.3913 0
      vertex 23.8343 10.4417 0
    endloop
  endfacet
  facet normal 0 0 1
    outer loop
      vertex 23.2215 9.2952 0
      vertex 23.8343 10.4417 0
      vertex 23.7333 10.5022 0
    endloop
  endfacet
  facet normal 0 0 1
    outer loop
      vertex 24.0517 10.3517 0
      vertex 23.6743 9.10765 0
      vertex 23.9123 9.04804 0
    endloop
  endfacet
  facet normal 0 0 1
    outer loop
      vertex 23.0111 9.42133 0
      vertex 23.7333 10.5022 0
      vertex 23.6387 10.5724 0
    endloop
  endfacet
  facet normal 0 0 1
    outer loop
      vertex 22.814 9.56747 0
      vertex 23.6387 10.5724 0
      vertex 23.5515 10.6515 0
    endloop
  endfacet
  facet normal 0 0 1
    outer loop
      vertex 22.6322 9.73223 0
      vertex 23.5515 10.6515 0
      vertex 23.4724 10.7387 0
    endloop
  endfacet
  facet normal 0 0 1
    outer loop
      vertex 23.9408 10.3913 0
      vertex 23.4433 9.1903 0
      vertex 23.6743 9.10765 0
    endloop
  endfacet
  facet normal 0 0 1
    outer loop
      vertex 22.4675 9.91402 0
      vertex 23.4724 10.7387 0
      vertex 23.4022 10.8333 0
    endloop
  endfacet
  facet normal 0 0 1
    outer loop
      vertex 22.3213 10.1111 0
      vertex 23.4022 10.8333 0
      vertex 23.3417 10.9343 0
    endloop
  endfacet
  facet normal 0 0 1
    outer loop
      vertex 22.1952 10.3215 0
      vertex 23.3417 10.9343 0
      vertex 23.2913 11.0408 0
    endloop
  endfacet
  facet normal 0 0 1
    outer loop
      vertex 22.0903 10.5433 0
      vertex 23.2913 11.0408 0
      vertex 23.2517 11.1517 0
    endloop
  endfacet
  facet normal 0 0 1
    outer loop
      vertex 22.0076 10.7743 0
      vertex 23.2517 11.1517 0
      vertex 23.2231 11.2659 0
    endloop
  endfacet
  facet normal 0 0 1
    outer loop
      vertex 23.8343 10.4417 0
      vertex 23.2215 9.2952 0
      vertex 23.4433 9.1903 0
    endloop
  endfacet
  facet normal 0 0 1
    outer loop
      vertex 21.948 11.0123 0
      vertex 23.2231 11.2659 0
      vertex 23.2058 11.3824 0
    endloop
  endfacet
  facet normal 0 0 1
    outer loop
      vertex 21.912 11.255 0
      vertex 23.2058 11.3824 0
      vertex 23.2 11.5 0
    endloop
  endfacet
  facet normal 0 0 1
    outer loop
      vertex 23.3417 12.0657 0
      vertex 22.1952 12.6785 0
      vertex 23.2913 11.9592 0
    endloop
  endfacet
  facet normal 0 0 1
    outer loop
      vertex 23.7333 10.5022 0
      vertex 23.0111 9.42133 0
      vertex 23.2215 9.2952 0
    endloop
  endfacet
  facet normal -0 0 1
    outer loop
      vertex 22.0903 12.4567 0
      vertex 23.2913 11.9592 0
      vertex 22.1952 12.6785 0
    endloop
  endfacet
  facet normal 0 0 1
    outer loop
      vertex 23.6387 10.5724 0
      vertex 22.814 9.56747 0
      vertex 23.0111 9.42133 0
    endloop
  endfacet
  facet normal 0 0 1
    outer loop
      vertex 23.2913 11.9592 0
      vertex 22.0903 12.4567 0
      vertex 23.2517 11.8483 0
    endloop
  endfacet
  facet normal 0 0 1
    outer loop
      vertex 23.5515 10.6515 0
      vertex 22.6322 9.73223 0
      vertex 22.814 9.56747 0
    endloop
  endfacet
  facet normal -0 0 1
    outer loop
      vertex 22.0076 12.2257 0
      vertex 23.2517 11.8483 0
      vertex 22.0903 12.4567 0
    endloop
  endfacet
  facet normal 0 0 1
    outer loop
      vertex 23.4724 10.7387 0
      vertex 22.4675 9.91402 0
      vertex 22.6322 9.73223 0
    endloop
  endfacet
  facet normal 0 0 1
    outer loop
      vertex 23.2517 11.8483 0
      vertex 22.0076 12.2257 0
      vertex 23.2231 11.7341 0
    endloop
  endfacet
  facet normal 0 0 1
    outer loop
      vertex 23.4022 10.8333 0
      vertex 22.3213 10.1111 0
      vertex 22.4675 9.91402 0
    endloop
  endfacet
  facet normal -0 0 1
    outer loop
      vertex 21.948 11.9877 0
      vertex 23.2231 11.7341 0
      vertex 22.0076 12.2257 0
    endloop
  endfacet
  facet normal 0 0 1
    outer loop
      vertex 23.3417 10.9343 0
      vertex 22.1952 10.3215 0
      vertex 22.3213 10.1111 0
    endloop
  endfacet
  facet normal 0 0 1
    outer loop
      vertex 23.2231 11.7341 0
      vertex 21.948 11.9877 0
      vertex 23.2058 11.6176 0
    endloop
  endfacet
  facet normal 0 0 1
    outer loop
      vertex 23.2913 11.0408 0
      vertex 22.0903 10.5433 0
      vertex 22.1952 10.3215 0
    endloop
  endfacet
  facet normal -0 0 1
    outer loop
      vertex 21.912 11.745 0
      vertex 23.2058 11.6176 0
      vertex 21.948 11.9877 0
    endloop
  endfacet
  facet normal 0 0 1
    outer loop
      vertex 23.2517 11.1517 0
      vertex 22.0076 10.7743 0
      vertex 22.0903 10.5433 0
    endloop
  endfacet
  facet normal 0 0 1
    outer loop
      vertex 23.2058 11.6176 0
      vertex 21.912 11.745 0
      vertex 23.2 11.5 0
    endloop
  endfacet
  facet normal 0 0 1
    outer loop
      vertex 23.2231 11.2659 0
      vertex 21.948 11.0123 0
      vertex 22.0076 10.7743 0
    endloop
  endfacet
  facet normal 0 0 1
    outer loop
      vertex 21.9 11.5 0
      vertex 23.2 11.5 0
      vertex 21.912 11.745 0
    endloop
  endfacet
  facet normal 0 0 1
    outer loop
      vertex 23.2058 11.3824 0
      vertex 21.912 11.255 0
      vertex 21.948 11.0123 0
    endloop
  endfacet
  facet normal 0 0 1
    outer loop
      vertex 23.2 11.5 0
      vertex 21.9 11.5 0
      vertex 21.912 11.255 0
    endloop
  endfacet
  facet normal 0.336879 -0.941548 0
    outer loop
      vertex 25.1257 9.10765 -3
      vertex 25.3567 9.1903 0
      vertex 25.1257 9.10765 0
    endloop
  endfacet
  facet normal 0.336879 -0.941548 0
    outer loop
      vertex 25.3567 9.1903 0
      vertex 25.1257 9.10765 -3
      vertex 25.3567 9.1903 -3
    endloop
  endfacet
  facet normal -0.970047 0.242919 0
    outer loop
      vertex 21.948 11.9877 -3
      vertex 22.0076 12.2257 0
      vertex 22.0076 12.2257 -3
    endloop
  endfacet
  facet normal -0.970047 0.242919 0
    outer loop
      vertex 22.0076 12.2257 0
      vertex 21.948 11.9877 -3
      vertex 21.948 11.9877 0
    endloop
  endfacet
  facet normal -0.671394 0.741101 0
    outer loop
      vertex 22.814 13.4325 -3
      vertex 22.6322 13.2678 0
      vertex 22.814 13.4325 0
    endloop
  endfacet
  facet normal -0.671394 0.741101 0
    outer loop
      vertex 22.6322 13.2678 0
      vertex 22.814 13.4325 -3
      vertex 22.6322 13.2678 -3
    endloop
  endfacet
  facet normal -0.514076 0.857745 0
    outer loop
      vertex 23.2215 13.7048 -3
      vertex 23.0111 13.5787 0
      vertex 23.2215 13.7048 0
    endloop
  endfacet
  facet normal -0.514076 0.857745 0
    outer loop
      vertex 23.0111 13.5787 0
      vertex 23.2215 13.7048 -3
      vertex 23.0111 13.5787 -3
    endloop
  endfacet
  facet normal 0.146726 -0.989177 0
    outer loop
      vertex 24.645 9.01204 -3
      vertex 24.8877 9.04804 0
      vertex 24.645 9.01204 0
    endloop
  endfacet
  facet normal 0.146726 -0.989177 0
    outer loop
      vertex 24.8877 9.04804 0
      vertex 24.645 9.01204 -3
      vertex 24.8877 9.04804 -3
    endloop
  endfacet
  facet normal -0.803167 0.595754 0
    outer loop
      vertex 22.3213 12.8889 -3
      vertex 22.4675 13.086 0
      vertex 22.4675 13.086 -3
    endloop
  endfacet
  facet normal -0.803167 0.595754 0
    outer loop
      vertex 22.4675 13.086 0
      vertex 22.3213 12.8889 -3
      vertex 22.3213 12.8889 0
    endloop
  endfacet
  facet normal 0.903995 0.427543 0
    outer loop
      vertex 26.7097 12.4567 0
      vertex 26.6048 12.6785 -3
      vertex 26.6048 12.6785 0
    endloop
  endfacet
  facet normal 0.903995 0.427543 0
    outer loop
      vertex 26.6048 12.6785 -3
      vertex 26.7097 12.4567 0
      vertex 26.7097 12.4567 -3
    endloop
  endfacet
  facet normal -0.941483 0.337059 0
    outer loop
      vertex 22.0076 12.2257 -3
      vertex 22.0903 12.4567 0
      vertex 22.0903 12.4567 -3
    endloop
  endfacet
  facet normal -0.941483 0.337059 0
    outer loop
      vertex 22.0903 12.4567 0
      vertex 22.0076 12.2257 -3
      vertex 22.0076 12.2257 0
    endloop
  endfacet
  facet normal -0.336879 -0.941548 0
    outer loop
      vertex 23.4433 9.1903 -3
      vertex 23.6743 9.10765 0
      vertex 23.4433 9.1903 0
    endloop
  endfacet
  facet normal -0.336879 -0.941548 -0
    outer loop
      vertex 23.6743 9.10765 0
      vertex 23.4433 9.1903 -3
      vertex 23.6743 9.10765 -3
    endloop
  endfacet
  facet normal 0.595754 0.803167 -0
    outer loop
      vertex 25.986 13.4325 -3
      vertex 25.7889 13.5787 0
      vertex 25.986 13.4325 0
    endloop
  endfacet
  facet normal 0.595754 0.803167 0
    outer loop
      vertex 25.7889 13.5787 0
      vertex 25.986 13.4325 -3
      vertex 25.7889 13.5787 -3
    endloop
  endfacet
  facet normal -0.903995 0.427543 0
    outer loop
      vertex 22.0903 12.4567 -3
      vertex 22.1952 12.6785 0
      vertex 22.1952 12.6785 -3
    endloop
  endfacet
  facet normal -0.903995 0.427543 0
    outer loop
      vertex 22.1952 12.6785 0
      vertex 22.0903 12.4567 -3
      vertex 22.0903 12.4567 0
    endloop
  endfacet
  facet normal 0.803138 -0.595793 0
    outer loop
      vertex 26.3325 9.91402 0
      vertex 26.4787 10.1111 -3
      vertex 26.4787 10.1111 0
    endloop
  endfacet
  facet normal 0.803138 -0.595793 0
    outer loop
      vertex 26.4787 10.1111 -3
      vertex 26.3325 9.91402 0
      vertex 26.3325 9.91402 -3
    endloop
  endfacet
  facet normal 0.146726 0.989177 -0
    outer loop
      vertex 24.8877 13.952 -3
      vertex 24.645 13.988 0
      vertex 24.8877 13.952 0
    endloop
  endfacet
  facet normal 0.146726 0.989177 0
    outer loop
      vertex 24.645 13.988 0
      vertex 24.8877 13.952 -3
      vertex 24.645 13.988 -3
    endloop
  endfacet
  facet normal -0.989177 0.146726 0
    outer loop
      vertex 21.912 11.745 -3
      vertex 21.948 11.9877 0
      vertex 21.948 11.9877 -3
    endloop
  endfacet
  facet normal -0.989177 0.146726 0
    outer loop
      vertex 21.948 11.9877 0
      vertex 21.912 11.745 -3
      vertex 21.912 11.745 0
    endloop
  endfacet
  facet normal 0.803167 0.595754 0
    outer loop
      vertex 26.4787 12.8889 0
      vertex 26.3325 13.086 -3
      vertex 26.3325 13.086 0
    endloop
  endfacet
  facet normal 0.803167 0.595754 0
    outer loop
      vertex 26.3325 13.086 -3
      vertex 26.4787 12.8889 0
      vertex 26.4787 12.8889 -3
    endloop
  endfacet
  facet normal 0.0489209 0.998803 -0
    outer loop
      vertex 24.645 13.988 -3
      vertex 24.4 14 0
      vertex 24.645 13.988 0
    endloop
  endfacet
  facet normal 0.0489209 0.998803 0
    outer loop
      vertex 24.4 14 0
      vertex 24.645 13.988 -3
      vertex 24.4 14 -3
    endloop
  endfacet
  facet normal -0.857745 -0.514076 0
    outer loop
      vertex 22.3213 10.1111 -3
      vertex 22.1952 10.3215 0
      vertex 22.1952 10.3215 -3
    endloop
  endfacet
  facet normal -0.857745 -0.514076 0
    outer loop
      vertex 22.1952 10.3215 0
      vertex 22.3213 10.1111 -3
      vertex 22.3213 10.1111 0
    endloop
  endfacet
  facet normal -0.941483 -0.337059 0
    outer loop
      vertex 22.0903 10.5433 -3
      vertex 22.0076 10.7743 0
      vertex 22.0076 10.7743 -3
    endloop
  endfacet
  facet normal -0.941483 -0.337059 0
    outer loop
      vertex 22.0076 10.7743 0
      vertex 22.0903 10.5433 -3
      vertex 22.0903 10.5433 0
    endloop
  endfacet
  facet normal -0.427543 0.903995 0
    outer loop
      vertex 23.4433 13.8097 -3
      vertex 23.2215 13.7048 0
      vertex 23.4433 13.8097 0
    endloop
  endfacet
  facet normal -0.427543 0.903995 0
    outer loop
      vertex 23.2215 13.7048 0
      vertex 23.4433 13.8097 -3
      vertex 23.2215 13.7048 -3
    endloop
  endfacet
  facet normal 0.903995 -0.427543 0
    outer loop
      vertex 26.6048 10.3215 0
      vertex 26.7097 10.5433 -3
      vertex 26.7097 10.5433 0
    endloop
  endfacet
  facet normal 0.903995 -0.427543 0
    outer loop
      vertex 26.7097 10.5433 -3
      vertex 26.6048 10.3215 0
      vertex 26.6048 10.3215 -3
    endloop
  endfacet
  facet normal -0.595596 -0.803284 0
    outer loop
      vertex 22.814 9.56747 -3
      vertex 23.0111 9.42133 0
      vertex 22.814 9.56747 0
    endloop
  endfacet
  facet normal -0.595596 -0.803284 -0
    outer loop
      vertex 23.0111 9.42133 0
      vertex 22.814 9.56747 -3
      vertex 23.0111 9.42133 -3
    endloop
  endfacet
  facet normal -0.857745 0.514076 0
    outer loop
      vertex 22.1952 12.6785 -3
      vertex 22.3213 12.8889 0
      vertex 22.3213 12.8889 -3
    endloop
  endfacet
  facet normal -0.857745 0.514076 0
    outer loop
      vertex 22.3213 12.8889 0
      vertex 22.1952 12.6785 -3
      vertex 22.1952 12.6785 0
    endloop
  endfacet
  facet normal 0.998803 -0.0489209 0
    outer loop
      vertex 26.888 11.255 0
      vertex 26.9 11.5 -3
      vertex 26.9 11.5 0
    endloop
  endfacet
  facet normal 0.998803 -0.0489209 0
    outer loop
      vertex 26.9 11.5 -3
      vertex 26.888 11.255 0
      vertex 26.888 11.255 -3
    endloop
  endfacet
  facet normal 0.941483 -0.337059 0
    outer loop
      vertex 26.7097 10.5433 0
      vertex 26.7924 10.7743 -3
      vertex 26.7924 10.7743 0
    endloop
  endfacet
  facet normal 0.941483 -0.337059 0
    outer loop
      vertex 26.7924 10.7743 -3
      vertex 26.7097 10.5433 0
      vertex 26.7097 10.5433 -3
    endloop
  endfacet
  facet normal 0.242958 -0.970037 0
    outer loop
      vertex 24.8877 9.04804 -3
      vertex 25.1257 9.10765 0
      vertex 24.8877 9.04804 0
    endloop
  endfacet
  facet normal 0.242958 -0.970037 0
    outer loop
      vertex 25.1257 9.10765 0
      vertex 24.8877 9.04804 -3
      vertex 25.1257 9.10765 -3
    endloop
  endfacet
  facet normal 0.941483 0.337059 0
    outer loop
      vertex 26.7924 12.2257 0
      vertex 26.7097 12.4567 -3
      vertex 26.7097 12.4567 0
    endloop
  endfacet
  facet normal 0.941483 0.337059 0
    outer loop
      vertex 26.7097 12.4567 -3
      vertex 26.7924 12.2257 0
      vertex 26.7924 12.2257 -3
    endloop
  endfacet
  facet normal -0.998803 -0.0489209 0
    outer loop
      vertex 21.912 11.255 -3
      vertex 21.9 11.5 0
      vertex 21.9 11.5 -3
    endloop
  endfacet
  facet normal -0.998803 -0.0489209 0
    outer loop
      vertex 21.9 11.5 0
      vertex 21.912 11.255 -3
      vertex 21.912 11.255 0
    endloop
  endfacet
  facet normal 0.989177 -0.146726 0
    outer loop
      vertex 26.852 11.0123 0
      vertex 26.888 11.255 -3
      vertex 26.888 11.255 0
    endloop
  endfacet
  facet normal 0.989177 -0.146726 0
    outer loop
      vertex 26.888 11.255 -3
      vertex 26.852 11.0123 0
      vertex 26.852 11.0123 -3
    endloop
  endfacet
  facet normal -0.671528 -0.740979 0
    outer loop
      vertex 22.6322 9.73223 -3
      vertex 22.814 9.56747 0
      vertex 22.6322 9.73223 0
    endloop
  endfacet
  facet normal -0.671528 -0.740979 -0
    outer loop
      vertex 22.814 9.56747 0
      vertex 22.6322 9.73223 -3
      vertex 22.814 9.56747 -3
    endloop
  endfacet
  facet normal 0.970047 -0.242919 0
    outer loop
      vertex 26.7924 10.7743 0
      vertex 26.852 11.0123 -3
      vertex 26.852 11.0123 0
    endloop
  endfacet
  facet normal 0.970047 -0.242919 0
    outer loop
      vertex 26.852 11.0123 -3
      vertex 26.7924 10.7743 0
      vertex 26.7924 10.7743 -3
    endloop
  endfacet
  facet normal 0.671394 0.741101 -0
    outer loop
      vertex 26.1678 13.2678 -3
      vertex 25.986 13.4325 0
      vertex 26.1678 13.2678 0
    endloop
  endfacet
  facet normal 0.671394 0.741101 0
    outer loop
      vertex 25.986 13.4325 0
      vertex 26.1678 13.2678 -3
      vertex 25.986 13.4325 -3
    endloop
  endfacet
  facet normal 0.337059 0.941483 -0
    outer loop
      vertex 25.3567 13.8097 -3
      vertex 25.1257 13.8924 0
      vertex 25.3567 13.8097 0
    endloop
  endfacet
  facet normal 0.337059 0.941483 0
    outer loop
      vertex 25.1257 13.8924 0
      vertex 25.3567 13.8097 -3
      vertex 25.1257 13.8924 -3
    endloop
  endfacet
  facet normal -0.337059 0.941483 0
    outer loop
      vertex 23.6743 13.8924 -3
      vertex 23.4433 13.8097 0
      vertex 23.6743 13.8924 0
    endloop
  endfacet
  facet normal -0.337059 0.941483 0
    outer loop
      vertex 23.4433 13.8097 0
      vertex 23.6743 13.8924 -3
      vertex 23.4433 13.8097 -3
    endloop
  endfacet
  facet normal -0.514166 -0.857691 0
    outer loop
      vertex 23.0111 9.42133 -3
      vertex 23.2215 9.2952 0
      vertex 23.0111 9.42133 0
    endloop
  endfacet
  facet normal -0.514166 -0.857691 -0
    outer loop
      vertex 23.2215 9.2952 0
      vertex 23.0111 9.42133 -3
      vertex 23.2215 9.2952 -3
    endloop
  endfacet
  facet normal 0.857745 -0.514076 0
    outer loop
      vertex 26.4787 10.1111 0
      vertex 26.6048 10.3215 -3
      vertex 26.6048 10.3215 0
    endloop
  endfacet
  facet normal 0.857745 -0.514076 0
    outer loop
      vertex 26.6048 10.3215 -3
      vertex 26.4787 10.1111 0
      vertex 26.4787 10.1111 -3
    endloop
  endfacet
  facet normal 0.427543 0.903995 -0
    outer loop
      vertex 25.5785 13.7048 -3
      vertex 25.3567 13.8097 0
      vertex 25.5785 13.7048 0
    endloop
  endfacet
  facet normal 0.427543 0.903995 0
    outer loop
      vertex 25.3567 13.8097 0
      vertex 25.5785 13.7048 -3
      vertex 25.3567 13.8097 -3
    endloop
  endfacet
  facet normal -0.146726 -0.989177 0
    outer loop
      vertex 23.9123 9.04804 -3
      vertex 24.155 9.01204 0
      vertex 23.9123 9.04804 0
    endloop
  endfacet
  facet normal -0.146726 -0.989177 -0
    outer loop
      vertex 24.155 9.01204 0
      vertex 23.9123 9.04804 -3
      vertex 24.155 9.01204 -3
    endloop
  endfacet
  facet normal -0.595754 0.803167 0
    outer loop
      vertex 23.0111 13.5787 -3
      vertex 22.814 13.4325 0
      vertex 23.0111 13.5787 0
    endloop
  endfacet
  facet normal -0.595754 0.803167 0
    outer loop
      vertex 22.814 13.4325 0
      vertex 23.0111 13.5787 -3
      vertex 22.814 13.4325 -3
    endloop
  endfacet
  facet normal 0.857745 0.514076 0
    outer loop
      vertex 26.6048 12.6785 0
      vertex 26.4787 12.8889 -3
      vertex 26.4787 12.8889 0
    endloop
  endfacet
  facet normal 0.857745 0.514076 0
    outer loop
      vertex 26.4787 12.8889 -3
      vertex 26.6048 12.6785 0
      vertex 26.6048 12.6785 -3
    endloop
  endfacet
  facet normal -0.0490836 -0.998795 0
    outer loop
      vertex 24.155 9.01204 -3
      vertex 24.4 9 0
      vertex 24.155 9.01204 0
    endloop
  endfacet
  facet normal -0.0490836 -0.998795 -0
    outer loop
      vertex 24.4 9 0
      vertex 24.155 9.01204 -3
      vertex 24.4 9 -3
    endloop
  endfacet
  facet normal -0.741101 0.671394 0
    outer loop
      vertex 22.4675 13.086 -3
      vertex 22.6322 13.2678 0
      vertex 22.6322 13.2678 -3
    endloop
  endfacet
  facet normal -0.741101 0.671394 0
    outer loop
      vertex 22.6322 13.2678 0
      vertex 22.4675 13.086 -3
      vertex 22.4675 13.086 0
    endloop
  endfacet
  facet normal 0.0490836 -0.998795 0
    outer loop
      vertex 24.4 9 -3
      vertex 24.645 9.01204 0
      vertex 24.4 9 0
    endloop
  endfacet
  facet normal 0.0490836 -0.998795 0
    outer loop
      vertex 24.645 9.01204 0
      vertex 24.4 9 -3
      vertex 24.645 9.01204 -3
    endloop
  endfacet
  facet normal -0.146726 0.989177 0
    outer loop
      vertex 24.155 13.988 -3
      vertex 23.9123 13.952 0
      vertex 24.155 13.988 0
    endloop
  endfacet
  facet normal -0.146726 0.989177 0
    outer loop
      vertex 23.9123 13.952 0
      vertex 24.155 13.988 -3
      vertex 23.9123 13.952 -3
    endloop
  endfacet
  facet normal -0.242958 -0.970037 0
    outer loop
      vertex 23.6743 9.10765 -3
      vertex 23.9123 9.04804 0
      vertex 23.6743 9.10765 0
    endloop
  endfacet
  facet normal -0.242958 -0.970037 -0
    outer loop
      vertex 23.9123 9.04804 0
      vertex 23.6743 9.10765 -3
      vertex 23.9123 9.04804 -3
    endloop
  endfacet
  facet normal 0.671528 -0.740979 0
    outer loop
      vertex 25.986 9.56747 -3
      vertex 26.1678 9.73223 0
      vertex 25.986 9.56747 0
    endloop
  endfacet
  facet normal 0.671528 -0.740979 0
    outer loop
      vertex 26.1678 9.73223 0
      vertex 25.986 9.56747 -3
      vertex 26.1678 9.73223 -3
    endloop
  endfacet
  facet normal 0.242919 0.970047 -0
    outer loop
      vertex 25.1257 13.8924 -3
      vertex 24.8877 13.952 0
      vertex 25.1257 13.8924 0
    endloop
  endfacet
  facet normal 0.242919 0.970047 0
    outer loop
      vertex 24.8877 13.952 0
      vertex 25.1257 13.8924 -3
      vertex 24.8877 13.952 -3
    endloop
  endfacet
  facet normal -0.970047 -0.242919 0
    outer loop
      vertex 22.0076 10.7743 -3
      vertex 21.948 11.0123 0
      vertex 21.948 11.0123 -3
    endloop
  endfacet
  facet normal -0.970047 -0.242919 0
    outer loop
      vertex 21.948 11.0123 0
      vertex 22.0076 10.7743 -3
      vertex 22.0076 10.7743 0
    endloop
  endfacet
  facet normal -0.427543 -0.903995 0
    outer loop
      vertex 23.2215 9.2952 -3
      vertex 23.4433 9.1903 0
      vertex 23.2215 9.2952 0
    endloop
  endfacet
  facet normal -0.427543 -0.903995 -0
    outer loop
      vertex 23.4433 9.1903 0
      vertex 23.2215 9.2952 -3
      vertex 23.4433 9.1903 -3
    endloop
  endfacet
  facet normal -0.741083 -0.671414 0
    outer loop
      vertex 22.6322 9.73223 -3
      vertex 22.4675 9.91402 0
      vertex 22.4675 9.91402 -3
    endloop
  endfacet
  facet normal -0.741083 -0.671414 0
    outer loop
      vertex 22.4675 9.91402 0
      vertex 22.6322 9.73223 -3
      vertex 22.6322 9.73223 0
    endloop
  endfacet
  facet normal 0.427543 -0.903995 0
    outer loop
      vertex 25.3567 9.1903 -3
      vertex 25.5785 9.2952 0
      vertex 25.3567 9.1903 0
    endloop
  endfacet
  facet normal 0.427543 -0.903995 0
    outer loop
      vertex 25.5785 9.2952 0
      vertex 25.3567 9.1903 -3
      vertex 25.5785 9.2952 -3
    endloop
  endfacet
  facet normal -0.0489209 0.998803 0
    outer loop
      vertex 24.4 14 -3
      vertex 24.155 13.988 0
      vertex 24.4 14 0
    endloop
  endfacet
  facet normal -0.0489209 0.998803 0
    outer loop
      vertex 24.155 13.988 0
      vertex 24.4 14 -3
      vertex 24.155 13.988 -3
    endloop
  endfacet
  facet normal -0.989177 -0.146726 0
    outer loop
      vertex 21.948 11.0123 -3
      vertex 21.912 11.255 0
      vertex 21.912 11.255 -3
    endloop
  endfacet
  facet normal -0.989177 -0.146726 0
    outer loop
      vertex 21.912 11.255 0
      vertex 21.948 11.0123 -3
      vertex 21.948 11.0123 0
    endloop
  endfacet
  facet normal 0.741101 0.671394 0
    outer loop
      vertex 26.3325 13.086 0
      vertex 26.1678 13.2678 -3
      vertex 26.1678 13.2678 0
    endloop
  endfacet
  facet normal 0.741101 0.671394 0
    outer loop
      vertex 26.1678 13.2678 -3
      vertex 26.3325 13.086 0
      vertex 26.3325 13.086 -3
    endloop
  endfacet
  facet normal 0.595596 -0.803284 0
    outer loop
      vertex 25.7889 9.42133 -3
      vertex 25.986 9.56747 0
      vertex 25.7889 9.42133 0
    endloop
  endfacet
  facet normal 0.595596 -0.803284 0
    outer loop
      vertex 25.986 9.56747 0
      vertex 25.7889 9.42133 -3
      vertex 25.986 9.56747 -3
    endloop
  endfacet
  facet normal -0.803138 -0.595793 0
    outer loop
      vertex 22.4675 9.91402 -3
      vertex 22.3213 10.1111 0
      vertex 22.3213 10.1111 -3
    endloop
  endfacet
  facet normal -0.803138 -0.595793 0
    outer loop
      vertex 22.3213 10.1111 0
      vertex 22.4675 9.91402 -3
      vertex 22.4675 9.91402 0
    endloop
  endfacet
  facet normal -0.998803 0.0489209 0
    outer loop
      vertex 21.9 11.5 -3
      vertex 21.912 11.745 0
      vertex 21.912 11.745 -3
    endloop
  endfacet
  facet normal -0.998803 0.0489209 0
    outer loop
      vertex 21.912 11.745 0
      vertex 21.9 11.5 -3
      vertex 21.9 11.5 0
    endloop
  endfacet
  facet normal 0.741083 -0.671414 0
    outer loop
      vertex 26.1678 9.73223 0
      vertex 26.3325 9.91402 -3
      vertex 26.3325 9.91402 0
    endloop
  endfacet
  facet normal 0.741083 -0.671414 0
    outer loop
      vertex 26.3325 9.91402 -3
      vertex 26.1678 9.73223 0
      vertex 26.1678 9.73223 -3
    endloop
  endfacet
  facet normal 0 -0.242945 0.97004
    outer loop
      vertex -4.1 12.487 -1.2536
      vertex -2.2 12.1633 -1.33467
      vertex -2.2 12.487 -1.2536
    endloop
  endfacet
  facet normal 0 -0.242945 0.97004
    outer loop
      vertex -2.2 12.1633 -1.33467
      vertex -4.1 12.487 -1.2536
      vertex -4.1 12.1633 -1.33467
    endloop
  endfacet
  facet normal 0 -0.0490558 0.998796
    outer loop
      vertex -4.1 11.8333 -1.38363
      vertex -2.2 11.5 -1.4
      vertex -2.2 11.8333 -1.38363
    endloop
  endfacet
  facet normal 0 -0.0490558 0.998796
    outer loop
      vertex -2.2 11.5 -1.4
      vertex -4.1 11.8333 -1.38363
      vertex -4.1 11.5 -1.4
    endloop
  endfacet
  facet normal 0 -0.427584 0.903976
    outer loop
      vertex -4.1 13.1027 -0.998532
      vertex -2.2 12.8011 -1.14119
      vertex -2.2 13.1027 -0.998532
    endloop
  endfacet
  facet normal 0 -0.427584 0.903976
    outer loop
      vertex -2.2 12.8011 -1.14119
      vertex -4.1 13.1027 -0.998532
      vertex -4.1 12.8011 -1.14119
    endloop
  endfacet
  facet normal 0 0.970033 0.242973
    outer loop
      vertex -2.2 8.2464 1.01303
      vertex -4.1 8.16533 1.33669
      vertex -2.2 8.16533 1.33669
    endloop
  endfacet
  facet normal 0 0.970033 0.242973
    outer loop
      vertex -4.1 8.16533 1.33669
      vertex -2.2 8.2464 1.01303
      vertex -4.1 8.2464 1.01303
    endloop
  endfacet
  facet normal 0 0.857735 0.514092
    outer loop
      vertex -2.2 8.673 0.111061
      vertex -4.1 8.50147 0.39725
      vertex -2.2 8.50147 0.39725
    endloop
  endfacet
  facet normal 0 0.857735 0.514092
    outer loop
      vertex -4.1 8.50147 0.39725
      vertex -2.2 8.673 0.111061
      vertex -4.1 8.673 0.111061
    endloop
  endfacet
  facet normal -0 0.595697 0.803209
    outer loop
      vertex -4.1 9.61106 -0.826996
      vertex -2.2 9.34306 -0.628235
      vertex -2.2 9.61106 -0.826996
    endloop
  endfacet
  facet normal 0 0.595697 0.803209
    outer loop
      vertex -2.2 9.34306 -0.628235
      vertex -4.1 9.61106 -0.826996
      vertex -4.1 9.34306 -0.628235
    endloop
  endfacet
  facet normal 0 0.903987 0.42756
    outer loop
      vertex -2.2 8.50147 0.39725
      vertex -4.1 8.35881 0.698875
      vertex -2.2 8.35881 0.698875
    endloop
  endfacet
  facet normal 0 0.903987 0.42756
    outer loop
      vertex -4.1 8.35881 0.698875
      vertex -2.2 8.50147 0.39725
      vertex -4.1 8.50147 0.39725
    endloop
  endfacet
  facet normal -0 0.146757 0.989173
    outer loop
      vertex -4.1 11.1667 -1.38363
      vertex -2.2 10.8367 -1.33467
      vertex -2.2 11.1667 -1.38363
    endloop
  endfacet
  facet normal 0 0.146757 0.989173
    outer loop
      vertex -2.2 10.8367 -1.33467
      vertex -4.1 11.1667 -1.38363
      vertex -4.1 10.8367 -1.33467
    endloop
  endfacet
  facet normal 0 -0.903941 0.427658
    outer loop
      vertex -4.1 14.4985 0.39725
      vertex -2.2 14.6412 0.698875
      vertex -4.1 14.6412 0.698875
    endloop
  endfacet
  facet normal 0 -0.903941 0.427658
    outer loop
      vertex -2.2 14.6412 0.698875
      vertex -4.1 14.4985 0.39725
      vertex -2.2 14.4985 0.39725
    endloop
  endfacet
  facet normal -0 0.242945 0.97004
    outer loop
      vertex -4.1 10.8367 -1.33467
      vertex -2.2 10.513 -1.2536
      vertex -2.2 10.8367 -1.33467
    endloop
  endfacet
  facet normal 0 0.242945 0.97004
    outer loop
      vertex -2.2 10.513 -1.2536
      vertex -4.1 10.8367 -1.33467
      vertex -4.1 10.513 -1.2536
    endloop
  endfacet
  facet normal 0 -0.857775 0.514025
    outer loop
      vertex -4.1 14.327 0.111061
      vertex -2.2 14.4985 0.39725
      vertex -4.1 14.4985 0.39725
    endloop
  endfacet
  facet normal 0 -0.857775 0.514025
    outer loop
      vertex -2.2 14.4985 0.39725
      vertex -4.1 14.327 0.111061
      vertex -2.2 14.327 0.111061
    endloop
  endfacet
  facet normal 0 -0.595697 0.803209
    outer loop
      vertex -4.1 13.6569 -0.628235
      vertex -2.2 13.3889 -0.826996
      vertex -2.2 13.6569 -0.628235
    endloop
  endfacet
  facet normal 0 -0.595697 0.803209
    outer loop
      vertex -2.2 13.3889 -0.826996
      vertex -4.1 13.6569 -0.628235
      vertex -4.1 13.3889 -0.826996
    endloop
  endfacet
  facet normal 0 0.941541 0.336899
    outer loop
      vertex -2.2 8.35881 0.698875
      vertex -4.1 8.2464 1.01303
      vertex -2.2 8.2464 1.01303
    endloop
  endfacet
  facet normal 0 0.941541 0.336899
    outer loop
      vertex -4.1 8.2464 1.01303
      vertex -2.2 8.35881 0.698875
      vertex -4.1 8.35881 0.698875
    endloop
  endfacet
  facet normal 0 -0.94155 0.336873
    outer loop
      vertex -4.1 14.6412 0.698875
      vertex -2.2 14.7536 1.01303
      vertex -4.1 14.7536 1.01303
    endloop
  endfacet
  facet normal 0 -0.94155 0.336873
    outer loop
      vertex -2.2 14.7536 1.01303
      vertex -4.1 14.6412 0.698875
      vertex -2.2 14.6412 0.698875
    endloop
  endfacet
  facet normal 0 -0.146757 0.989173
    outer loop
      vertex -4.1 12.1633 -1.33467
      vertex -2.2 11.8333 -1.38363
      vertex -2.2 12.1633 -1.33467
    endloop
  endfacet
  facet normal 0 -0.146757 0.989173
    outer loop
      vertex -2.2 11.8333 -1.38363
      vertex -4.1 12.1633 -1.33467
      vertex -4.1 11.8333 -1.38363
    endloop
  endfacet
  facet normal 0 -0.989202 0.14656
    outer loop
      vertex -4.1 14.8347 1.33669
      vertex -2.2 14.8836 1.66674
      vertex -4.1 14.8836 1.66674
    endloop
  endfacet
  facet normal 0 -0.989202 0.14656
    outer loop
      vertex -2.2 14.8836 1.66674
      vertex -4.1 14.8347 1.33669
      vertex -2.2 14.8347 1.33669
    endloop
  endfacet
  facet normal -0 0.0490558 0.998796
    outer loop
      vertex -4.1 11.5 -1.4
      vertex -2.2 11.1667 -1.38363
      vertex -2.2 11.5 -1.4
    endloop
  endfacet
  facet normal 0 0.0490558 0.998796
    outer loop
      vertex -2.2 11.1667 -1.38363
      vertex -4.1 11.5 -1.4
      vertex -4.1 11.1667 -1.38363
    endloop
  endfacet
  facet normal -0 0.427526 0.904003
    outer loop
      vertex -4.1 10.1989 -1.14119
      vertex -2.2 9.89725 -0.998532
      vertex -2.2 10.1989 -1.14119
    endloop
  endfacet
  facet normal 0 0.427526 0.904003
    outer loop
      vertex -2.2 9.89725 -0.998532
      vertex -4.1 10.1989 -1.14119
      vertex -4.1 9.89725 -0.998532
    endloop
  endfacet
  facet normal 0 -0.803151 0.595775
    outer loop
      vertex -4.1 14.1282 -0.156937
      vertex -2.2 14.327 0.111061
      vertex -4.1 14.327 0.111061
    endloop
  endfacet
  facet normal 0 -0.803151 0.595775
    outer loop
      vertex -2.2 14.327 0.111061
      vertex -4.1 14.1282 -0.156937
      vertex -2.2 14.1282 -0.156937
    endloop
  endfacet
  facet normal 0 0.989176 0.146735
    outer loop
      vertex -2.2 8.16533 1.33669
      vertex -4.1 8.11637 1.66674
      vertex -2.2 8.11637 1.66674
    endloop
  endfacet
  facet normal 0 0.989176 0.146735
    outer loop
      vertex -4.1 8.11637 1.66674
      vertex -2.2 8.16533 1.33669
      vertex -4.1 8.16533 1.33669
    endloop
  endfacet
  facet normal 0 -0.336952 0.941522
    outer loop
      vertex -4.1 12.8011 -1.14119
      vertex -2.2 12.487 -1.2536
      vertex -2.2 12.8011 -1.14119
    endloop
  endfacet
  facet normal 0 -0.336952 0.941522
    outer loop
      vertex -2.2 12.487 -1.2536
      vertex -4.1 12.8011 -1.14119
      vertex -4.1 12.487 -1.2536
    endloop
  endfacet
  facet normal -0 0.514103 0.857728
    outer loop
      vertex -4.1 9.89725 -0.998532
      vertex -2.2 9.61106 -0.826996
      vertex -2.2 9.89725 -0.998532
    endloop
  endfacet
  facet normal 0 0.514103 0.857728
    outer loop
      vertex -2.2 9.61106 -0.826996
      vertex -4.1 9.89725 -0.998532
      vertex -4.1 9.61106 -0.826996
    endloop
  endfacet
  facet normal -0 0.336952 0.941522
    outer loop
      vertex -4.1 10.513 -1.2536
      vertex -2.2 10.1989 -1.14119
      vertex -2.2 10.513 -1.2536
    endloop
  endfacet
  facet normal 0 0.336952 0.941522
    outer loop
      vertex -2.2 10.1989 -1.14119
      vertex -4.1 10.513 -1.2536
      vertex -4.1 10.1989 -1.14119
    endloop
  endfacet
  facet normal 0 -0.998791 0.0491513
    outer loop
      vertex -4.1 14.8836 1.66674
      vertex -2.2 14.9 2
      vertex -4.1 14.9 2
    endloop
  endfacet
  facet normal 0 -0.998791 0.0491513
    outer loop
      vertex -2.2 14.9 2
      vertex -4.1 14.8836 1.66674
      vertex -2.2 14.8836 1.66674
    endloop
  endfacet
  facet normal 0 0.740939 0.671573
    outer loop
      vertex -2.2 9.09584 -0.404162
      vertex -4.1 8.87176 -0.156937
      vertex -2.2 8.87176 -0.156937
    endloop
  endfacet
  facet normal 0 0.740939 0.671573
    outer loop
      vertex -4.1 8.87176 -0.156937
      vertex -2.2 9.09584 -0.404162
      vertex -4.1 9.09584 -0.404162
    endloop
  endfacet
  facet normal 0 -0.51409 0.857736
    outer loop
      vertex -4.1 13.3889 -0.826996
      vertex -2.2 13.1027 -0.998532
      vertex -2.2 13.3889 -0.826996
    endloop
  endfacet
  facet normal 0 -0.51409 0.857736
    outer loop
      vertex -2.2 13.1027 -0.998532
      vertex -4.1 13.3889 -0.826996
      vertex -4.1 13.1027 -0.998532
    endloop
  endfacet
  facet normal 0 -0.671449 0.741051
    outer loop
      vertex -4.1 13.9042 -0.404162
      vertex -2.2 13.6569 -0.628235
      vertex -2.2 13.9042 -0.404162
    endloop
  endfacet
  facet normal 0 -0.671449 0.741051
    outer loop
      vertex -2.2 13.6569 -0.628235
      vertex -4.1 13.9042 -0.404162
      vertex -4.1 13.6569 -0.628235
    endloop
  endfacet
  facet normal 0 -0.741058 0.671441
    outer loop
      vertex -4.1 13.9042 -0.404162
      vertex -2.2 14.1282 -0.156937
      vertex -4.1 14.1282 -0.156937
    endloop
  endfacet
  facet normal 0 -0.741058 0.671441
    outer loop
      vertex -2.2 14.1282 -0.156937
      vertex -4.1 13.9042 -0.404162
      vertex -2.2 13.9042 -0.404162
    endloop
  endfacet
  facet normal 0 -0.970012 0.243057
    outer loop
      vertex -4.1 14.7536 1.01303
      vertex -2.2 14.8347 1.33669
      vertex -4.1 14.8347 1.33669
    endloop
  endfacet
  facet normal 0 -0.970012 0.243057
    outer loop
      vertex -2.2 14.8347 1.33669
      vertex -4.1 14.7536 1.01303
      vertex -2.2 14.7536 1.01303
    endloop
  endfacet
  facet normal 0 0.998796 0.0490617
    outer loop
      vertex -2.2 8.11637 1.66674
      vertex -4.1 8.1 2
      vertex -2.2 8.1 2
    endloop
  endfacet
  facet normal 0 0.998796 0.0490617
    outer loop
      vertex -4.1 8.1 2
      vertex -2.2 8.11637 1.66674
      vertex -4.1 8.11637 1.66674
    endloop
  endfacet
  facet normal 0 0.803209 0.595698
    outer loop
      vertex -2.2 8.87176 -0.156937
      vertex -4.1 8.673 0.111061
      vertex -2.2 8.673 0.111061
    endloop
  endfacet
  facet normal 0 0.803209 0.595698
    outer loop
      vertex -4.1 8.673 0.111061
      vertex -2.2 8.87176 -0.156937
      vertex -4.1 8.87176 -0.156937
    endloop
  endfacet
  facet normal -0 0.671569 0.740942
    outer loop
      vertex -4.1 9.34306 -0.628235
      vertex -2.2 9.09584 -0.404162
      vertex -2.2 9.34306 -0.628235
    endloop
  endfacet
  facet normal 0 0.671569 0.740942
    outer loop
      vertex -2.2 9.09584 -0.404162
      vertex -4.1 9.34306 -0.628235
      vertex -4.1 9.09584 -0.404162
    endloop
  endfacet
  facet normal 0 -0.242945 0.97004
    outer loop
      vertex 39.2 18.487 -1.2536
      vertex 41.1 18.1633 -1.33467
      vertex 41.1 18.487 -1.2536
    endloop
  endfacet
  facet normal 0 -0.242945 0.97004
    outer loop
      vertex 41.1 18.1633 -1.33467
      vertex 39.2 18.487 -1.2536
      vertex 39.2 18.1633 -1.33467
    endloop
  endfacet
  facet normal 0 -0.0490558 0.998796
    outer loop
      vertex 39.2 17.8333 -1.38363
      vertex 41.1 17.5 -1.4
      vertex 41.1 17.8333 -1.38363
    endloop
  endfacet
  facet normal 0 -0.0490558 0.998796
    outer loop
      vertex 41.1 17.5 -1.4
      vertex 39.2 17.8333 -1.38363
      vertex 39.2 17.5 -1.4
    endloop
  endfacet
  facet normal 0 -0.427584 0.903976
    outer loop
      vertex 39.2 19.1027 -0.998532
      vertex 41.1 18.8011 -1.14119
      vertex 41.1 19.1027 -0.998532
    endloop
  endfacet
  facet normal 0 -0.427584 0.903976
    outer loop
      vertex 41.1 18.8011 -1.14119
      vertex 39.2 19.1027 -0.998532
      vertex 39.2 18.8011 -1.14119
    endloop
  endfacet
  facet normal 0 0.970012 0.243057
    outer loop
      vertex 41.1 14.2464 1.01303
      vertex 39.2 14.1653 1.33669
      vertex 41.1 14.1653 1.33669
    endloop
  endfacet
  facet normal 0 0.970012 0.243057
    outer loop
      vertex 39.2 14.1653 1.33669
      vertex 41.1 14.2464 1.01303
      vertex 39.2 14.2464 1.01303
    endloop
  endfacet
  facet normal 0 0.857775 0.514025
    outer loop
      vertex 41.1 14.673 0.111061
      vertex 39.2 14.5015 0.39725
      vertex 41.1 14.5015 0.39725
    endloop
  endfacet
  facet normal 0 0.857775 0.514025
    outer loop
      vertex 39.2 14.5015 0.39725
      vertex 41.1 14.673 0.111061
      vertex 39.2 14.673 0.111061
    endloop
  endfacet
  facet normal -0 0.595697 0.803209
    outer loop
      vertex 39.2 15.6111 -0.826996
      vertex 41.1 15.3431 -0.628235
      vertex 41.1 15.6111 -0.826996
    endloop
  endfacet
  facet normal 0 0.595697 0.803209
    outer loop
      vertex 41.1 15.3431 -0.628235
      vertex 39.2 15.6111 -0.826996
      vertex 39.2 15.3431 -0.628235
    endloop
  endfacet
  facet normal 0 0.903941 0.427658
    outer loop
      vertex 41.1 14.5015 0.39725
      vertex 39.2 14.3588 0.698875
      vertex 41.1 14.3588 0.698875
    endloop
  endfacet
  facet normal 0 0.903941 0.427658
    outer loop
      vertex 39.2 14.3588 0.698875
      vertex 41.1 14.5015 0.39725
      vertex 39.2 14.5015 0.39725
    endloop
  endfacet
  facet normal -0 0.146757 0.989173
    outer loop
      vertex 39.2 17.1667 -1.38363
      vertex 41.1 16.8367 -1.33467
      vertex 41.1 17.1667 -1.38363
    endloop
  endfacet
  facet normal 0 0.146757 0.989173
    outer loop
      vertex 41.1 16.8367 -1.33467
      vertex 39.2 17.1667 -1.38363
      vertex 39.2 16.8367 -1.33467
    endloop
  endfacet
  facet normal 0 -0.903941 0.427658
    outer loop
      vertex 39.2 20.4985 0.39725
      vertex 41.1 20.6412 0.698875
      vertex 39.2 20.6412 0.698875
    endloop
  endfacet
  facet normal 0 -0.903941 0.427658
    outer loop
      vertex 41.1 20.6412 0.698875
      vertex 39.2 20.4985 0.39725
      vertex 41.1 20.4985 0.39725
    endloop
  endfacet
  facet normal -0 0.242945 0.97004
    outer loop
      vertex 39.2 16.8367 -1.33467
      vertex 41.1 16.513 -1.2536
      vertex 41.1 16.8367 -1.33467
    endloop
  endfacet
  facet normal 0 0.242945 0.97004
    outer loop
      vertex 41.1 16.513 -1.2536
      vertex 39.2 16.8367 -1.33467
      vertex 39.2 16.513 -1.2536
    endloop
  endfacet
  facet normal 0 -0.857775 0.514025
    outer loop
      vertex 39.2 20.327 0.111061
      vertex 41.1 20.4985 0.39725
      vertex 39.2 20.4985 0.39725
    endloop
  endfacet
  facet normal 0 -0.857775 0.514025
    outer loop
      vertex 41.1 20.4985 0.39725
      vertex 39.2 20.327 0.111061
      vertex 41.1 20.327 0.111061
    endloop
  endfacet
  facet normal 0 -0.595697 0.803209
    outer loop
      vertex 39.2 19.6569 -0.628235
      vertex 41.1 19.3889 -0.826996
      vertex 41.1 19.6569 -0.628235
    endloop
  endfacet
  facet normal 0 -0.595697 0.803209
    outer loop
      vertex 41.1 19.3889 -0.826996
      vertex 39.2 19.6569 -0.628235
      vertex 39.2 19.3889 -0.826996
    endloop
  endfacet
  facet normal 0 0.94155 0.336873
    outer loop
      vertex 41.1 14.3588 0.698875
      vertex 39.2 14.2464 1.01303
      vertex 41.1 14.2464 1.01303
    endloop
  endfacet
  facet normal 0 0.94155 0.336873
    outer loop
      vertex 39.2 14.2464 1.01303
      vertex 41.1 14.3588 0.698875
      vertex 39.2 14.3588 0.698875
    endloop
  endfacet
  facet normal 0 -0.94155 0.336873
    outer loop
      vertex 39.2 20.6412 0.698875
      vertex 41.1 20.7536 1.01303
      vertex 39.2 20.7536 1.01303
    endloop
  endfacet
  facet normal 0 -0.94155 0.336873
    outer loop
      vertex 41.1 20.7536 1.01303
      vertex 39.2 20.6412 0.698875
      vertex 41.1 20.6412 0.698875
    endloop
  endfacet
  facet normal 0 -0.146757 0.989173
    outer loop
      vertex 39.2 18.1633 -1.33467
      vertex 41.1 17.8333 -1.38363
      vertex 41.1 18.1633 -1.33467
    endloop
  endfacet
  facet normal 0 -0.146757 0.989173
    outer loop
      vertex 41.1 17.8333 -1.38363
      vertex 39.2 18.1633 -1.33467
      vertex 39.2 17.8333 -1.38363
    endloop
  endfacet
  facet normal 0 -0.989202 0.14656
    outer loop
      vertex 39.2 20.8347 1.33669
      vertex 41.1 20.8836 1.66674
      vertex 39.2 20.8836 1.66674
    endloop
  endfacet
  facet normal 0 -0.989202 0.14656
    outer loop
      vertex 41.1 20.8836 1.66674
      vertex 39.2 20.8347 1.33669
      vertex 41.1 20.8347 1.33669
    endloop
  endfacet
  facet normal -0 0.0490558 0.998796
    outer loop
      vertex 39.2 17.5 -1.4
      vertex 41.1 17.1667 -1.38363
      vertex 41.1 17.5 -1.4
    endloop
  endfacet
  facet normal 0 0.0490558 0.998796
    outer loop
      vertex 41.1 17.1667 -1.38363
      vertex 39.2 17.5 -1.4
      vertex 39.2 17.1667 -1.38363
    endloop
  endfacet
  facet normal -0 0.427584 0.903976
    outer loop
      vertex 39.2 16.1989 -1.14119
      vertex 41.1 15.8973 -0.998532
      vertex 41.1 16.1989 -1.14119
    endloop
  endfacet
  facet normal 0 0.427584 0.903976
    outer loop
      vertex 41.1 15.8973 -0.998532
      vertex 39.2 16.1989 -1.14119
      vertex 39.2 15.8973 -0.998532
    endloop
  endfacet
  facet normal 0 -0.803151 0.595775
    outer loop
      vertex 39.2 20.1282 -0.156937
      vertex 41.1 20.327 0.111061
      vertex 39.2 20.327 0.111061
    endloop
  endfacet
  facet normal 0 -0.803151 0.595775
    outer loop
      vertex 41.1 20.327 0.111061
      vertex 39.2 20.1282 -0.156937
      vertex 41.1 20.1282 -0.156937
    endloop
  endfacet
  facet normal 0 0.989202 0.14656
    outer loop
      vertex 41.1 14.1653 1.33669
      vertex 39.2 14.1164 1.66674
      vertex 41.1 14.1164 1.66674
    endloop
  endfacet
  facet normal 0 0.989202 0.14656
    outer loop
      vertex 39.2 14.1164 1.66674
      vertex 41.1 14.1653 1.33669
      vertex 39.2 14.1653 1.33669
    endloop
  endfacet
  facet normal 0 -0.336952 0.941522
    outer loop
      vertex 39.2 18.8011 -1.14119
      vertex 41.1 18.487 -1.2536
      vertex 41.1 18.8011 -1.14119
    endloop
  endfacet
  facet normal 0 -0.336952 0.941522
    outer loop
      vertex 41.1 18.487 -1.2536
      vertex 39.2 18.8011 -1.14119
      vertex 39.2 18.487 -1.2536
    endloop
  endfacet
  facet normal -0 0.51409 0.857736
    outer loop
      vertex 39.2 15.8973 -0.998532
      vertex 41.1 15.6111 -0.826996
      vertex 41.1 15.8973 -0.998532
    endloop
  endfacet
  facet normal 0 0.51409 0.857736
    outer loop
      vertex 41.1 15.6111 -0.826996
      vertex 39.2 15.8973 -0.998532
      vertex 39.2 15.6111 -0.826996
    endloop
  endfacet
  facet normal -0 0.336952 0.941522
    outer loop
      vertex 39.2 16.513 -1.2536
      vertex 41.1 16.1989 -1.14119
      vertex 41.1 16.513 -1.2536
    endloop
  endfacet
  facet normal 0 0.336952 0.941522
    outer loop
      vertex 41.1 16.1989 -1.14119
      vertex 39.2 16.513 -1.2536
      vertex 39.2 16.1989 -1.14119
    endloop
  endfacet
  facet normal 0 -0.998791 0.0491513
    outer loop
      vertex 39.2 20.8836 1.66674
      vertex 41.1 20.9 2
      vertex 39.2 20.9 2
    endloop
  endfacet
  facet normal 0 -0.998791 0.0491513
    outer loop
      vertex 41.1 20.9 2
      vertex 39.2 20.8836 1.66674
      vertex 41.1 20.8836 1.66674
    endloop
  endfacet
  facet normal 0 0.741058 0.671441
    outer loop
      vertex 41.1 15.0958 -0.404162
      vertex 39.2 14.8718 -0.156937
      vertex 41.1 14.8718 -0.156937
    endloop
  endfacet
  facet normal 0 0.741058 0.671441
    outer loop
      vertex 39.2 14.8718 -0.156937
      vertex 41.1 15.0958 -0.404162
      vertex 39.2 15.0958 -0.404162
    endloop
  endfacet
  facet normal 0 -0.51409 0.857736
    outer loop
      vertex 39.2 19.3889 -0.826996
      vertex 41.1 19.1027 -0.998532
      vertex 41.1 19.3889 -0.826996
    endloop
  endfacet
  facet normal 0 -0.51409 0.857736
    outer loop
      vertex 41.1 19.1027 -0.998532
      vertex 39.2 19.3889 -0.826996
      vertex 39.2 19.1027 -0.998532
    endloop
  endfacet
  facet normal 0 -0.671449 0.741051
    outer loop
      vertex 39.2 19.9042 -0.404162
      vertex 41.1 19.6569 -0.628235
      vertex 41.1 19.9042 -0.404162
    endloop
  endfacet
  facet normal 0 -0.671449 0.741051
    outer loop
      vertex 41.1 19.6569 -0.628235
      vertex 39.2 19.9042 -0.404162
      vertex 39.2 19.6569 -0.628235
    endloop
  endfacet
  facet normal 0 -0.741058 0.671441
    outer loop
      vertex 39.2 19.9042 -0.404162
      vertex 41.1 20.1282 -0.156937
      vertex 39.2 20.1282 -0.156937
    endloop
  endfacet
  facet normal 0 -0.741058 0.671441
    outer loop
      vertex 41.1 20.1282 -0.156937
      vertex 39.2 19.9042 -0.404162
      vertex 41.1 19.9042 -0.404162
    endloop
  endfacet
  facet normal 0 -0.970012 0.243057
    outer loop
      vertex 39.2 20.7536 1.01303
      vertex 41.1 20.8347 1.33669
      vertex 39.2 20.8347 1.33669
    endloop
  endfacet
  facet normal 0 -0.970012 0.243057
    outer loop
      vertex 41.1 20.8347 1.33669
      vertex 39.2 20.7536 1.01303
      vertex 41.1 20.7536 1.01303
    endloop
  endfacet
  facet normal 0 0.998791 0.0491513
    outer loop
      vertex 41.1 14.1164 1.66674
      vertex 39.2 14.1 2
      vertex 41.1 14.1 2
    endloop
  endfacet
  facet normal 0 0.998791 0.0491513
    outer loop
      vertex 39.2 14.1 2
      vertex 41.1 14.1164 1.66674
      vertex 39.2 14.1164 1.66674
    endloop
  endfacet
  facet normal 0 0.803151 0.595775
    outer loop
      vertex 41.1 14.8718 -0.156937
      vertex 39.2 14.673 0.111061
      vertex 41.1 14.673 0.111061
    endloop
  endfacet
  facet normal 0 0.803151 0.595775
    outer loop
      vertex 39.2 14.673 0.111061
      vertex 41.1 14.8718 -0.156937
      vertex 39.2 14.8718 -0.156937
    endloop
  endfacet
  facet normal -0 0.671449 0.741051
    outer loop
      vertex 39.2 15.3431 -0.628235
      vertex 41.1 15.0958 -0.404162
      vertex 41.1 15.3431 -0.628235
    endloop
  endfacet
  facet normal 0 0.671449 0.741051
    outer loop
      vertex 41.1 15.0958 -0.404162
      vertex 39.2 15.3431 -0.628235
      vertex 39.2 15.0958 -0.404162
    endloop
  endfacet
  facet normal 0 -0.242973 0.970033
    outer loop
      vertex 39.2 6.48697 -1.2536
      vertex 41.1 6.16331 -1.33467
      vertex 41.1 6.48697 -1.2536
    endloop
  endfacet
  facet normal 0 -0.242973 0.970033
    outer loop
      vertex 41.1 6.16331 -1.33467
      vertex 39.2 6.48697 -1.2536
      vertex 39.2 6.16331 -1.33467
    endloop
  endfacet
  facet normal 0 -0.0490617 0.998796
    outer loop
      vertex 39.2 5.83326 -1.38363
      vertex 41.1 5.5 -1.4
      vertex 41.1 5.83326 -1.38363
    endloop
  endfacet
  facet normal 0 -0.0490617 0.998796
    outer loop
      vertex 41.1 5.5 -1.4
      vertex 39.2 5.83326 -1.38363
      vertex 39.2 5.5 -1.4
    endloop
  endfacet
  facet normal 0 0.970033 0.242973
    outer loop
      vertex 41.1 2.2464 1.01303
      vertex 39.2 2.16533 1.33669
      vertex 41.1 2.16533 1.33669
    endloop
  endfacet
  facet normal 0 0.970033 0.242973
    outer loop
      vertex 39.2 2.16533 1.33669
      vertex 41.1 2.2464 1.01303
      vertex 39.2 2.2464 1.01303
    endloop
  endfacet
  facet normal 0 0.857735 0.514092
    outer loop
      vertex 41.1 2.673 0.111061
      vertex 39.2 2.50147 0.39725
      vertex 41.1 2.50147 0.39725
    endloop
  endfacet
  facet normal 0 0.857735 0.514092
    outer loop
      vertex 39.2 2.50147 0.39725
      vertex 41.1 2.673 0.111061
      vertex 39.2 2.673 0.111061
    endloop
  endfacet
  facet normal -0 0.595697 0.803209
    outer loop
      vertex 39.2 3.61106 -0.826996
      vertex 41.1 3.34306 -0.628235
      vertex 41.1 3.61106 -0.826996
    endloop
  endfacet
  facet normal 0 0.595697 0.803209
    outer loop
      vertex 41.1 3.34306 -0.628235
      vertex 39.2 3.61106 -0.826996
      vertex 39.2 3.34306 -0.628235
    endloop
  endfacet
  facet normal -0 0.146735 0.989176
    outer loop
      vertex 39.2 5.16674 -1.38363
      vertex 41.1 4.83669 -1.33467
      vertex 41.1 5.16674 -1.38363
    endloop
  endfacet
  facet normal 0 0.146735 0.989176
    outer loop
      vertex 41.1 4.83669 -1.33467
      vertex 39.2 5.16674 -1.38363
      vertex 39.2 4.83669 -1.33467
    endloop
  endfacet
  facet normal 0 -0.903987 0.42756
    outer loop
      vertex 39.2 8.49853 0.39725
      vertex 41.1 8.64119 0.698875
      vertex 39.2 8.64119 0.698875
    endloop
  endfacet
  facet normal 0 -0.903987 0.42756
    outer loop
      vertex 41.1 8.64119 0.698875
      vertex 39.2 8.49853 0.39725
      vertex 41.1 8.49853 0.39725
    endloop
  endfacet
  facet normal -0 0.242973 0.970033
    outer loop
      vertex 39.2 4.83669 -1.33467
      vertex 41.1 4.51303 -1.2536
      vertex 41.1 4.83669 -1.33467
    endloop
  endfacet
  facet normal 0 0.242973 0.970033
    outer loop
      vertex 41.1 4.51303 -1.2536
      vertex 39.2 4.83669 -1.33467
      vertex 39.2 4.51303 -1.2536
    endloop
  endfacet
  facet normal 0 -0.857735 0.514092
    outer loop
      vertex 39.2 8.327 0.111061
      vertex 41.1 8.49853 0.39725
      vertex 39.2 8.49853 0.39725
    endloop
  endfacet
  facet normal 0 -0.857735 0.514092
    outer loop
      vertex 41.1 8.49853 0.39725
      vertex 39.2 8.327 0.111061
      vertex 41.1 8.327 0.111061
    endloop
  endfacet
  facet normal 0 -0.595697 0.803209
    outer loop
      vertex 39.2 7.65694 -0.628235
      vertex 41.1 7.38894 -0.826996
      vertex 41.1 7.65694 -0.628235
    endloop
  endfacet
  facet normal 0 -0.595697 0.803209
    outer loop
      vertex 41.1 7.38894 -0.826996
      vertex 39.2 7.65694 -0.628235
      vertex 39.2 7.38894 -0.826996
    endloop
  endfacet
  facet normal 0 0.941541 0.336899
    outer loop
      vertex 41.1 2.35881 0.698875
      vertex 39.2 2.2464 1.01303
      vertex 41.1 2.2464 1.01303
    endloop
  endfacet
  facet normal 0 0.941541 0.336899
    outer loop
      vertex 39.2 2.2464 1.01303
      vertex 41.1 2.35881 0.698875
      vertex 39.2 2.35881 0.698875
    endloop
  endfacet
  facet normal 0 -0.941541 0.336899
    outer loop
      vertex 39.2 8.64119 0.698875
      vertex 41.1 8.7536 1.01303
      vertex 39.2 8.7536 1.01303
    endloop
  endfacet
  facet normal 0 -0.941541 0.336899
    outer loop
      vertex 41.1 8.7536 1.01303
      vertex 39.2 8.64119 0.698875
      vertex 41.1 8.64119 0.698875
    endloop
  endfacet
  facet normal 0 -0.146735 0.989176
    outer loop
      vertex 39.2 6.16331 -1.33467
      vertex 41.1 5.83326 -1.38363
      vertex 41.1 6.16331 -1.33467
    endloop
  endfacet
  facet normal 0 -0.146735 0.989176
    outer loop
      vertex 41.1 5.83326 -1.38363
      vertex 39.2 6.16331 -1.33467
      vertex 39.2 5.83326 -1.38363
    endloop
  endfacet
  facet normal 0 -0.989176 0.146735
    outer loop
      vertex 39.2 8.83467 1.33669
      vertex 41.1 8.88363 1.66674
      vertex 39.2 8.88363 1.66674
    endloop
  endfacet
  facet normal 0 -0.989176 0.146735
    outer loop
      vertex 41.1 8.88363 1.66674
      vertex 39.2 8.83467 1.33669
      vertex 41.1 8.83467 1.33669
    endloop
  endfacet
  facet normal -0 0.0490617 0.998796
    outer loop
      vertex 39.2 5.5 -1.4
      vertex 41.1 5.16674 -1.38363
      vertex 41.1 5.5 -1.4
    endloop
  endfacet
  facet normal 0 0.0490617 0.998796
    outer loop
      vertex 41.1 5.16674 -1.38363
      vertex 39.2 5.5 -1.4
      vertex 39.2 5.16674 -1.38363
    endloop
  endfacet
  facet normal -0 0.427549 0.903992
    outer loop
      vertex 39.2 4.19888 -1.14119
      vertex 41.1 3.89725 -0.998532
      vertex 41.1 4.19888 -1.14119
    endloop
  endfacet
  facet normal 0 0.427549 0.903992
    outer loop
      vertex 41.1 3.89725 -0.998532
      vertex 39.2 4.19888 -1.14119
      vertex 39.2 3.89725 -0.998532
    endloop
  endfacet
  facet normal 0 -0.803194 0.595717
    outer loop
      vertex 39.2 8.12823 -0.156937
      vertex 41.1 8.327 0.111061
      vertex 39.2 8.327 0.111061
    endloop
  endfacet
  facet normal 0 -0.803194 0.595717
    outer loop
      vertex 41.1 8.327 0.111061
      vertex 39.2 8.12823 -0.156937
      vertex 41.1 8.12823 -0.156937
    endloop
  endfacet
  facet normal 0 0.989176 0.146735
    outer loop
      vertex 41.1 2.16533 1.33669
      vertex 39.2 2.11637 1.66674
      vertex 41.1 2.11637 1.66674
    endloop
  endfacet
  facet normal 0 0.989176 0.146735
    outer loop
      vertex 39.2 2.11637 1.66674
      vertex 41.1 2.16533 1.33669
      vertex 39.2 2.16533 1.33669
    endloop
  endfacet
  facet normal 0 -0.336904 0.941539
    outer loop
      vertex 39.2 6.80112 -1.14119
      vertex 41.1 6.48697 -1.2536
      vertex 41.1 6.80112 -1.14119
    endloop
  endfacet
  facet normal 0 -0.336904 0.941539
    outer loop
      vertex 41.1 6.48697 -1.2536
      vertex 39.2 6.80112 -1.14119
      vertex 39.2 6.48697 -1.2536
    endloop
  endfacet
  facet normal -0 0.514103 0.857728
    outer loop
      vertex 39.2 3.89725 -0.998532
      vertex 41.1 3.61106 -0.826996
      vertex 41.1 3.89725 -0.998532
    endloop
  endfacet
  facet normal 0 0.514103 0.857728
    outer loop
      vertex 41.1 3.61106 -0.826996
      vertex 39.2 3.89725 -0.998532
      vertex 39.2 3.61106 -0.826996
    endloop
  endfacet
  facet normal -0 0.336904 0.941539
    outer loop
      vertex 39.2 4.51303 -1.2536
      vertex 41.1 4.19888 -1.14119
      vertex 41.1 4.51303 -1.2536
    endloop
  endfacet
  facet normal 0 0.336904 0.941539
    outer loop
      vertex 41.1 4.19888 -1.14119
      vertex 39.2 4.51303 -1.2536
      vertex 39.2 4.19888 -1.14119
    endloop
  endfacet
  facet normal 0 -0.998796 0.0490617
    outer loop
      vertex 39.2 8.88363 1.66674
      vertex 41.1 8.9 2
      vertex 39.2 8.9 2
    endloop
  endfacet
  facet normal 0 -0.998796 0.0490617
    outer loop
      vertex 41.1 8.9 2
      vertex 39.2 8.88363 1.66674
      vertex 41.1 8.88363 1.66674
    endloop
  endfacet
  facet normal 0 -0.427549 0.903992
    outer loop
      vertex 39.2 7.10275 -0.998532
      vertex 41.1 6.80112 -1.14119
      vertex 41.1 7.10275 -0.998532
    endloop
  endfacet
  facet normal 0 -0.427549 0.903992
    outer loop
      vertex 41.1 6.80112 -1.14119
      vertex 39.2 7.10275 -0.998532
      vertex 39.2 6.80112 -1.14119
    endloop
  endfacet
  facet normal 0 0.740939 0.671573
    outer loop
      vertex 41.1 3.09584 -0.404162
      vertex 39.2 2.87176 -0.156937
      vertex 41.1 2.87176 -0.156937
    endloop
  endfacet
  facet normal 0 0.740939 0.671573
    outer loop
      vertex 39.2 2.87176 -0.156937
      vertex 41.1 3.09584 -0.404162
      vertex 39.2 3.09584 -0.404162
    endloop
  endfacet
  facet normal 0 -0.514103 0.857728
    outer loop
      vertex 39.2 7.38894 -0.826996
      vertex 41.1 7.10275 -0.998532
      vertex 41.1 7.38894 -0.826996
    endloop
  endfacet
  facet normal 0 -0.514103 0.857728
    outer loop
      vertex 41.1 7.10275 -0.998532
      vertex 39.2 7.38894 -0.826996
      vertex 39.2 7.10275 -0.998532
    endloop
  endfacet
  facet normal 0 -0.671569 0.740942
    outer loop
      vertex 39.2 7.90416 -0.404162
      vertex 41.1 7.65694 -0.628235
      vertex 41.1 7.90416 -0.404162
    endloop
  endfacet
  facet normal 0 -0.671569 0.740942
    outer loop
      vertex 41.1 7.65694 -0.628235
      vertex 39.2 7.90416 -0.404162
      vertex 39.2 7.65694 -0.628235
    endloop
  endfacet
  facet normal 0 -0.740954 0.671556
    outer loop
      vertex 39.2 7.90416 -0.404162
      vertex 41.1 8.12823 -0.156937
      vertex 39.2 8.12823 -0.156937
    endloop
  endfacet
  facet normal 0 -0.740954 0.671556
    outer loop
      vertex 41.1 8.12823 -0.156937
      vertex 39.2 7.90416 -0.404162
      vertex 41.1 7.90416 -0.404162
    endloop
  endfacet
  facet normal 0 -0.970033 0.242973
    outer loop
      vertex 39.2 8.7536 1.01303
      vertex 41.1 8.83467 1.33669
      vertex 39.2 8.83467 1.33669
    endloop
  endfacet
  facet normal 0 -0.970033 0.242973
    outer loop
      vertex 41.1 8.83467 1.33669
      vertex 39.2 8.7536 1.01303
      vertex 41.1 8.7536 1.01303
    endloop
  endfacet
  facet normal 0 0.903987 0.42756
    outer loop
      vertex 41.1 2.50147 0.39725
      vertex 39.2 2.35881 0.698875
      vertex 41.1 2.35881 0.698875
    endloop
  endfacet
  facet normal 0 0.903987 0.42756
    outer loop
      vertex 39.2 2.35881 0.698875
      vertex 41.1 2.50147 0.39725
      vertex 39.2 2.50147 0.39725
    endloop
  endfacet
  facet normal 0 0.998796 0.0490617
    outer loop
      vertex 41.1 2.11637 1.66674
      vertex 39.2 2.1 2
      vertex 41.1 2.1 2
    endloop
  endfacet
  facet normal 0 0.998796 0.0490617
    outer loop
      vertex 39.2 2.1 2
      vertex 41.1 2.11637 1.66674
      vertex 39.2 2.11637 1.66674
    endloop
  endfacet
  facet normal 0 0.803209 0.595698
    outer loop
      vertex 41.1 2.87176 -0.156937
      vertex 39.2 2.673 0.111061
      vertex 41.1 2.673 0.111061
    endloop
  endfacet
  facet normal 0 0.803209 0.595698
    outer loop
      vertex 39.2 2.673 0.111061
      vertex 41.1 2.87176 -0.156937
      vertex 39.2 2.87176 -0.156937
    endloop
  endfacet
  facet normal -0 0.671569 0.740942
    outer loop
      vertex 39.2 3.34306 -0.628235
      vertex 41.1 3.09584 -0.404162
      vertex 41.1 3.34306 -0.628235
    endloop
  endfacet
  facet normal 0 0.671569 0.740942
    outer loop
      vertex 41.1 3.09584 -0.404162
      vertex 39.2 3.34306 -0.628235
      vertex 39.2 3.09584 -0.404162
    endloop
  endfacet
  facet normal -1 0 0
    outer loop
      vertex 0.0999994 6.3 -3.2
      vertex 0.0999994 16.7 -3
      vertex 0.0999994 16.7 -3.2
    endloop
  endfacet
  facet normal -1 -0 0
    outer loop
      vertex 0.0999994 16.7 -3
      vertex 0.0999994 6.3 -3.2
      vertex 0.0999994 6.3 -3
    endloop
  endfacet
  facet normal -0 0 1
    outer loop
      vertex -2.2 16.7 -3.2
      vertex 0.0999994 6.3 -3.2
      vertex 0.0999994 16.7 -3.2
    endloop
  endfacet
  facet normal 0 0 1
    outer loop
      vertex 0.0999994 6.3 -3.2
      vertex -2.2 16.7 -3.2
      vertex -2.2 6.3 -3.2
    endloop
  endfacet
  facet normal 1 0 0
    outer loop
      vertex -2.2 14.8836 1.66674
      vertex -2.2 16.7 2
      vertex -2.2 14.9 2
    endloop
  endfacet
  facet normal 1 0 0
    outer loop
      vertex -2.2 14.8347 1.33669
      vertex -2.2 16.7 2
      vertex -2.2 14.8836 1.66674
    endloop
  endfacet
  facet normal 1 0 0
    outer loop
      vertex -2.2 14.7536 1.01303
      vertex -2.2 16.7 2
      vertex -2.2 14.8347 1.33669
    endloop
  endfacet
  facet normal 1 0 0
    outer loop
      vertex -2.2 14.6412 0.698875
      vertex -2.2 16.7 2
      vertex -2.2 14.7536 1.01303
    endloop
  endfacet
  facet normal 1 0 0
    outer loop
      vertex -2.2 14.4985 0.39725
      vertex -2.2 16.7 2
      vertex -2.2 14.6412 0.698875
    endloop
  endfacet
  facet normal 1 0 0
    outer loop
      vertex -2.2 16.7 2
      vertex -2.2 14.4985 0.39725
      vertex -2.2 16.7 -3.2
    endloop
  endfacet
  facet normal 1 -0 0
    outer loop
      vertex -2.2 14.327 0.111061
      vertex -2.2 16.7 -3.2
      vertex -2.2 14.4985 0.39725
    endloop
  endfacet
  facet normal 1 -0 0
    outer loop
      vertex -2.2 14.1282 -0.156937
      vertex -2.2 16.7 -3.2
      vertex -2.2 14.327 0.111061
    endloop
  endfacet
  facet normal 1 -0 0
    outer loop
      vertex -2.2 13.9042 -0.404162
      vertex -2.2 16.7 -3.2
      vertex -2.2 14.1282 -0.156937
    endloop
  endfacet
  facet normal 1 -0 0
    outer loop
      vertex -2.2 13.6569 -0.628235
      vertex -2.2 16.7 -3.2
      vertex -2.2 13.9042 -0.404162
    endloop
  endfacet
  facet normal 1 -0 0
    outer loop
      vertex -2.2 13.3889 -0.826996
      vertex -2.2 16.7 -3.2
      vertex -2.2 13.6569 -0.628235
    endloop
  endfacet
  facet normal 1 -0 0
    outer loop
      vertex -2.2 13.1027 -0.998532
      vertex -2.2 16.7 -3.2
      vertex -2.2 13.3889 -0.826996
    endloop
  endfacet
  facet normal 1 -0 0
    outer loop
      vertex -2.2 12.8011 -1.14119
      vertex -2.2 16.7 -3.2
      vertex -2.2 13.1027 -0.998532
    endloop
  endfacet
  facet normal 1 -0 0
    outer loop
      vertex -2.2 12.487 -1.2536
      vertex -2.2 16.7 -3.2
      vertex -2.2 12.8011 -1.14119
    endloop
  endfacet
  facet normal 1 -0 0
    outer loop
      vertex -2.2 12.1633 -1.33467
      vertex -2.2 16.7 -3.2
      vertex -2.2 12.487 -1.2536
    endloop
  endfacet
  facet normal 1 -0 0
    outer loop
      vertex -2.2 11.8333 -1.38363
      vertex -2.2 16.7 -3.2
      vertex -2.2 12.1633 -1.33467
    endloop
  endfacet
  facet normal 1 -0 0
    outer loop
      vertex -2.2 11.5 -1.4
      vertex -2.2 16.7 -3.2
      vertex -2.2 11.8333 -1.38363
    endloop
  endfacet
  facet normal 1 0 0
    outer loop
      vertex -2.2 6.3 -3.2
      vertex -2.2 11.5 -1.4
      vertex -2.2 11.1667 -1.38363
    endloop
  endfacet
  facet normal 1 0 0
    outer loop
      vertex -2.2 6.3 -3.2
      vertex -2.2 11.1667 -1.38363
      vertex -2.2 10.8367 -1.33467
    endloop
  endfacet
  facet normal 1 0 0
    outer loop
      vertex -2.2 6.3 -3.2
      vertex -2.2 10.8367 -1.33467
      vertex -2.2 10.513 -1.2536
    endloop
  endfacet
  facet normal 1 -0 0
    outer loop
      vertex -2.2 6.3 2
      vertex -2.2 8.11637 1.66674
      vertex -2.2 8.1 2
    endloop
  endfacet
  facet normal 1 0 0
    outer loop
      vertex -2.2 6.3 2
      vertex -2.2 8.16533 1.33669
      vertex -2.2 8.11637 1.66674
    endloop
  endfacet
  facet normal 1 0 0
    outer loop
      vertex -2.2 6.3 2
      vertex -2.2 8.2464 1.01303
      vertex -2.2 8.16533 1.33669
    endloop
  endfacet
  facet normal 1 0 0
    outer loop
      vertex -2.2 6.3 2
      vertex -2.2 8.35881 0.698875
      vertex -2.2 8.2464 1.01303
    endloop
  endfacet
  facet normal 1 0 0
    outer loop
      vertex -2.2 6.3 2
      vertex -2.2 8.50147 0.39725
      vertex -2.2 8.35881 0.698875
    endloop
  endfacet
  facet normal 1 0 0
    outer loop
      vertex -2.2 6.3 -3.2
      vertex -2.2 8.50147 0.39725
      vertex -2.2 6.3 2
    endloop
  endfacet
  facet normal 1 0 0
    outer loop
      vertex -2.2 8.50147 0.39725
      vertex -2.2 6.3 -3.2
      vertex -2.2 8.673 0.111061
    endloop
  endfacet
  facet normal 1 0 0
    outer loop
      vertex -2.2 8.673 0.111061
      vertex -2.2 6.3 -3.2
      vertex -2.2 8.87176 -0.156937
    endloop
  endfacet
  facet normal 1 0 0
    outer loop
      vertex -2.2 8.87176 -0.156937
      vertex -2.2 6.3 -3.2
      vertex -2.2 9.09584 -0.404162
    endloop
  endfacet
  facet normal 1 0 0
    outer loop
      vertex -2.2 11.5 -1.4
      vertex -2.2 6.3 -3.2
      vertex -2.2 16.7 -3.2
    endloop
  endfacet
  facet normal 1 0 0
    outer loop
      vertex -2.2 10.1989 -1.14119
      vertex -2.2 6.3 -3.2
      vertex -2.2 10.513 -1.2536
    endloop
  endfacet
  facet normal 1 0 0
    outer loop
      vertex -2.2 9.89725 -0.998532
      vertex -2.2 6.3 -3.2
      vertex -2.2 10.1989 -1.14119
    endloop
  endfacet
  facet normal 1 0 0
    outer loop
      vertex -2.2 9.61106 -0.826996
      vertex -2.2 6.3 -3.2
      vertex -2.2 9.89725 -0.998532
    endloop
  endfacet
  facet normal 1 0 0
    outer loop
      vertex -2.2 9.34306 -0.628235
      vertex -2.2 6.3 -3.2
      vertex -2.2 9.61106 -0.826996
    endloop
  endfacet
  facet normal 1 0 0
    outer loop
      vertex -2.2 9.09584 -0.404162
      vertex -2.2 6.3 -3.2
      vertex -2.2 9.34306 -0.628235
    endloop
  endfacet
  facet normal 0 -1 0
    outer loop
      vertex -2.2 16.7 2
      vertex -2.1 16.7 1.99
      vertex -2.1 16.7 2
    endloop
  endfacet
  facet normal 0 -1 0
    outer loop
      vertex -2.2 16.7 2
      vertex -2.1 16.7 -3
      vertex -2.1 16.7 1.99
    endloop
  endfacet
  facet normal 0 -1 0
    outer loop
      vertex -2.2 16.7 -3.2
      vertex -2.1 16.7 -3
      vertex -2.2 16.7 2
    endloop
  endfacet
  facet normal 0 -1 0
    outer loop
      vertex 0.0999994 16.7 -3.2
      vertex -2.1 16.7 -3
      vertex -2.2 16.7 -3.2
    endloop
  endfacet
  facet normal 0 -1 0
    outer loop
      vertex -2.1 16.7 -3
      vertex 0.0999994 16.7 -3.2
      vertex 0.0999994 16.7 -3
    endloop
  endfacet
  facet normal 0 -1 0
    outer loop
      vertex -2.1 16.7 2
      vertex -1.1 16.7 3.4
      vertex -2.1 16.7 3.4
    endloop
  endfacet
  facet normal 0 -1 0
    outer loop
      vertex -1.1 16.7 1.99
      vertex -2.1 16.7 2
      vertex -2.1 16.7 1.99
    endloop
  endfacet
  facet normal 0 -1 0
    outer loop
      vertex -2.1 16.7 2
      vertex -1.1 16.7 1.99
      vertex -1.1 16.7 3.4
    endloop
  endfacet
  facet normal 0 1 0
    outer loop
      vertex 0.0999994 6.3 -3
      vertex 0.0999994 6.3 -3.2
      vertex -2.1 6.3 -3
    endloop
  endfacet
  facet normal 0 1 0
    outer loop
      vertex -1.1 6.3 3.4
      vertex -2.1 6.3 2
      vertex -2.1 6.3 3.4
    endloop
  endfacet
  facet normal 0 1 -0
    outer loop
      vertex -1.1 6.3 1.99
      vertex -2.1 6.3 2
      vertex -1.1 6.3 3.4
    endloop
  endfacet
  facet normal 0 1 0
    outer loop
      vertex -2.1 6.3 1.99
      vertex -2.1 6.3 2
      vertex -1.1 6.3 1.99
    endloop
  endfacet
  facet normal 0 1 0
    outer loop
      vertex -2.1 6.3 2
      vertex -2.1 6.3 1.99
      vertex -2.2 6.3 2
    endloop
  endfacet
  facet normal 0 1 -0
    outer loop
      vertex -2.1 6.3 -3
      vertex -2.2 6.3 2
      vertex -2.1 6.3 1.99
    endloop
  endfacet
  facet normal 0 1 0
    outer loop
      vertex -2.1 6.3 -3
      vertex -2.2 6.3 -3.2
      vertex -2.2 6.3 2
    endloop
  endfacet
  facet normal 0 1 0
    outer loop
      vertex -2.2 6.3 -3.2
      vertex -2.1 6.3 -3
      vertex 0.0999994 6.3 -3.2
    endloop
  endfacet
  facet normal -1 0 0
    outer loop
      vertex 39.2 20.4985 0.39725
      vertex 39.2 22.7 2
      vertex 39.2 22.7 -3.2
    endloop
  endfacet
  facet normal -1 -0 0
    outer loop
      vertex 39.2 22.7 2
      vertex 39.2 20.8836 1.66674
      vertex 39.2 20.9 2
    endloop
  endfacet
  facet normal -1 0 0
    outer loop
      vertex 39.2 22.7 2
      vertex 39.2 20.8347 1.33669
      vertex 39.2 20.8836 1.66674
    endloop
  endfacet
  facet normal -1 0 0
    outer loop
      vertex 39.2 22.7 2
      vertex 39.2 20.7536 1.01303
      vertex 39.2 20.8347 1.33669
    endloop
  endfacet
  facet normal -1 0 0
    outer loop
      vertex 39.2 22.7 2
      vertex 39.2 20.6412 0.698875
      vertex 39.2 20.7536 1.01303
    endloop
  endfacet
  facet normal -1 0 0
    outer loop
      vertex 39.2 22.7 2
      vertex 39.2 20.4985 0.39725
      vertex 39.2 20.6412 0.698875
    endloop
  endfacet
  facet normal -1 0 0
    outer loop
      vertex 39.2 22.7 -3.2
      vertex 39.2 20.327 0.111061
      vertex 39.2 20.4985 0.39725
    endloop
  endfacet
  facet normal -1 0 0
    outer loop
      vertex 39.2 22.7 -3.2
      vertex 39.2 20.1282 -0.156937
      vertex 39.2 20.327 0.111061
    endloop
  endfacet
  facet normal -1 0 0
    outer loop
      vertex 39.2 22.7 -3.2
      vertex 39.2 19.9042 -0.404162
      vertex 39.2 20.1282 -0.156937
    endloop
  endfacet
  facet normal -1 0 0
    outer loop
      vertex 39.2 22.7 -3.2
      vertex 39.2 19.6569 -0.628235
      vertex 39.2 19.9042 -0.404162
    endloop
  endfacet
  facet normal -1 0 0
    outer loop
      vertex 39.2 22.7 -3.2
      vertex 39.2 19.3889 -0.826996
      vertex 39.2 19.6569 -0.628235
    endloop
  endfacet
  facet normal -1 0 0
    outer loop
      vertex 39.2 22.7 -3.2
      vertex 39.2 19.1027 -0.998532
      vertex 39.2 19.3889 -0.826996
    endloop
  endfacet
  facet normal -1 0 0
    outer loop
      vertex 39.2 22.7 -3.2
      vertex 39.2 18.8011 -1.14119
      vertex 39.2 19.1027 -0.998532
    endloop
  endfacet
  facet normal -1 0 0
    outer loop
      vertex 39.2 22.7 -3.2
      vertex 39.2 18.487 -1.2536
      vertex 39.2 18.8011 -1.14119
    endloop
  endfacet
  facet normal -1 0 0
    outer loop
      vertex 39.2 22.7 -3.2
      vertex 39.2 18.1633 -1.33467
      vertex 39.2 18.487 -1.2536
    endloop
  endfacet
  facet normal -1 0 0
    outer loop
      vertex 39.2 22.7 -3.2
      vertex 39.2 17.8333 -1.38363
      vertex 39.2 18.1633 -1.33467
    endloop
  endfacet
  facet normal -1 0 0
    outer loop
      vertex 39.2 22.7 -3.2
      vertex 39.2 17.5 -1.4
      vertex 39.2 17.8333 -1.38363
    endloop
  endfacet
  facet normal -1 0 0
    outer loop
      vertex 39.2 12.3 -3.2
      vertex 39.2 17.5 -1.4
      vertex 39.2 22.7 -3.2
    endloop
  endfacet
  facet normal -1 -0 0
    outer loop
      vertex 39.2 17.5 -1.4
      vertex 39.2 12.3 -3.2
      vertex 39.2 17.1667 -1.38363
    endloop
  endfacet
  facet normal -1 -0 0
    outer loop
      vertex 39.2 17.1667 -1.38363
      vertex 39.2 12.3 -3.2
      vertex 39.2 16.8367 -1.33467
    endloop
  endfacet
  facet normal -1 -0 0
    outer loop
      vertex 39.2 16.8367 -1.33467
      vertex 39.2 12.3 -3.2
      vertex 39.2 16.513 -1.2536
    endloop
  endfacet
  facet normal -1 0 0
    outer loop
      vertex 39.2 12.3 -3.2
      vertex 39.2 16.1989 -1.14119
      vertex 39.2 16.513 -1.2536
    endloop
  endfacet
  facet normal -1 0 0
    outer loop
      vertex 39.2 12.3 -3.2
      vertex 39.2 15.8973 -0.998532
      vertex 39.2 16.1989 -1.14119
    endloop
  endfacet
  facet normal -1 0 0
    outer loop
      vertex 39.2 12.3 -3.2
      vertex 39.2 15.6111 -0.826996
      vertex 39.2 15.8973 -0.998532
    endloop
  endfacet
  facet normal -1 0 0
    outer loop
      vertex 39.2 12.3 -3.2
      vertex 39.2 15.3431 -0.628235
      vertex 39.2 15.6111 -0.826996
    endloop
  endfacet
  facet normal -1 0 0
    outer loop
      vertex 39.2 12.3 -3.2
      vertex 39.2 15.0958 -0.404162
      vertex 39.2 15.3431 -0.628235
    endloop
  endfacet
  facet normal -1 0 0
    outer loop
      vertex 39.2 12.3 -3.2
      vertex 39.2 14.8718 -0.156937
      vertex 39.2 15.0958 -0.404162
    endloop
  endfacet
  facet normal -1 0 0
    outer loop
      vertex 39.2 12.3 -3.2
      vertex 39.2 14.673 0.111061
      vertex 39.2 14.8718 -0.156937
    endloop
  endfacet
  facet normal -1 0 0
    outer loop
      vertex 39.2 12.3 -3.2
      vertex 39.2 14.5015 0.39725
      vertex 39.2 14.673 0.111061
    endloop
  endfacet
  facet normal -1 0 0
    outer loop
      vertex 39.2 12.3 2
      vertex 39.2 14.5015 0.39725
      vertex 39.2 12.3 -3.2
    endloop
  endfacet
  facet normal -1 0 0
    outer loop
      vertex 39.2 14.5015 0.39725
      vertex 39.2 12.3 2
      vertex 39.2 14.3588 0.698875
    endloop
  endfacet
  facet normal -1 0 0
    outer loop
      vertex 39.2 14.3588 0.698875
      vertex 39.2 12.3 2
      vertex 39.2 14.2464 1.01303
    endloop
  endfacet
  facet normal -1 0 0
    outer loop
      vertex 39.2 14.2464 1.01303
      vertex 39.2 12.3 2
      vertex 39.2 14.1653 1.33669
    endloop
  endfacet
  facet normal -1 0 0
    outer loop
      vertex 39.2 14.1653 1.33669
      vertex 39.2 12.3 2
      vertex 39.2 14.1164 1.66674
    endloop
  endfacet
  facet normal -1 0 0
    outer loop
      vertex 39.2 14.1164 1.66674
      vertex 39.2 12.3 2
      vertex 39.2 14.1 2
    endloop
  endfacet
  facet normal -0 0 1
    outer loop
      vertex 36.9 22.7 -3.2
      vertex 39.2 12.3 -3.2
      vertex 39.2 22.7 -3.2
    endloop
  endfacet
  facet normal 0 0 1
    outer loop
      vertex 39.2 12.3 -3.2
      vertex 36.9 22.7 -3.2
      vertex 36.9 12.3 -3.2
    endloop
  endfacet
  facet normal 1 -0 0
    outer loop
      vertex 36.9 12.3 -3
      vertex 36.9 22.7 -3.2
      vertex 36.9 22.7 -3
    endloop
  endfacet
  facet normal 1 0 0
    outer loop
      vertex 36.9 22.7 -3.2
      vertex 36.9 12.3 -3
      vertex 36.9 12.3 -3.2
    endloop
  endfacet
  facet normal 1 -0 0
    outer loop
      vertex 36.9 22.3 3.4
      vertex 36.9 22.7 1.99
      vertex 36.9 22.7 3.4
    endloop
  endfacet
  facet normal 1 0 0
    outer loop
      vertex 36.9 22.7 1.99
      vertex 36.9 22.3 3.4
      vertex 36.9 22.3 1.99
    endloop
  endfacet
  facet normal 0 -1 0
    outer loop
      vertex 36.9 22.7 -3
      vertex 36.9 22.7 -3.2
      vertex 39.0736 22.7 -3
    endloop
  endfacet
  facet normal 0 -1 0
    outer loop
      vertex 36.9 22.7 3.4
      vertex 39.0736 22.7 2
      vertex 39.0736 22.7 3.4
    endloop
  endfacet
  facet normal 0 -1 0
    outer loop
      vertex 36.9 22.7 1.99
      vertex 39.0736 22.7 2
      vertex 36.9 22.7 3.4
    endloop
  endfacet
  facet normal 0 -1 0
    outer loop
      vertex 39.0736 22.7 1.99
      vertex 39.0736 22.7 2
      vertex 36.9 22.7 1.99
    endloop
  endfacet
  facet normal 0 -1 0
    outer loop
      vertex 39.0736 22.7 2
      vertex 39.0736 22.7 1.99
      vertex 39.2 22.7 2
    endloop
  endfacet
  facet normal 0 -1 0
    outer loop
      vertex 39.0736 22.7 -3
      vertex 39.2 22.7 2
      vertex 39.0736 22.7 1.99
    endloop
  endfacet
  facet normal 0 -1 0
    outer loop
      vertex 39.0736 22.7 -3
      vertex 39.2 22.7 -3.2
      vertex 39.2 22.7 2
    endloop
  endfacet
  facet normal 0 -1 0
    outer loop
      vertex 39.2 22.7 -3.2
      vertex 39.0736 22.7 -3
      vertex 36.9 22.7 -3.2
    endloop
  endfacet
  facet normal 0 1 0
    outer loop
      vertex 39.2 12.3 2
      vertex 39.1 12.3 1.99
      vertex 39.1 12.3 2
    endloop
  endfacet
  facet normal 0 1 0
    outer loop
      vertex 39.2 12.3 2
      vertex 39.1 12.3 -3
      vertex 39.1 12.3 1.99
    endloop
  endfacet
  facet normal 0 1 -0
    outer loop
      vertex 39.2 12.3 -3.2
      vertex 39.1 12.3 -3
      vertex 39.2 12.3 2
    endloop
  endfacet
  facet normal 0 1 0
    outer loop
      vertex 36.9 12.3 -3.2
      vertex 39.1 12.3 -3
      vertex 39.2 12.3 -3.2
    endloop
  endfacet
  facet normal 0 1 0
    outer loop
      vertex 39.1 12.3 -3
      vertex 36.9 12.3 -3.2
      vertex 36.9 12.3 -3
    endloop
  endfacet
  facet normal 0 1 -0
    outer loop
      vertex 39.1 12.3 2
      vertex 38.1 12.3 3.4
      vertex 39.1 12.3 3.4
    endloop
  endfacet
  facet normal 0 1 0
    outer loop
      vertex 38.1 12.3 1.99
      vertex 39.1 12.3 2
      vertex 39.1 12.3 1.99
    endloop
  endfacet
  facet normal 0 1 0
    outer loop
      vertex 39.1 12.3 2
      vertex 38.1 12.3 1.99
      vertex 38.1 12.3 3.4
    endloop
  endfacet
  facet normal -1 0 0
    outer loop
      vertex 39.2 8.49853 0.39725
      vertex 39.2 10.7 2
      vertex 39.2 10.7 -3.2
    endloop
  endfacet
  facet normal -1 -0 0
    outer loop
      vertex 39.2 10.7 2
      vertex 39.2 8.88363 1.66674
      vertex 39.2 8.9 2
    endloop
  endfacet
  facet normal -1 0 0
    outer loop
      vertex 39.2 10.7 2
      vertex 39.2 8.83467 1.33669
      vertex 39.2 8.88363 1.66674
    endloop
  endfacet
  facet normal -1 0 0
    outer loop
      vertex 39.2 10.7 2
      vertex 39.2 8.7536 1.01303
      vertex 39.2 8.83467 1.33669
    endloop
  endfacet
  facet normal -1 0 0
    outer loop
      vertex 39.2 10.7 2
      vertex 39.2 8.64119 0.698875
      vertex 39.2 8.7536 1.01303
    endloop
  endfacet
  facet normal -1 0 0
    outer loop
      vertex 39.2 10.7 2
      vertex 39.2 8.49853 0.39725
      vertex 39.2 8.64119 0.698875
    endloop
  endfacet
  facet normal -1 0 0
    outer loop
      vertex 39.2 10.7 -3.2
      vertex 39.2 8.327 0.111061
      vertex 39.2 8.49853 0.39725
    endloop
  endfacet
  facet normal -1 0 0
    outer loop
      vertex 39.2 10.7 -3.2
      vertex 39.2 8.12823 -0.156937
      vertex 39.2 8.327 0.111061
    endloop
  endfacet
  facet normal -1 0 0
    outer loop
      vertex 39.2 10.7 -3.2
      vertex 39.2 7.90416 -0.404162
      vertex 39.2 8.12823 -0.156937
    endloop
  endfacet
  facet normal -1 0 0
    outer loop
      vertex 39.2 10.7 -3.2
      vertex 39.2 7.65694 -0.628235
      vertex 39.2 7.90416 -0.404162
    endloop
  endfacet
  facet normal -1 0 0
    outer loop
      vertex 39.2 10.7 -3.2
      vertex 39.2 7.38894 -0.826996
      vertex 39.2 7.65694 -0.628235
    endloop
  endfacet
  facet normal -1 0 0
    outer loop
      vertex 39.2 10.7 -3.2
      vertex 39.2 7.10275 -0.998532
      vertex 39.2 7.38894 -0.826996
    endloop
  endfacet
  facet normal -1 0 0
    outer loop
      vertex 39.2 10.7 -3.2
      vertex 39.2 6.80112 -1.14119
      vertex 39.2 7.10275 -0.998532
    endloop
  endfacet
  facet normal -1 0 0
    outer loop
      vertex 39.2 10.7 -3.2
      vertex 39.2 6.48697 -1.2536
      vertex 39.2 6.80112 -1.14119
    endloop
  endfacet
  facet normal -1 0 0
    outer loop
      vertex 39.2 10.7 -3.2
      vertex 39.2 6.16331 -1.33467
      vertex 39.2 6.48697 -1.2536
    endloop
  endfacet
  facet normal -1 0 0
    outer loop
      vertex 39.2 10.7 -3.2
      vertex 39.2 5.83326 -1.38363
      vertex 39.2 6.16331 -1.33467
    endloop
  endfacet
  facet normal -1 0 0
    outer loop
      vertex 39.2 10.7 -3.2
      vertex 39.2 5.5 -1.4
      vertex 39.2 5.83326 -1.38363
    endloop
  endfacet
  facet normal -1 0 0
    outer loop
      vertex 39.2 0.299999 -3.2
      vertex 39.2 5.5 -1.4
      vertex 39.2 10.7 -3.2
    endloop
  endfacet
  facet normal -1 -0 0
    outer loop
      vertex 39.2 5.5 -1.4
      vertex 39.2 0.299999 -3.2
      vertex 39.2 5.16674 -1.38363
    endloop
  endfacet
  facet normal -1 -0 0
    outer loop
      vertex 39.2 5.16674 -1.38363
      vertex 39.2 0.299999 -3.2
      vertex 39.2 4.83669 -1.33467
    endloop
  endfacet
  facet normal -1 -0 0
    outer loop
      vertex 39.2 4.83669 -1.33467
      vertex 39.2 0.299999 -3.2
      vertex 39.2 4.51303 -1.2536
    endloop
  endfacet
  facet normal -1 0 0
    outer loop
      vertex 39.2 0.299999 -3.2
      vertex 39.2 4.19888 -1.14119
      vertex 39.2 4.51303 -1.2536
    endloop
  endfacet
  facet normal -1 0 0
    outer loop
      vertex 39.2 0.299999 -3.2
      vertex 39.2 3.89725 -0.998532
      vertex 39.2 4.19888 -1.14119
    endloop
  endfacet
  facet normal -1 0 0
    outer loop
      vertex 39.2 0.299999 -3.2
      vertex 39.2 3.61106 -0.826996
      vertex 39.2 3.89725 -0.998532
    endloop
  endfacet
  facet normal -1 0 0
    outer loop
      vertex 39.2 0.299999 -3.2
      vertex 39.2 3.34306 -0.628235
      vertex 39.2 3.61106 -0.826996
    endloop
  endfacet
  facet normal -1 0 0
    outer loop
      vertex 39.2 0.299999 -3.2
      vertex 39.2 3.09584 -0.404162
      vertex 39.2 3.34306 -0.628235
    endloop
  endfacet
  facet normal -1 0 0
    outer loop
      vertex 39.2 0.299999 -3.2
      vertex 39.2 2.87176 -0.156937
      vertex 39.2 3.09584 -0.404162
    endloop
  endfacet
  facet normal -1 0 0
    outer loop
      vertex 39.2 0.299999 -3.2
      vertex 39.2 2.673 0.111061
      vertex 39.2 2.87176 -0.156937
    endloop
  endfacet
  facet normal -1 0 0
    outer loop
      vertex 39.2 0.299999 -3.2
      vertex 39.2 2.50147 0.39725
      vertex 39.2 2.673 0.111061
    endloop
  endfacet
  facet normal -1 0 0
    outer loop
      vertex 39.2 0.299999 2
      vertex 39.2 2.50147 0.39725
      vertex 39.2 0.299999 -3.2
    endloop
  endfacet
  facet normal -1 0 0
    outer loop
      vertex 39.2 2.50147 0.39725
      vertex 39.2 0.299999 2
      vertex 39.2 2.35881 0.698875
    endloop
  endfacet
  facet normal -1 0 0
    outer loop
      vertex 39.2 2.35881 0.698875
      vertex 39.2 0.299999 2
      vertex 39.2 2.2464 1.01303
    endloop
  endfacet
  facet normal -1 0 0
    outer loop
      vertex 39.2 2.2464 1.01303
      vertex 39.2 0.299999 2
      vertex 39.2 2.16533 1.33669
    endloop
  endfacet
  facet normal -1 0 0
    outer loop
      vertex 39.2 2.16533 1.33669
      vertex 39.2 0.299999 2
      vertex 39.2 2.11637 1.66674
    endloop
  endfacet
  facet normal -1 0 0
    outer loop
      vertex 39.2 2.11637 1.66674
      vertex 39.2 0.299999 2
      vertex 39.2 2.1 2
    endloop
  endfacet
  facet normal -0 0 1
    outer loop
      vertex 36.9 10.7 -3.2
      vertex 39.2 0.299999 -3.2
      vertex 39.2 10.7 -3.2
    endloop
  endfacet
  facet normal 0 0 1
    outer loop
      vertex 39.2 0.299999 -3.2
      vertex 36.9 10.7 -3.2
      vertex 36.9 0.299999 -3.2
    endloop
  endfacet
  facet normal 1 -0 0
    outer loop
      vertex 36.9 0.299999 -3
      vertex 36.9 10.7 -3.2
      vertex 36.9 10.7 -3
    endloop
  endfacet
  facet normal 1 0 0
    outer loop
      vertex 36.9 10.7 -3.2
      vertex 36.9 0.299999 -3
      vertex 36.9 0.299999 -3.2
    endloop
  endfacet
  facet normal 1 -0 0
    outer loop
      vertex 36.9 0.299999 3.4
      vertex 36.9 0.7 1.99
      vertex 36.9 0.7 3.4
    endloop
  endfacet
  facet normal 1 0 0
    outer loop
      vertex 36.9 0.7 1.99
      vertex 36.9 0.299999 3.4
      vertex 36.9 0.299999 1.99
    endloop
  endfacet
  facet normal 0 -1 0
    outer loop
      vertex 36.9 10.7 -3
      vertex 36.9 10.7 -3.2
      vertex 39.1 10.7 -3
    endloop
  endfacet
  facet normal 0 -1 0
    outer loop
      vertex 38.1 10.7 3.4
      vertex 39.1 10.7 2
      vertex 39.1 10.7 3.4
    endloop
  endfacet
  facet normal 0 -1 0
    outer loop
      vertex 38.1 10.7 1.99
      vertex 39.1 10.7 2
      vertex 38.1 10.7 3.4
    endloop
  endfacet
  facet normal 0 -1 0
    outer loop
      vertex 39.1 10.7 1.99
      vertex 39.1 10.7 2
      vertex 38.1 10.7 1.99
    endloop
  endfacet
  facet normal 0 -1 0
    outer loop
      vertex 39.1 10.7 2
      vertex 39.1 10.7 1.99
      vertex 39.2 10.7 2
    endloop
  endfacet
  facet normal 0 -1 0
    outer loop
      vertex 39.1 10.7 -3
      vertex 39.2 10.7 2
      vertex 39.1 10.7 1.99
    endloop
  endfacet
  facet normal 0 -1 0
    outer loop
      vertex 39.1 10.7 -3
      vertex 39.2 10.7 -3.2
      vertex 39.2 10.7 2
    endloop
  endfacet
  facet normal 0 -1 0
    outer loop
      vertex 39.2 10.7 -3.2
      vertex 39.1 10.7 -3
      vertex 36.9 10.7 -3.2
    endloop
  endfacet
  facet normal 0 1 0
    outer loop
      vertex 39.2 0.299999 2
      vertex 39.0736 0.299999 1.99
      vertex 39.0736 0.299999 2
    endloop
  endfacet
  facet normal 0 1 0
    outer loop
      vertex 39.2 0.299999 2
      vertex 39.0736 0.299999 -3
      vertex 39.0736 0.299999 1.99
    endloop
  endfacet
  facet normal 0 1 -0
    outer loop
      vertex 39.2 0.299999 -3.2
      vertex 39.0736 0.299999 -3
      vertex 39.2 0.299999 2
    endloop
  endfacet
  facet normal 0 1 0
    outer loop
      vertex 36.9 0.299999 -3.2
      vertex 39.0736 0.299999 -3
      vertex 39.2 0.299999 -3.2
    endloop
  endfacet
  facet normal 0 1 0
    outer loop
      vertex 39.0736 0.299999 -3
      vertex 36.9 0.299999 -3.2
      vertex 36.9 0.299999 -3
    endloop
  endfacet
  facet normal 0 1 -0
    outer loop
      vertex 39.0736 0.299999 2
      vertex 36.9 0.299999 3.4
      vertex 39.0736 0.299999 3.4
    endloop
  endfacet
  facet normal 0 1 0
    outer loop
      vertex 36.9 0.299999 1.99
      vertex 39.0736 0.299999 2
      vertex 39.0736 0.299999 1.99
    endloop
  endfacet
  facet normal 0 1 0
    outer loop
      vertex 39.0736 0.299999 2
      vertex 36.9 0.299999 1.99
      vertex 36.9 0.299999 3.4
    endloop
  endfacet
  facet normal 0.0492599 -0.998786 0
    outer loop
      vertex 14.2824 12.6942 -3.51
      vertex 14.4 12.7 0
      vertex 14.2824 12.6942 0
    endloop
  endfacet
  facet normal 0.0492599 -0.998786 0
    outer loop
      vertex 14.4 12.7 0
      vertex 14.2824 12.6942 -3.51
      vertex 14.4 12.7 -3.51
    endloop
  endfacet
  facet normal -0.989153 -0.146887 0
    outer loop
      vertex 15.5942 11.6176 -3.51
      vertex 15.5769 11.7341 0
      vertex 15.5769 11.7341 -3.51
    endloop
  endfacet
  facet normal -0.989153 -0.146887 0
    outer loop
      vertex 15.5769 11.7341 0
      vertex 15.5942 11.6176 -3.51
      vertex 15.5942 11.6176 0
    endloop
  endfacet
  facet normal -0.998786 -0.0492599 0
    outer loop
      vertex 15.6 11.5 -3.51
      vertex 15.5942 11.6176 0
      vertex 15.5942 11.6176 -3.51
    endloop
  endfacet
  facet normal -0.998786 -0.0492599 0
    outer loop
      vertex 15.5942 11.6176 0
      vertex 15.6 11.5 -3.51
      vertex 15.6 11.5 0
    endloop
  endfacet
  facet normal -0.970042 -0.242935 0
    outer loop
      vertex 15.5769 11.7341 -3.51
      vertex 15.5483 11.8483 0
      vertex 15.5483 11.8483 -3.51
    endloop
  endfacet
  facet normal -0.970042 -0.242935 0
    outer loop
      vertex 15.5483 11.8483 0
      vertex 15.5769 11.7341 -3.51
      vertex 15.5769 11.7341 0
    endloop
  endfacet
  facet normal 0.0492599 0.998786 -0
    outer loop
      vertex 14.4 10.3 -3.51
      vertex 14.2824 10.3058 0
      vertex 14.4 10.3 0
    endloop
  endfacet
  facet normal 0.0492599 0.998786 0
    outer loop
      vertex 14.2824 10.3058 0
      vertex 14.4 10.3 -3.51
      vertex 14.2824 10.3058 -3.51
    endloop
  endfacet
  facet normal -0.803046 -0.595918 0
    outer loop
      vertex 15.3978 12.1667 -3.51
      vertex 15.3276 12.2613 0
      vertex 15.3276 12.2613 -3.51
    endloop
  endfacet
  facet normal -0.803046 -0.595918 0
    outer loop
      vertex 15.3276 12.2613 0
      vertex 15.3978 12.1667 -3.51
      vertex 15.3978 12.1667 0
    endloop
  endfacet
  facet normal -0.595918 -0.803046 0
    outer loop
      vertex 15.0667 12.4978 -3.51
      vertex 15.1613 12.4276 0
      vertex 15.0667 12.4978 0
    endloop
  endfacet
  facet normal -0.595918 -0.803046 -0
    outer loop
      vertex 15.1613 12.4276 0
      vertex 15.0667 12.4978 -3.51
      vertex 15.1613 12.4276 -3.51
    endloop
  endfacet
  facet normal 0.941761 -0.336283 0
    outer loop
      vertex 13.2517 11.8483 0
      vertex 13.2913 11.9592 -3.51
      vertex 13.2913 11.9592 0
    endloop
  endfacet
  facet normal 0.941761 -0.336283 0
    outer loop
      vertex 13.2913 11.9592 -3.51
      vertex 13.2517 11.8483 0
      vertex 13.2517 11.8483 -3.51
    endloop
  endfacet
  facet normal -0.998786 0.0492599 0
    outer loop
      vertex 15.5942 11.3824 -3.51
      vertex 15.6 11.5 0
      vertex 15.6 11.5 -3.51
    endloop
  endfacet
  facet normal -0.998786 0.0492599 0
    outer loop
      vertex 15.6 11.5 0
      vertex 15.5942 11.3824 -3.51
      vertex 15.5942 11.3824 0
    endloop
  endfacet
  facet normal 0.427758 -0.903893 0
    outer loop
      vertex 13.8343 12.5583 -3.51
      vertex 13.9408 12.6087 0
      vertex 13.8343 12.5583 0
    endloop
  endfacet
  facet normal 0.427758 -0.903893 0
    outer loop
      vertex 13.9408 12.6087 0
      vertex 13.8343 12.5583 -3.51
      vertex 13.9408 12.6087 -3.51
    endloop
  endfacet
  facet normal 0.146887 -0.989153 0
    outer loop
      vertex 14.1659 12.6769 -3.51
      vertex 14.2824 12.6942 0
      vertex 14.1659 12.6769 0
    endloop
  endfacet
  facet normal 0.146887 -0.989153 0
    outer loop
      vertex 14.2824 12.6942 0
      vertex 14.1659 12.6769 -3.51
      vertex 14.2824 12.6942 -3.51
    endloop
  endfacet
  facet normal 0.74067 -0.671869 0
    outer loop
      vertex 13.4724 12.2613 0
      vertex 13.5515 12.3485 -3.51
      vertex 13.5515 12.3485 0
    endloop
  endfacet
  facet normal 0.74067 -0.671869 0
    outer loop
      vertex 13.5515 12.3485 -3.51
      vertex 13.4724 12.2613 0
      vertex 13.4724 12.2613 -3.51
    endloop
  endfacet
  facet normal -0.427758 -0.903893 0
    outer loop
      vertex 14.8592 12.6087 -3.51
      vertex 14.9657 12.5583 0
      vertex 14.8592 12.6087 0
    endloop
  endfacet
  facet normal -0.427758 -0.903893 -0
    outer loop
      vertex 14.9657 12.5583 0
      vertex 14.8592 12.6087 -3.51
      vertex 14.9657 12.5583 -3.51
    endloop
  endfacet
  facet normal 0.857867 -0.513871 0
    outer loop
      vertex 13.3417 12.0657 0
      vertex 13.4022 12.1667 -3.51
      vertex 13.4022 12.1667 0
    endloop
  endfacet
  facet normal 0.857867 -0.513871 0
    outer loop
      vertex 13.4022 12.1667 -3.51
      vertex 13.3417 12.0657 0
      vertex 13.3417 12.0657 -3.51
    endloop
  endfacet
  facet normal -0.336283 0.941761 0
    outer loop
      vertex 14.8592 10.3913 -3.51
      vertex 14.7483 10.3517 0
      vertex 14.8592 10.3913 0
    endloop
  endfacet
  facet normal -0.336283 0.941761 0
    outer loop
      vertex 14.7483 10.3517 0
      vertex 14.8592 10.3913 -3.51
      vertex 14.7483 10.3517 -3.51
    endloop
  endfacet
  facet normal 0.336283 -0.941761 0
    outer loop
      vertex 13.9408 12.6087 -3.51
      vertex 14.0517 12.6483 0
      vertex 13.9408 12.6087 0
    endloop
  endfacet
  facet normal 0.336283 -0.941761 0
    outer loop
      vertex 14.0517 12.6483 0
      vertex 13.9408 12.6087 -3.51
      vertex 14.0517 12.6483 -3.51
    endloop
  endfacet
  facet normal 0.595918 -0.803046 0
    outer loop
      vertex 13.6387 12.4276 -3.51
      vertex 13.7333 12.4978 0
      vertex 13.6387 12.4276 0
    endloop
  endfacet
  facet normal 0.595918 -0.803046 0
    outer loop
      vertex 13.7333 12.4978 0
      vertex 13.6387 12.4276 -3.51
      vertex 13.7333 12.4978 -3.51
    endloop
  endfacet
  facet normal 0.998786 0.0492599 0
    outer loop
      vertex 13.2058 11.3824 0
      vertex 13.2 11.5 -3.51
      vertex 13.2 11.5 0
    endloop
  endfacet
  facet normal 0.998786 0.0492599 0
    outer loop
      vertex 13.2 11.5 -3.51
      vertex 13.2058 11.3824 0
      vertex 13.2058 11.3824 -3.51
    endloop
  endfacet
  facet normal 0.803046 0.595918 0
    outer loop
      vertex 13.4724 10.7387 0
      vertex 13.4022 10.8333 -3.51
      vertex 13.4022 10.8333 0
    endloop
  endfacet
  facet normal 0.803046 0.595918 0
    outer loop
      vertex 13.4022 10.8333 -3.51
      vertex 13.4724 10.7387 0
      vertex 13.4724 10.7387 -3.51
    endloop
  endfacet
  facet normal -0.989153 0.146887 0
    outer loop
      vertex 15.5769 11.2659 -3.51
      vertex 15.5942 11.3824 0
      vertex 15.5942 11.3824 -3.51
    endloop
  endfacet
  facet normal -0.989153 0.146887 0
    outer loop
      vertex 15.5942 11.3824 0
      vertex 15.5769 11.2659 -3.51
      vertex 15.5769 11.2659 0
    endloop
  endfacet
  facet normal -0.941761 -0.336283 0
    outer loop
      vertex 15.5483 11.8483 -3.51
      vertex 15.5087 11.9592 0
      vertex 15.5087 11.9592 -3.51
    endloop
  endfacet
  facet normal -0.941761 -0.336283 0
    outer loop
      vertex 15.5087 11.9592 0
      vertex 15.5483 11.8483 -3.51
      vertex 15.5483 11.8483 0
    endloop
  endfacet
  facet normal 0.857867 0.513871 0
    outer loop
      vertex 13.4022 10.8333 0
      vertex 13.3417 10.9343 -3.51
      vertex 13.3417 10.9343 0
    endloop
  endfacet
  facet normal 0.857867 0.513871 0
    outer loop
      vertex 13.3417 10.9343 -3.51
      vertex 13.4022 10.8333 0
      vertex 13.4022 10.8333 -3.51
    endloop
  endfacet
  facet normal -0.803046 0.595918 0
    outer loop
      vertex 15.3276 10.7387 -3.51
      vertex 15.3978 10.8333 0
      vertex 15.3978 10.8333 -3.51
    endloop
  endfacet
  facet normal -0.803046 0.595918 0
    outer loop
      vertex 15.3978 10.8333 0
      vertex 15.3276 10.7387 -3.51
      vertex 15.3276 10.7387 0
    endloop
  endfacet
  facet normal -0.336283 -0.941761 0
    outer loop
      vertex 14.7483 12.6483 -3.51
      vertex 14.8592 12.6087 0
      vertex 14.7483 12.6483 0
    endloop
  endfacet
  facet normal -0.336283 -0.941761 -0
    outer loop
      vertex 14.8592 12.6087 0
      vertex 14.7483 12.6483 -3.51
      vertex 14.8592 12.6087 -3.51
    endloop
  endfacet
  facet normal -0.74067 -0.671869 0
    outer loop
      vertex 15.3276 12.2613 -3.51
      vertex 15.2485 12.3485 0
      vertex 15.2485 12.3485 -3.51
    endloop
  endfacet
  facet normal -0.74067 -0.671869 0
    outer loop
      vertex 15.2485 12.3485 0
      vertex 15.3276 12.2613 -3.51
      vertex 15.3276 12.2613 0
    endloop
  endfacet
  facet normal 0.903893 -0.427758 0
    outer loop
      vertex 13.2913 11.9592 0
      vertex 13.3417 12.0657 -3.51
      vertex 13.3417 12.0657 0
    endloop
  endfacet
  facet normal 0.903893 -0.427758 0
    outer loop
      vertex 13.3417 12.0657 -3.51
      vertex 13.2913 11.9592 0
      vertex 13.2913 11.9592 -3.51
    endloop
  endfacet
  facet normal -0.146887 -0.989153 0
    outer loop
      vertex 14.5176 12.6942 -3.51
      vertex 14.6341 12.6769 0
      vertex 14.5176 12.6942 0
    endloop
  endfacet
  facet normal -0.146887 -0.989153 -0
    outer loop
      vertex 14.6341 12.6769 0
      vertex 14.5176 12.6942 -3.51
      vertex 14.6341 12.6769 -3.51
    endloop
  endfacet
  facet normal -0.513871 0.857867 0
    outer loop
      vertex 15.0667 10.5022 -3.51
      vertex 14.9657 10.4417 0
      vertex 15.0667 10.5022 0
    endloop
  endfacet
  facet normal -0.513871 0.857867 0
    outer loop
      vertex 14.9657 10.4417 0
      vertex 15.0667 10.5022 -3.51
      vertex 14.9657 10.4417 -3.51
    endloop
  endfacet
  facet normal -0.513871 -0.857867 0
    outer loop
      vertex 14.9657 12.5583 -3.51
      vertex 15.0667 12.4978 0
      vertex 14.9657 12.5583 0
    endloop
  endfacet
  facet normal -0.513871 -0.857867 -0
    outer loop
      vertex 15.0667 12.4978 0
      vertex 14.9657 12.5583 -3.51
      vertex 15.0667 12.4978 -3.51
    endloop
  endfacet
  facet normal 0.242935 -0.970042 0
    outer loop
      vertex 14.0517 12.6483 -3.51
      vertex 14.1659 12.6769 0
      vertex 14.0517 12.6483 0
    endloop
  endfacet
  facet normal 0.242935 -0.970042 0
    outer loop
      vertex 14.1659 12.6769 0
      vertex 14.0517 12.6483 -3.51
      vertex 14.1659 12.6769 -3.51
    endloop
  endfacet
  facet normal 0.903893 0.427758 0
    outer loop
      vertex 13.3417 10.9343 0
      vertex 13.2913 11.0408 -3.51
      vertex 13.2913 11.0408 0
    endloop
  endfacet
  facet normal 0.903893 0.427758 0
    outer loop
      vertex 13.2913 11.0408 -3.51
      vertex 13.3417 10.9343 0
      vertex 13.3417 10.9343 -3.51
    endloop
  endfacet
  facet normal -0.903893 -0.427758 0
    outer loop
      vertex 15.5087 11.9592 -3.51
      vertex 15.4583 12.0657 0
      vertex 15.4583 12.0657 -3.51
    endloop
  endfacet
  facet normal -0.903893 -0.427758 0
    outer loop
      vertex 15.4583 12.0657 0
      vertex 15.5087 11.9592 -3.51
      vertex 15.5087 11.9592 0
    endloop
  endfacet
  facet normal 0.146887 0.989153 -0
    outer loop
      vertex 14.2824 10.3058 -3.51
      vertex 14.1659 10.3231 0
      vertex 14.2824 10.3058 0
    endloop
  endfacet
  facet normal 0.146887 0.989153 0
    outer loop
      vertex 14.1659 10.3231 0
      vertex 14.2824 10.3058 -3.51
      vertex 14.1659 10.3231 -3.51
    endloop
  endfacet
  facet normal -0.671869 0.74067 0
    outer loop
      vertex 15.2485 10.6515 -3.51
      vertex 15.1613 10.5724 0
      vertex 15.2485 10.6515 0
    endloop
  endfacet
  facet normal -0.671869 0.74067 0
    outer loop
      vertex 15.1613 10.5724 0
      vertex 15.2485 10.6515 -3.51
      vertex 15.1613 10.5724 -3.51
    endloop
  endfacet
  facet normal 0.998786 -0.0492599 0
    outer loop
      vertex 13.2 11.5 0
      vertex 13.2058 11.6176 -3.51
      vertex 13.2058 11.6176 0
    endloop
  endfacet
  facet normal 0.998786 -0.0492599 0
    outer loop
      vertex 13.2058 11.6176 -3.51
      vertex 13.2 11.5 0
      vertex 13.2 11.5 -3.51
    endloop
  endfacet
  facet normal 0.989153 0.146887 0
    outer loop
      vertex 13.2231 11.2659 0
      vertex 13.2058 11.3824 -3.51
      vertex 13.2058 11.3824 0
    endloop
  endfacet
  facet normal 0.989153 0.146887 0
    outer loop
      vertex 13.2058 11.3824 -3.51
      vertex 13.2231 11.2659 0
      vertex 13.2231 11.2659 -3.51
    endloop
  endfacet
  facet normal 0.595918 0.803046 -0
    outer loop
      vertex 13.7333 10.5022 -3.51
      vertex 13.6387 10.5724 0
      vertex 13.7333 10.5022 0
    endloop
  endfacet
  facet normal 0.595918 0.803046 0
    outer loop
      vertex 13.6387 10.5724 0
      vertex 13.7333 10.5022 -3.51
      vertex 13.6387 10.5724 -3.51
    endloop
  endfacet
  facet normal -0.146887 0.989153 0
    outer loop
      vertex 14.6341 10.3231 -3.51
      vertex 14.5176 10.3058 0
      vertex 14.6341 10.3231 0
    endloop
  endfacet
  facet normal -0.146887 0.989153 0
    outer loop
      vertex 14.5176 10.3058 0
      vertex 14.6341 10.3231 -3.51
      vertex 14.5176 10.3058 -3.51
    endloop
  endfacet
  facet normal 0.941761 0.336283 0
    outer loop
      vertex 13.2913 11.0408 0
      vertex 13.2517 11.1517 -3.51
      vertex 13.2517 11.1517 0
    endloop
  endfacet
  facet normal 0.941761 0.336283 0
    outer loop
      vertex 13.2517 11.1517 -3.51
      vertex 13.2913 11.0408 0
      vertex 13.2913 11.0408 -3.51
    endloop
  endfacet
  facet normal -0.595918 0.803046 0
    outer loop
      vertex 15.1613 10.5724 -3.51
      vertex 15.0667 10.5022 0
      vertex 15.1613 10.5724 0
    endloop
  endfacet
  facet normal -0.595918 0.803046 0
    outer loop
      vertex 15.0667 10.5022 0
      vertex 15.1613 10.5724 -3.51
      vertex 15.0667 10.5022 -3.51
    endloop
  endfacet
  facet normal -0.427758 0.903893 0
    outer loop
      vertex 14.9657 10.4417 -3.51
      vertex 14.8592 10.3913 0
      vertex 14.9657 10.4417 0
    endloop
  endfacet
  facet normal -0.427758 0.903893 0
    outer loop
      vertex 14.8592 10.3913 0
      vertex 14.9657 10.4417 -3.51
      vertex 14.8592 10.3913 -3.51
    endloop
  endfacet
  facet normal 0.74067 0.671869 0
    outer loop
      vertex 13.5515 10.6515 0
      vertex 13.4724 10.7387 -3.51
      vertex 13.4724 10.7387 0
    endloop
  endfacet
  facet normal 0.74067 0.671869 0
    outer loop
      vertex 13.4724 10.7387 -3.51
      vertex 13.5515 10.6515 0
      vertex 13.5515 10.6515 -3.51
    endloop
  endfacet
  facet normal 0.671869 0.74067 -0
    outer loop
      vertex 13.6387 10.5724 -3.51
      vertex 13.5515 10.6515 0
      vertex 13.6387 10.5724 0
    endloop
  endfacet
  facet normal 0.671869 0.74067 0
    outer loop
      vertex 13.5515 10.6515 0
      vertex 13.6387 10.5724 -3.51
      vertex 13.5515 10.6515 -3.51
    endloop
  endfacet
  facet normal 0.242935 0.970042 -0
    outer loop
      vertex 14.1659 10.3231 -3.51
      vertex 14.0517 10.3517 0
      vertex 14.1659 10.3231 0
    endloop
  endfacet
  facet normal 0.242935 0.970042 0
    outer loop
      vertex 14.0517 10.3517 0
      vertex 14.1659 10.3231 -3.51
      vertex 14.0517 10.3517 -3.51
    endloop
  endfacet
  facet normal -0.0492599 -0.998786 0
    outer loop
      vertex 14.4 12.7 -3.51
      vertex 14.5176 12.6942 0
      vertex 14.4 12.7 0
    endloop
  endfacet
  facet normal -0.0492599 -0.998786 -0
    outer loop
      vertex 14.5176 12.6942 0
      vertex 14.4 12.7 -3.51
      vertex 14.5176 12.6942 -3.51
    endloop
  endfacet
  facet normal -0.903893 0.427758 0
    outer loop
      vertex 15.4583 10.9343 -3.51
      vertex 15.5087 11.0408 0
      vertex 15.5087 11.0408 -3.51
    endloop
  endfacet
  facet normal -0.903893 0.427758 0
    outer loop
      vertex 15.5087 11.0408 0
      vertex 15.4583 10.9343 -3.51
      vertex 15.4583 10.9343 0
    endloop
  endfacet
  facet normal 0.513871 -0.857867 0
    outer loop
      vertex 13.7333 12.4978 -3.51
      vertex 13.8343 12.5583 0
      vertex 13.7333 12.4978 0
    endloop
  endfacet
  facet normal 0.513871 -0.857867 0
    outer loop
      vertex 13.8343 12.5583 0
      vertex 13.7333 12.4978 -3.51
      vertex 13.8343 12.5583 -3.51
    endloop
  endfacet
  facet normal -0.671869 -0.74067 0
    outer loop
      vertex 15.1613 12.4276 -3.51
      vertex 15.2485 12.3485 0
      vertex 15.1613 12.4276 0
    endloop
  endfacet
  facet normal -0.671869 -0.74067 -0
    outer loop
      vertex 15.2485 12.3485 0
      vertex 15.1613 12.4276 -3.51
      vertex 15.2485 12.3485 -3.51
    endloop
  endfacet
  facet normal 0.970042 -0.242935 0
    outer loop
      vertex 13.2231 11.7341 0
      vertex 13.2517 11.8483 -3.51
      vertex 13.2517 11.8483 0
    endloop
  endfacet
  facet normal 0.970042 -0.242935 0
    outer loop
      vertex 13.2517 11.8483 -3.51
      vertex 13.2231 11.7341 0
      vertex 13.2231 11.7341 -3.51
    endloop
  endfacet
  facet normal -0.970042 0.242935 0
    outer loop
      vertex 15.5483 11.1517 -3.51
      vertex 15.5769 11.2659 0
      vertex 15.5769 11.2659 -3.51
    endloop
  endfacet
  facet normal -0.970042 0.242935 0
    outer loop
      vertex 15.5769 11.2659 0
      vertex 15.5483 11.1517 -3.51
      vertex 15.5483 11.1517 0
    endloop
  endfacet
  facet normal -0.242935 0.970042 0
    outer loop
      vertex 14.7483 10.3517 -3.51
      vertex 14.6341 10.3231 0
      vertex 14.7483 10.3517 0
    endloop
  endfacet
  facet normal -0.242935 0.970042 0
    outer loop
      vertex 14.6341 10.3231 0
      vertex 14.7483 10.3517 -3.51
      vertex 14.6341 10.3231 -3.51
    endloop
  endfacet
  facet normal -0.74067 0.671869 0
    outer loop
      vertex 15.2485 10.6515 -3.51
      vertex 15.3276 10.7387 0
      vertex 15.3276 10.7387 -3.51
    endloop
  endfacet
  facet normal -0.74067 0.671869 0
    outer loop
      vertex 15.3276 10.7387 0
      vertex 15.2485 10.6515 -3.51
      vertex 15.2485 10.6515 0
    endloop
  endfacet
  facet normal -0.857867 -0.513871 0
    outer loop
      vertex 15.4583 12.0657 -3.51
      vertex 15.3978 12.1667 0
      vertex 15.3978 12.1667 -3.51
    endloop
  endfacet
  facet normal -0.857867 -0.513871 0
    outer loop
      vertex 15.3978 12.1667 0
      vertex 15.4583 12.0657 -3.51
      vertex 15.4583 12.0657 0
    endloop
  endfacet
  facet normal -0.0492599 0.998786 0
    outer loop
      vertex 14.5176 10.3058 -3.51
      vertex 14.4 10.3 0
      vertex 14.5176 10.3058 0
    endloop
  endfacet
  facet normal -0.0492599 0.998786 0
    outer loop
      vertex 14.4 10.3 0
      vertex 14.5176 10.3058 -3.51
      vertex 14.4 10.3 -3.51
    endloop
  endfacet
  facet normal 0.970042 0.242935 0
    outer loop
      vertex 13.2517 11.1517 0
      vertex 13.2231 11.2659 -3.51
      vertex 13.2231 11.2659 0
    endloop
  endfacet
  facet normal 0.970042 0.242935 0
    outer loop
      vertex 13.2231 11.2659 -3.51
      vertex 13.2517 11.1517 0
      vertex 13.2517 11.1517 -3.51
    endloop
  endfacet
  facet normal 0.671869 -0.74067 0
    outer loop
      vertex 13.5515 12.3485 -3.51
      vertex 13.6387 12.4276 0
      vertex 13.5515 12.3485 0
    endloop
  endfacet
  facet normal 0.671869 -0.74067 0
    outer loop
      vertex 13.6387 12.4276 0
      vertex 13.5515 12.3485 -3.51
      vertex 13.6387 12.4276 -3.51
    endloop
  endfacet
  facet normal 0.513871 0.857867 -0
    outer loop
      vertex 13.8343 10.4417 -3.51
      vertex 13.7333 10.5022 0
      vertex 13.8343 10.4417 0
    endloop
  endfacet
  facet normal 0.513871 0.857867 0
    outer loop
      vertex 13.7333 10.5022 0
      vertex 13.8343 10.4417 -3.51
      vertex 13.7333 10.5022 -3.51
    endloop
  endfacet
  facet normal 0.336283 0.941761 -0
    outer loop
      vertex 14.0517 10.3517 -3.51
      vertex 13.9408 10.3913 0
      vertex 14.0517 10.3517 0
    endloop
  endfacet
  facet normal 0.336283 0.941761 0
    outer loop
      vertex 13.9408 10.3913 0
      vertex 14.0517 10.3517 -3.51
      vertex 13.9408 10.3913 -3.51
    endloop
  endfacet
  facet normal -0.857867 0.513871 0
    outer loop
      vertex 15.3978 10.8333 -3.51
      vertex 15.4583 10.9343 0
      vertex 15.4583 10.9343 -3.51
    endloop
  endfacet
  facet normal -0.857867 0.513871 0
    outer loop
      vertex 15.4583 10.9343 0
      vertex 15.3978 10.8333 -3.51
      vertex 15.3978 10.8333 0
    endloop
  endfacet
  facet normal -0.941761 0.336283 0
    outer loop
      vertex 15.5087 11.0408 -3.51
      vertex 15.5483 11.1517 0
      vertex 15.5483 11.1517 -3.51
    endloop
  endfacet
  facet normal -0.941761 0.336283 0
    outer loop
      vertex 15.5483 11.1517 0
      vertex 15.5087 11.0408 -3.51
      vertex 15.5087 11.0408 0
    endloop
  endfacet
  facet normal 0.427758 0.903893 -0
    outer loop
      vertex 13.9408 10.3913 -3.51
      vertex 13.8343 10.4417 0
      vertex 13.9408 10.3913 0
    endloop
  endfacet
  facet normal 0.427758 0.903893 0
    outer loop
      vertex 13.8343 10.4417 0
      vertex 13.9408 10.3913 -3.51
      vertex 13.8343 10.4417 -3.51
    endloop
  endfacet
  facet normal 0.989153 -0.146887 0
    outer loop
      vertex 13.2058 11.6176 0
      vertex 13.2231 11.7341 -3.51
      vertex 13.2231 11.7341 0
    endloop
  endfacet
  facet normal 0.989153 -0.146887 0
    outer loop
      vertex 13.2231 11.7341 -3.51
      vertex 13.2058 11.6176 0
      vertex 13.2058 11.6176 -3.51
    endloop
  endfacet
  facet normal -0.242935 -0.970042 0
    outer loop
      vertex 14.6341 12.6769 -3.51
      vertex 14.7483 12.6483 0
      vertex 14.6341 12.6769 0
    endloop
  endfacet
  facet normal -0.242935 -0.970042 -0
    outer loop
      vertex 14.7483 12.6483 0
      vertex 14.6341 12.6769 -3.51
      vertex 14.7483 12.6483 -3.51
    endloop
  endfacet
  facet normal 0.803046 -0.595918 0
    outer loop
      vertex 13.4022 12.1667 0
      vertex 13.4724 12.2613 -3.51
      vertex 13.4724 12.2613 0
    endloop
  endfacet
  facet normal 0.803046 -0.595918 0
    outer loop
      vertex 13.4724 12.2613 -3.51
      vertex 13.4022 12.1667 0
      vertex 13.4022 12.1667 -3.51
    endloop
  endfacet
  facet normal -0.989166 -0.1468 0
    outer loop
      vertex 16.5894 11.7156 -5
      vertex 16.5577 11.9292 -3.51
      vertex 16.5577 11.9292 -5
    endloop
  endfacet
  facet normal -0.989166 -0.1468 0
    outer loop
      vertex 16.5577 11.9292 -3.51
      vertex 16.5894 11.7156 -5
      vertex 16.5894 11.7156 -3.51
    endloop
  endfacet
  facet normal -0.998794 -0.0491058 0
    outer loop
      vertex 16.6 11.5 -5
      vertex 16.5894 11.7156 -3.51
      vertex 16.5894 11.7156 -5
    endloop
  endfacet
  facet normal -0.998794 -0.0491058 0
    outer loop
      vertex 16.5894 11.7156 -3.51
      vertex 16.6 11.5 -5
      vertex 16.6 11.5 -3.51
    endloop
  endfacet
  facet normal -0.970088 -0.242754 0
    outer loop
      vertex 16.5577 11.9292 -5
      vertex 16.5053 12.1386 -3.51
      vertex 16.5053 12.1386 -5
    endloop
  endfacet
  facet normal -0.970088 -0.242754 0
    outer loop
      vertex 16.5053 12.1386 -3.51
      vertex 16.5577 11.9292 -5
      vertex 16.5577 11.9292 -3.51
    endloop
  endfacet
  facet normal -0.740778 -0.67175 0
    outer loop
      vertex 16.1006 12.8957 -5
      vertex 15.9556 13.0556 -3.51
      vertex 15.9556 13.0556 -5
    endloop
  endfacet
  facet normal -0.740778 -0.67175 0
    outer loop
      vertex 15.9556 13.0556 -3.51
      vertex 16.1006 12.8957 -5
      vertex 16.1006 12.8957 -3.51
    endloop
  endfacet
  facet normal 0.857738 -0.514087 0
    outer loop
      vertex 12.4598 12.5371 -3.51
      vertex 12.5708 12.7223 -5
      vertex 12.5708 12.7223 -3.51
    endloop
  endfacet
  facet normal 0.857738 -0.514087 0
    outer loop
      vertex 12.5708 12.7223 -5
      vertex 12.4598 12.5371 -3.51
      vertex 12.4598 12.5371 -5
    endloop
  endfacet
  facet normal 0.427469 -0.90403 0
    outer loop
      vertex 13.3629 13.4402 -5
      vertex 13.5581 13.5325 -3.51
      vertex 13.3629 13.4402 -3.51
    endloop
  endfacet
  facet normal 0.427469 -0.90403 0
    outer loop
      vertex 13.5581 13.5325 -3.51
      vertex 13.3629 13.4402 -5
      vertex 13.5581 13.5325 -5
    endloop
  endfacet
  facet normal -0.14671 0.98918 0
    outer loop
      vertex 14.8292 9.34227 -5
      vertex 14.6156 9.31059 -3.51
      vertex 14.8292 9.34227 -3.51
    endloop
  endfacet
  facet normal -0.14671 0.98918 0
    outer loop
      vertex 14.6156 9.31059 -3.51
      vertex 14.8292 9.34227 -5
      vertex 14.6156 9.31059 -5
    endloop
  endfacet
  facet normal -0.337128 -0.941459 0
    outer loop
      vertex 15.0386 13.6053 -5
      vertex 15.2419 13.5325 -3.51
      vertex 15.0386 13.6053 -3.51
    endloop
  endfacet
  facet normal -0.337128 -0.941459 -0
    outer loop
      vertex 15.2419 13.5325 -3.51
      vertex 15.0386 13.6053 -5
      vertex 15.2419 13.5325 -5
    endloop
  endfacet
  facet normal -0.514087 -0.857738 0
    outer loop
      vertex 15.4371 13.4402 -5
      vertex 15.6223 13.3292 -3.51
      vertex 15.4371 13.4402 -3.51
    endloop
  endfacet
  facet normal -0.514087 -0.857738 -0
    outer loop
      vertex 15.6223 13.3292 -3.51
      vertex 15.4371 13.4402 -5
      vertex 15.6223 13.3292 -5
    endloop
  endfacet
  facet normal -0.998794 0.0491058 0
    outer loop
      vertex 16.5894 11.2844 -5
      vertex 16.6 11.5 -3.51
      vertex 16.6 11.5 -5
    endloop
  endfacet
  facet normal -0.998794 0.0491058 0
    outer loop
      vertex 16.6 11.5 -3.51
      vertex 16.5894 11.2844 -5
      vertex 16.5894 11.2844 -3.51
    endloop
  endfacet
  facet normal 0.514087 0.857738 -0
    outer loop
      vertex 13.3629 9.55977 -5
      vertex 13.1777 9.67077 -3.51
      vertex 13.3629 9.55977 -3.51
    endloop
  endfacet
  facet normal 0.514087 0.857738 0
    outer loop
      vertex 13.1777 9.67077 -3.51
      vertex 13.3629 9.55977 -5
      vertex 13.1777 9.67077 -5
    endloop
  endfacet
  facet normal -0.803212 0.595693 0
    outer loop
      vertex 16.1006 10.1043 -5
      vertex 16.2292 10.2777 -3.51
      vertex 16.2292 10.2777 -5
    endloop
  endfacet
  facet normal -0.803212 0.595693 0
    outer loop
      vertex 16.2292 10.2777 -3.51
      vertex 16.1006 10.1043 -5
      vertex 16.1006 10.1043 -3.51
    endloop
  endfacet
  facet normal -0.0491058 -0.998794 0
    outer loop
      vertex 14.4 13.7 -5
      vertex 14.6156 13.6894 -3.51
      vertex 14.4 13.7 -3.51
    endloop
  endfacet
  facet normal -0.0491058 -0.998794 -0
    outer loop
      vertex 14.6156 13.6894 -3.51
      vertex 14.4 13.7 -5
      vertex 14.6156 13.6894 -5
    endloop
  endfacet
  facet normal 0.740841 0.671681 0
    outer loop
      vertex 12.8444 9.94437 -3.51
      vertex 12.6994 10.1043 -5
      vertex 12.6994 10.1043 -3.51
    endloop
  endfacet
  facet normal 0.740841 0.671681 0
    outer loop
      vertex 12.6994 10.1043 -5
      vertex 12.8444 9.94437 -3.51
      vertex 12.8444 9.94437 -5
    endloop
  endfacet
  facet normal 0.514087 -0.857738 0
    outer loop
      vertex 13.1777 13.3292 -5
      vertex 13.3629 13.4402 -3.51
      vertex 13.1777 13.3292 -3.51
    endloop
  endfacet
  facet normal 0.514087 -0.857738 0
    outer loop
      vertex 13.3629 13.4402 -3.51
      vertex 13.1777 13.3292 -5
      vertex 13.3629 13.4402 -5
    endloop
  endfacet
  facet normal 0.427469 0.90403 -0
    outer loop
      vertex 13.5581 9.46747 -5
      vertex 13.3629 9.55977 -3.51
      vertex 13.5581 9.46747 -3.51
    endloop
  endfacet
  facet normal 0.427469 0.90403 0
    outer loop
      vertex 13.3629 9.55977 -3.51
      vertex 13.5581 9.46747 -5
      vertex 13.3629 9.55977 -5
    endloop
  endfacet
  facet normal -0.243015 0.970022 0
    outer loop
      vertex 15.0386 9.39473 -5
      vertex 14.8292 9.34227 -3.51
      vertex 15.0386 9.39473 -3.51
    endloop
  endfacet
  facet normal -0.243015 0.970022 0
    outer loop
      vertex 14.8292 9.34227 -3.51
      vertex 15.0386 9.39473 -5
      vertex 14.8292 9.34227 -5
    endloop
  endfacet
  facet normal -0.514087 0.857738 0
    outer loop
      vertex 15.6223 9.67077 -5
      vertex 15.4371 9.55977 -3.51
      vertex 15.6223 9.67077 -3.51
    endloop
  endfacet
  facet normal -0.514087 0.857738 0
    outer loop
      vertex 15.4371 9.55977 -3.51
      vertex 15.6223 9.67077 -5
      vertex 15.4371 9.55977 -5
    endloop
  endfacet
  facet normal -0.941459 0.337128 0
    outer loop
      vertex 16.4325 10.6581 -5
      vertex 16.5053 10.8614 -3.51
      vertex 16.5053 10.8614 -5
    endloop
  endfacet
  facet normal -0.941459 0.337128 0
    outer loop
      vertex 16.5053 10.8614 -3.51
      vertex 16.4325 10.6581 -5
      vertex 16.4325 10.6581 -3.51
    endloop
  endfacet
  facet normal 0.740778 -0.67175 0
    outer loop
      vertex 12.6994 12.8957 -3.51
      vertex 12.8444 13.0556 -5
      vertex 12.8444 13.0556 -3.51
    endloop
  endfacet
  facet normal 0.740778 -0.67175 0
    outer loop
      vertex 12.8444 13.0556 -5
      vertex 12.6994 12.8957 -3.51
      vertex 12.6994 12.8957 -5
    endloop
  endfacet
  facet normal 0.0491058 -0.998794 0
    outer loop
      vertex 14.1844 13.6894 -5
      vertex 14.4 13.7 -3.51
      vertex 14.1844 13.6894 -3.51
    endloop
  endfacet
  facet normal 0.0491058 -0.998794 0
    outer loop
      vertex 14.4 13.7 -3.51
      vertex 14.1844 13.6894 -5
      vertex 14.4 13.7 -5
    endloop
  endfacet
  facet normal 0.1468 -0.989166 0
    outer loop
      vertex 13.9708 13.6577 -5
      vertex 14.1844 13.6894 -3.51
      vertex 13.9708 13.6577 -3.51
    endloop
  endfacet
  facet normal 0.1468 -0.989166 0
    outer loop
      vertex 14.1844 13.6894 -3.51
      vertex 13.9708 13.6577 -5
      vertex 14.1844 13.6894 -5
    endloop
  endfacet
  facet normal -0.857738 0.514087 0
    outer loop
      vertex 16.2292 10.2777 -5
      vertex 16.3402 10.4629 -3.51
      vertex 16.3402 10.4629 -5
    endloop
  endfacet
  facet normal -0.857738 0.514087 0
    outer loop
      vertex 16.3402 10.4629 -3.51
      vertex 16.2292 10.2777 -5
      vertex 16.2292 10.2777 -3.51
    endloop
  endfacet
  facet normal -0.427469 0.90403 0
    outer loop
      vertex 15.4371 9.55977 -5
      vertex 15.2419 9.46747 -3.51
      vertex 15.4371 9.55977 -3.51
    endloop
  endfacet
  facet normal -0.427469 0.90403 0
    outer loop
      vertex 15.2419 9.46747 -3.51
      vertex 15.4371 9.55977 -5
      vertex 15.2419 9.46747 -5
    endloop
  endfacet
  facet normal -0.67175 -0.740778 0
    outer loop
      vertex 15.7957 13.2006 -5
      vertex 15.9556 13.0556 -3.51
      vertex 15.7957 13.2006 -3.51
    endloop
  endfacet
  facet normal -0.67175 -0.740778 -0
    outer loop
      vertex 15.9556 13.0556 -3.51
      vertex 15.7957 13.2006 -5
      vertex 15.9556 13.0556 -5
    endloop
  endfacet
  facet normal 0.242754 -0.970088 0
    outer loop
      vertex 13.7614 13.6053 -5
      vertex 13.9708 13.6577 -3.51
      vertex 13.7614 13.6053 -3.51
    endloop
  endfacet
  facet normal 0.242754 -0.970088 0
    outer loop
      vertex 13.9708 13.6577 -3.51
      vertex 13.7614 13.6053 -5
      vertex 13.9708 13.6577 -5
    endloop
  endfacet
  facet normal -0.427469 -0.90403 0
    outer loop
      vertex 15.2419 13.5325 -5
      vertex 15.4371 13.4402 -3.51
      vertex 15.2419 13.5325 -3.51
    endloop
  endfacet
  facet normal -0.427469 -0.90403 -0
    outer loop
      vertex 15.4371 13.4402 -3.51
      vertex 15.2419 13.5325 -5
      vertex 15.4371 13.4402 -5
    endloop
  endfacet
  facet normal 0.803212 -0.595693 0
    outer loop
      vertex 12.5708 12.7223 -3.51
      vertex 12.6994 12.8957 -5
      vertex 12.6994 12.8957 -3.51
    endloop
  endfacet
  facet normal 0.803212 -0.595693 0
    outer loop
      vertex 12.6994 12.8957 -5
      vertex 12.5708 12.7223 -3.51
      vertex 12.5708 12.7223 -5
    endloop
  endfacet
  facet normal -0.0490596 0.998796 0
    outer loop
      vertex 14.6156 9.31059 -5
      vertex 14.4 9.3 -3.51
      vertex 14.6156 9.31059 -3.51
    endloop
  endfacet
  facet normal -0.0490596 0.998796 0
    outer loop
      vertex 14.4 9.3 -3.51
      vertex 14.6156 9.31059 -5
      vertex 14.4 9.3 -5
    endloop
  endfacet
  facet normal -0.803212 -0.595693 0
    outer loop
      vertex 16.2292 12.7223 -5
      vertex 16.1006 12.8957 -3.51
      vertex 16.1006 12.8957 -5
    endloop
  endfacet
  facet normal -0.803212 -0.595693 0
    outer loop
      vertex 16.1006 12.8957 -3.51
      vertex 16.2292 12.7223 -5
      vertex 16.2292 12.7223 -3.51
    endloop
  endfacet
  facet normal -0.90403 0.427469 0
    outer loop
      vertex 16.3402 10.4629 -5
      vertex 16.4325 10.6581 -3.51
      vertex 16.4325 10.6581 -5
    endloop
  endfacet
  facet normal -0.90403 0.427469 0
    outer loop
      vertex 16.4325 10.6581 -3.51
      vertex 16.3402 10.4629 -5
      vertex 16.3402 10.4629 -3.51
    endloop
  endfacet
  facet normal 0.243015 0.970022 -0
    outer loop
      vertex 13.9708 9.34227 -5
      vertex 13.7614 9.39473 -3.51
      vertex 13.9708 9.34227 -3.51
    endloop
  endfacet
  facet normal 0.243015 0.970022 0
    outer loop
      vertex 13.7614 9.39473 -3.51
      vertex 13.9708 9.34227 -5
      vertex 13.7614 9.39473 -5
    endloop
  endfacet
  facet normal 0.671724 0.740801 -0
    outer loop
      vertex 13.0043 9.79938 -5
      vertex 12.8444 9.94437 -3.51
      vertex 13.0043 9.79938 -3.51
    endloop
  endfacet
  facet normal 0.671724 0.740801 0
    outer loop
      vertex 12.8444 9.94437 -3.51
      vertex 13.0043 9.79938 -5
      vertex 12.8444 9.94437 -5
    endloop
  endfacet
  facet normal 0.989166 -0.1468 0
    outer loop
      vertex 12.2106 11.7156 -3.51
      vertex 12.2423 11.9292 -5
      vertex 12.2423 11.9292 -3.51
    endloop
  endfacet
  facet normal 0.989166 -0.1468 0
    outer loop
      vertex 12.2423 11.9292 -5
      vertex 12.2106 11.7156 -3.51
      vertex 12.2106 11.7156 -5
    endloop
  endfacet
  facet normal 0.998794 -0.0491058 0
    outer loop
      vertex 12.2 11.5 -3.51
      vertex 12.2106 11.7156 -5
      vertex 12.2106 11.7156 -3.51
    endloop
  endfacet
  facet normal 0.998794 -0.0491058 0
    outer loop
      vertex 12.2106 11.7156 -5
      vertex 12.2 11.5 -3.51
      vertex 12.2 11.5 -5
    endloop
  endfacet
  facet normal -0.336882 0.941547 0
    outer loop
      vertex 15.2419 9.46747 -5
      vertex 15.0386 9.39473 -3.51
      vertex 15.2419 9.46747 -3.51
    endloop
  endfacet
  facet normal -0.336882 0.941547 0
    outer loop
      vertex 15.0386 9.39473 -3.51
      vertex 15.2419 9.46747 -5
      vertex 15.0386 9.39473 -5
    endloop
  endfacet
  facet normal -0.671724 0.740801 0
    outer loop
      vertex 15.9556 9.94437 -5
      vertex 15.7957 9.79938 -3.51
      vertex 15.9556 9.94437 -3.51
    endloop
  endfacet
  facet normal -0.671724 0.740801 0
    outer loop
      vertex 15.7957 9.79938 -3.51
      vertex 15.9556 9.94437 -5
      vertex 15.7957 9.79938 -5
    endloop
  endfacet
  facet normal -0.970088 0.242754 0
    outer loop
      vertex 16.5053 10.8614 -5
      vertex 16.5577 11.0708 -3.51
      vertex 16.5577 11.0708 -5
    endloop
  endfacet
  facet normal -0.970088 0.242754 0
    outer loop
      vertex 16.5577 11.0708 -3.51
      vertex 16.5053 10.8614 -5
      vertex 16.5053 10.8614 -3.51
    endloop
  endfacet
  facet normal -0.740841 0.671681 0
    outer loop
      vertex 15.9556 9.94437 -5
      vertex 16.1006 10.1043 -3.51
      vertex 16.1006 10.1043 -5
    endloop
  endfacet
  facet normal -0.740841 0.671681 0
    outer loop
      vertex 16.1006 10.1043 -3.51
      vertex 15.9556 9.94437 -5
      vertex 15.9556 9.94437 -3.51
    endloop
  endfacet
  facet normal -0.941459 -0.337128 0
    outer loop
      vertex 16.5053 12.1386 -5
      vertex 16.4325 12.3419 -3.51
      vertex 16.4325 12.3419 -5
    endloop
  endfacet
  facet normal -0.941459 -0.337128 0
    outer loop
      vertex 16.4325 12.3419 -3.51
      vertex 16.5053 12.1386 -5
      vertex 16.5053 12.1386 -3.51
    endloop
  endfacet
  facet normal -0.595693 -0.803212 0
    outer loop
      vertex 15.6223 13.3292 -5
      vertex 15.7957 13.2006 -3.51
      vertex 15.6223 13.3292 -3.51
    endloop
  endfacet
  facet normal -0.595693 -0.803212 -0
    outer loop
      vertex 15.7957 13.2006 -3.51
      vertex 15.6223 13.3292 -5
      vertex 15.7957 13.2006 -5
    endloop
  endfacet
  facet normal 0.90403 -0.427469 0
    outer loop
      vertex 12.3675 12.3419 -3.51
      vertex 12.4598 12.5371 -5
      vertex 12.4598 12.5371 -3.51
    endloop
  endfacet
  facet normal 0.90403 -0.427469 0
    outer loop
      vertex 12.4598 12.5371 -5
      vertex 12.3675 12.3419 -3.51
      vertex 12.3675 12.3419 -5
    endloop
  endfacet
  facet normal 0.970088 0.242754 0
    outer loop
      vertex 12.2947 10.8614 -3.51
      vertex 12.2423 11.0708 -5
      vertex 12.2423 11.0708 -3.51
    endloop
  endfacet
  facet normal 0.970088 0.242754 0
    outer loop
      vertex 12.2423 11.0708 -5
      vertex 12.2947 10.8614 -3.51
      vertex 12.2947 10.8614 -5
    endloop
  endfacet
  facet normal -0.90403 -0.427469 0
    outer loop
      vertex 16.4325 12.3419 -5
      vertex 16.3402 12.5371 -3.51
      vertex 16.3402 12.5371 -5
    endloop
  endfacet
  facet normal -0.90403 -0.427469 0
    outer loop
      vertex 16.3402 12.5371 -3.51
      vertex 16.4325 12.3419 -5
      vertex 16.4325 12.3419 -3.51
    endloop
  endfacet
  facet normal -0.989166 0.1468 0
    outer loop
      vertex 16.5577 11.0708 -5
      vertex 16.5894 11.2844 -3.51
      vertex 16.5894 11.2844 -5
    endloop
  endfacet
  facet normal -0.989166 0.1468 0
    outer loop
      vertex 16.5894 11.2844 -3.51
      vertex 16.5577 11.0708 -5
      vertex 16.5577 11.0708 -3.51
    endloop
  endfacet
  facet normal -0.857738 -0.514087 0
    outer loop
      vertex 16.3402 12.5371 -5
      vertex 16.2292 12.7223 -3.51
      vertex 16.2292 12.7223 -5
    endloop
  endfacet
  facet normal -0.857738 -0.514087 0
    outer loop
      vertex 16.2292 12.7223 -3.51
      vertex 16.3402 12.5371 -5
      vertex 16.3402 12.5371 -3.51
    endloop
  endfacet
  facet normal 0.337128 -0.941459 0
    outer loop
      vertex 13.5581 13.5325 -5
      vertex 13.7614 13.6053 -3.51
      vertex 13.5581 13.5325 -3.51
    endloop
  endfacet
  facet normal 0.337128 -0.941459 0
    outer loop
      vertex 13.7614 13.6053 -3.51
      vertex 13.5581 13.5325 -5
      vertex 13.7614 13.6053 -5
    endloop
  endfacet
  facet normal 0.803212 0.595693 0
    outer loop
      vertex 12.6994 10.1043 -3.51
      vertex 12.5708 10.2777 -5
      vertex 12.5708 10.2777 -3.51
    endloop
  endfacet
  facet normal 0.803212 0.595693 0
    outer loop
      vertex 12.5708 10.2777 -5
      vertex 12.6994 10.1043 -3.51
      vertex 12.6994 10.1043 -5
    endloop
  endfacet
  facet normal 0.857738 0.514087 0
    outer loop
      vertex 12.5708 10.2777 -3.51
      vertex 12.4598 10.4629 -5
      vertex 12.4598 10.4629 -3.51
    endloop
  endfacet
  facet normal 0.857738 0.514087 0
    outer loop
      vertex 12.4598 10.4629 -5
      vertex 12.5708 10.2777 -3.51
      vertex 12.5708 10.2777 -5
    endloop
  endfacet
  facet normal 0.989166 0.1468 0
    outer loop
      vertex 12.2423 11.0708 -3.51
      vertex 12.2106 11.2844 -5
      vertex 12.2106 11.2844 -3.51
    endloop
  endfacet
  facet normal 0.989166 0.1468 0
    outer loop
      vertex 12.2106 11.2844 -5
      vertex 12.2423 11.0708 -3.51
      vertex 12.2423 11.0708 -5
    endloop
  endfacet
  facet normal 0.0490596 0.998796 -0
    outer loop
      vertex 14.4 9.3 -5
      vertex 14.1844 9.31059 -3.51
      vertex 14.4 9.3 -3.51
    endloop
  endfacet
  facet normal 0.0490596 0.998796 0
    outer loop
      vertex 14.1844 9.31059 -3.51
      vertex 14.4 9.3 -5
      vertex 14.1844 9.31059 -5
    endloop
  endfacet
  facet normal 0.67175 -0.740778 0
    outer loop
      vertex 12.8444 13.0556 -5
      vertex 13.0043 13.2006 -3.51
      vertex 12.8444 13.0556 -3.51
    endloop
  endfacet
  facet normal 0.67175 -0.740778 0
    outer loop
      vertex 13.0043 13.2006 -3.51
      vertex 12.8444 13.0556 -5
      vertex 13.0043 13.2006 -5
    endloop
  endfacet
  facet normal 0.970088 -0.242754 0
    outer loop
      vertex 12.2423 11.9292 -3.51
      vertex 12.2947 12.1386 -5
      vertex 12.2947 12.1386 -3.51
    endloop
  endfacet
  facet normal 0.970088 -0.242754 0
    outer loop
      vertex 12.2947 12.1386 -5
      vertex 12.2423 11.9292 -3.51
      vertex 12.2423 11.9292 -5
    endloop
  endfacet
  facet normal 0.90403 0.427469 0
    outer loop
      vertex 12.4598 10.4629 -3.51
      vertex 12.3675 10.6581 -5
      vertex 12.3675 10.6581 -3.51
    endloop
  endfacet
  facet normal 0.90403 0.427469 0
    outer loop
      vertex 12.3675 10.6581 -5
      vertex 12.4598 10.4629 -3.51
      vertex 12.4598 10.4629 -5
    endloop
  endfacet
  facet normal -0.242754 -0.970088 0
    outer loop
      vertex 14.8292 13.6577 -5
      vertex 15.0386 13.6053 -3.51
      vertex 14.8292 13.6577 -3.51
    endloop
  endfacet
  facet normal -0.242754 -0.970088 -0
    outer loop
      vertex 15.0386 13.6053 -3.51
      vertex 14.8292 13.6577 -5
      vertex 15.0386 13.6053 -5
    endloop
  endfacet
  facet normal 0.941459 0.337128 0
    outer loop
      vertex 12.3675 10.6581 -3.51
      vertex 12.2947 10.8614 -5
      vertex 12.2947 10.8614 -3.51
    endloop
  endfacet
  facet normal 0.941459 0.337128 0
    outer loop
      vertex 12.2947 10.8614 -5
      vertex 12.3675 10.6581 -3.51
      vertex 12.3675 10.6581 -5
    endloop
  endfacet
  facet normal -0.595723 0.80319 0
    outer loop
      vertex 15.7957 9.79938 -5
      vertex 15.6223 9.67077 -3.51
      vertex 15.7957 9.79938 -3.51
    endloop
  endfacet
  facet normal -0.595723 0.80319 0
    outer loop
      vertex 15.6223 9.67077 -3.51
      vertex 15.7957 9.79938 -5
      vertex 15.6223 9.67077 -5
    endloop
  endfacet
  facet normal 0.595693 -0.803212 0
    outer loop
      vertex 13.0043 13.2006 -5
      vertex 13.1777 13.3292 -3.51
      vertex 13.0043 13.2006 -3.51
    endloop
  endfacet
  facet normal 0.595693 -0.803212 0
    outer loop
      vertex 13.1777 13.3292 -3.51
      vertex 13.0043 13.2006 -5
      vertex 13.1777 13.3292 -5
    endloop
  endfacet
  facet normal 0.941459 -0.337128 0
    outer loop
      vertex 12.2947 12.1386 -3.51
      vertex 12.3675 12.3419 -5
      vertex 12.3675 12.3419 -3.51
    endloop
  endfacet
  facet normal 0.941459 -0.337128 0
    outer loop
      vertex 12.3675 12.3419 -5
      vertex 12.2947 12.1386 -3.51
      vertex 12.2947 12.1386 -5
    endloop
  endfacet
  facet normal 0.14671 0.98918 -0
    outer loop
      vertex 14.1844 9.31059 -5
      vertex 13.9708 9.34227 -3.51
      vertex 14.1844 9.31059 -3.51
    endloop
  endfacet
  facet normal 0.14671 0.98918 0
    outer loop
      vertex 13.9708 9.34227 -3.51
      vertex 14.1844 9.31059 -5
      vertex 13.9708 9.34227 -5
    endloop
  endfacet
  facet normal 0.595723 0.80319 -0
    outer loop
      vertex 13.1777 9.67077 -5
      vertex 13.0043 9.79938 -3.51
      vertex 13.1777 9.67077 -3.51
    endloop
  endfacet
  facet normal 0.595723 0.80319 0
    outer loop
      vertex 13.0043 9.79938 -3.51
      vertex 13.1777 9.67077 -5
      vertex 13.0043 9.79938 -5
    endloop
  endfacet
  facet normal 0.998794 0.0491058 0
    outer loop
      vertex 12.2106 11.2844 -3.51
      vertex 12.2 11.5 -5
      vertex 12.2 11.5 -3.51
    endloop
  endfacet
  facet normal 0.998794 0.0491058 0
    outer loop
      vertex 12.2 11.5 -5
      vertex 12.2106 11.2844 -3.51
      vertex 12.2106 11.2844 -5
    endloop
  endfacet
  facet normal -0.1468 -0.989166 0
    outer loop
      vertex 14.6156 13.6894 -5
      vertex 14.8292 13.6577 -3.51
      vertex 14.6156 13.6894 -3.51
    endloop
  endfacet
  facet normal -0.1468 -0.989166 -0
    outer loop
      vertex 14.8292 13.6577 -3.51
      vertex 14.6156 13.6894 -5
      vertex 14.8292 13.6577 -5
    endloop
  endfacet
  facet normal 0.336882 0.941547 -0
    outer loop
      vertex 13.7614 9.39473 -5
      vertex 13.5581 9.46747 -3.51
      vertex 13.7614 9.39473 -3.51
    endloop
  endfacet
  facet normal 0.336882 0.941547 0
    outer loop
      vertex 13.5581 9.46747 -3.51
      vertex 13.7614 9.39473 -5
      vertex 13.5581 9.46747 -5
    endloop
  endfacet
  facet normal 0 0 -1
    outer loop
      vertex 15.6 11.5 -3.51
      vertex 16.6 11.5 -3.51
      vertex 16.5894 11.2844 -3.51
    endloop
  endfacet
  facet normal 0 0 -1
    outer loop
      vertex 15.5942 11.3824 -3.51
      vertex 16.5894 11.2844 -3.51
      vertex 16.5577 11.0708 -3.51
    endloop
  endfacet
  facet normal 0 0 -1
    outer loop
      vertex 16.6 11.5 -3.51
      vertex 15.6 11.5 -3.51
      vertex 16.5894 11.7156 -3.51
    endloop
  endfacet
  facet normal 0 0 -1
    outer loop
      vertex 15.5769 11.2659 -3.51
      vertex 16.5577 11.0708 -3.51
      vertex 16.5053 10.8614 -3.51
    endloop
  endfacet
  facet normal 0 0 -1
    outer loop
      vertex 15.5942 11.6176 -3.51
      vertex 16.5894 11.7156 -3.51
      vertex 15.6 11.5 -3.51
    endloop
  endfacet
  facet normal 0 0 -1
    outer loop
      vertex 15.5483 11.1517 -3.51
      vertex 16.5053 10.8614 -3.51
      vertex 16.4325 10.6581 -3.51
    endloop
  endfacet
  facet normal -0 0 -1
    outer loop
      vertex 16.5894 11.7156 -3.51
      vertex 15.5942 11.6176 -3.51
      vertex 16.5577 11.9292 -3.51
    endloop
  endfacet
  facet normal 0 0 -1
    outer loop
      vertex 15.5087 11.0408 -3.51
      vertex 16.4325 10.6581 -3.51
      vertex 16.3402 10.4629 -3.51
    endloop
  endfacet
  facet normal 0 0 -1
    outer loop
      vertex 15.5769 11.7341 -3.51
      vertex 16.5577 11.9292 -3.51
      vertex 15.5942 11.6176 -3.51
    endloop
  endfacet
  facet normal 0 0 -1
    outer loop
      vertex 15.4583 10.9343 -3.51
      vertex 16.3402 10.4629 -3.51
      vertex 16.2292 10.2777 -3.51
    endloop
  endfacet
  facet normal -0 0 -1
    outer loop
      vertex 16.5577 11.9292 -3.51
      vertex 15.5769 11.7341 -3.51
      vertex 16.5053 12.1386 -3.51
    endloop
  endfacet
  facet normal 0 0 -1
    outer loop
      vertex 15.3978 10.8333 -3.51
      vertex 16.2292 10.2777 -3.51
      vertex 16.1006 10.1043 -3.51
    endloop
  endfacet
  facet normal 0 0 -1
    outer loop
      vertex 15.5483 11.8483 -3.51
      vertex 16.5053 12.1386 -3.51
      vertex 15.5769 11.7341 -3.51
    endloop
  endfacet
  facet normal 0 0 -1
    outer loop
      vertex 15.3276 10.7387 -3.51
      vertex 16.1006 10.1043 -3.51
      vertex 15.9556 9.94437 -3.51
    endloop
  endfacet
  facet normal -0 0 -1
    outer loop
      vertex 16.5053 12.1386 -3.51
      vertex 15.5483 11.8483 -3.51
      vertex 16.4325 12.3419 -3.51
    endloop
  endfacet
  facet normal 0 0 -1
    outer loop
      vertex 15.2485 10.6515 -3.51
      vertex 15.9556 9.94437 -3.51
      vertex 15.7957 9.79938 -3.51
    endloop
  endfacet
  facet normal 0 0 -1
    outer loop
      vertex 15.5087 11.9592 -3.51
      vertex 16.4325 12.3419 -3.51
      vertex 15.5483 11.8483 -3.51
    endloop
  endfacet
  facet normal 0 0 -1
    outer loop
      vertex 15.1613 10.5724 -3.51
      vertex 15.7957 9.79938 -3.51
      vertex 15.6223 9.67077 -3.51
    endloop
  endfacet
  facet normal -0 0 -1
    outer loop
      vertex 16.4325 12.3419 -3.51
      vertex 15.5087 11.9592 -3.51
      vertex 16.3402 12.5371 -3.51
    endloop
  endfacet
  facet normal 0 0 -1
    outer loop
      vertex 15.4583 12.0657 -3.51
      vertex 16.3402 12.5371 -3.51
      vertex 15.5087 11.9592 -3.51
    endloop
  endfacet
  facet normal 0 0 -1
    outer loop
      vertex 16.5894 11.2844 -3.51
      vertex 15.5942 11.3824 -3.51
      vertex 15.6 11.5 -3.51
    endloop
  endfacet
  facet normal 0 0 -1
    outer loop
      vertex 16.5577 11.0708 -3.51
      vertex 15.5769 11.2659 -3.51
      vertex 15.5942 11.3824 -3.51
    endloop
  endfacet
  facet normal 0 0 -1
    outer loop
      vertex 16.5053 10.8614 -3.51
      vertex 15.5483 11.1517 -3.51
      vertex 15.5769 11.2659 -3.51
    endloop
  endfacet
  facet normal 0 0 -1
    outer loop
      vertex 16.4325 10.6581 -3.51
      vertex 15.5087 11.0408 -3.51
      vertex 15.5483 11.1517 -3.51
    endloop
  endfacet
  facet normal 0 0 -1
    outer loop
      vertex 16.3402 10.4629 -3.51
      vertex 15.4583 10.9343 -3.51
      vertex 15.5087 11.0408 -3.51
    endloop
  endfacet
  facet normal 0 0 -1
    outer loop
      vertex 15.0667 10.5022 -3.51
      vertex 15.6223 9.67077 -3.51
      vertex 15.4371 9.55977 -3.51
    endloop
  endfacet
  facet normal 0 0 -1
    outer loop
      vertex 16.2292 10.2777 -3.51
      vertex 15.3978 10.8333 -3.51
      vertex 15.4583 10.9343 -3.51
    endloop
  endfacet
  facet normal 0 0 -1
    outer loop
      vertex 16.1006 10.1043 -3.51
      vertex 15.3276 10.7387 -3.51
      vertex 15.3978 10.8333 -3.51
    endloop
  endfacet
  facet normal 0 0 -1
    outer loop
      vertex 15.9556 9.94437 -3.51
      vertex 15.2485 10.6515 -3.51
      vertex 15.3276 10.7387 -3.51
    endloop
  endfacet
  facet normal 0 0 -1
    outer loop
      vertex 14.9657 10.4417 -3.51
      vertex 15.4371 9.55977 -3.51
      vertex 15.2419 9.46747 -3.51
    endloop
  endfacet
  facet normal 0 0 -1
    outer loop
      vertex 15.7957 9.79938 -3.51
      vertex 15.1613 10.5724 -3.51
      vertex 15.2485 10.6515 -3.51
    endloop
  endfacet
  facet normal 0 0 -1
    outer loop
      vertex 15.6223 9.67077 -3.51
      vertex 15.0667 10.5022 -3.51
      vertex 15.1613 10.5724 -3.51
    endloop
  endfacet
  facet normal 0 0 -1
    outer loop
      vertex 14.8592 10.3913 -3.51
      vertex 15.2419 9.46747 -3.51
      vertex 15.0386 9.39473 -3.51
    endloop
  endfacet
  facet normal 0 0 -1
    outer loop
      vertex 15.4371 9.55977 -3.51
      vertex 14.9657 10.4417 -3.51
      vertex 15.0667 10.5022 -3.51
    endloop
  endfacet
  facet normal 0 0 -1
    outer loop
      vertex 15.2419 9.46747 -3.51
      vertex 14.8592 10.3913 -3.51
      vertex 14.9657 10.4417 -3.51
    endloop
  endfacet
  facet normal 0 0 -1
    outer loop
      vertex 14.7483 10.3517 -3.51
      vertex 15.0386 9.39473 -3.51
      vertex 14.8292 9.34227 -3.51
    endloop
  endfacet
  facet normal 0 0 -1
    outer loop
      vertex 15.0386 9.39473 -3.51
      vertex 14.7483 10.3517 -3.51
      vertex 14.8592 10.3913 -3.51
    endloop
  endfacet
  facet normal 0 0 -1
    outer loop
      vertex 14.8292 9.34227 -3.51
      vertex 14.6341 10.3231 -3.51
      vertex 14.7483 10.3517 -3.51
    endloop
  endfacet
  facet normal 0 0 -1
    outer loop
      vertex 14.6156 9.31059 -3.51
      vertex 14.6341 10.3231 -3.51
      vertex 14.8292 9.34227 -3.51
    endloop
  endfacet
  facet normal 0 0 -1
    outer loop
      vertex 14.6156 9.31059 -3.51
      vertex 14.5176 10.3058 -3.51
      vertex 14.6341 10.3231 -3.51
    endloop
  endfacet
  facet normal 0 0 -1
    outer loop
      vertex 14.4 9.3 -3.51
      vertex 14.5176 10.3058 -3.51
      vertex 14.6156 9.31059 -3.51
    endloop
  endfacet
  facet normal 0 0 -1
    outer loop
      vertex 14.4 9.3 -3.51
      vertex 14.4 10.3 -3.51
      vertex 14.5176 10.3058 -3.51
    endloop
  endfacet
  facet normal 0 0 -1
    outer loop
      vertex 14.4 9.3 -3.51
      vertex 14.2824 10.3058 -3.51
      vertex 14.4 10.3 -3.51
    endloop
  endfacet
  facet normal 0 0 -1
    outer loop
      vertex 14.1844 9.31059 -3.51
      vertex 14.2824 10.3058 -3.51
      vertex 14.4 9.3 -3.51
    endloop
  endfacet
  facet normal 0 0 -1
    outer loop
      vertex 14.1844 9.31059 -3.51
      vertex 14.1659 10.3231 -3.51
      vertex 14.2824 10.3058 -3.51
    endloop
  endfacet
  facet normal 0 0 -1
    outer loop
      vertex 13.9708 9.34227 -3.51
      vertex 14.1659 10.3231 -3.51
      vertex 14.1844 9.31059 -3.51
    endloop
  endfacet
  facet normal -0 0 -1
    outer loop
      vertex 14.1659 10.3231 -3.51
      vertex 13.9708 9.34227 -3.51
      vertex 14.0517 10.3517 -3.51
    endloop
  endfacet
  facet normal 0 0 -1
    outer loop
      vertex 13.7614 9.39473 -3.51
      vertex 14.0517 10.3517 -3.51
      vertex 13.9708 9.34227 -3.51
    endloop
  endfacet
  facet normal -0 0 -1
    outer loop
      vertex 14.0517 10.3517 -3.51
      vertex 13.7614 9.39473 -3.51
      vertex 13.9408 10.3913 -3.51
    endloop
  endfacet
  facet normal 0 0 -1
    outer loop
      vertex 13.5581 9.46747 -3.51
      vertex 13.9408 10.3913 -3.51
      vertex 13.7614 9.39473 -3.51
    endloop
  endfacet
  facet normal -0 0 -1
    outer loop
      vertex 13.9408 10.3913 -3.51
      vertex 13.5581 9.46747 -3.51
      vertex 13.8343 10.4417 -3.51
    endloop
  endfacet
  facet normal 0 0 -1
    outer loop
      vertex 13.3629 9.55977 -3.51
      vertex 13.8343 10.4417 -3.51
      vertex 13.5581 9.46747 -3.51
    endloop
  endfacet
  facet normal -0 0 -1
    outer loop
      vertex 13.8343 10.4417 -3.51
      vertex 13.3629 9.55977 -3.51
      vertex 13.7333 10.5022 -3.51
    endloop
  endfacet
  facet normal 0 0 -1
    outer loop
      vertex 13.1777 9.67077 -3.51
      vertex 13.7333 10.5022 -3.51
      vertex 13.3629 9.55977 -3.51
    endloop
  endfacet
  facet normal -0 0 -1
    outer loop
      vertex 13.7333 10.5022 -3.51
      vertex 13.1777 9.67077 -3.51
      vertex 13.6387 10.5724 -3.51
    endloop
  endfacet
  facet normal 0 0 -1
    outer loop
      vertex 13.0043 9.79938 -3.51
      vertex 13.6387 10.5724 -3.51
      vertex 13.1777 9.67077 -3.51
    endloop
  endfacet
  facet normal -0 0 -1
    outer loop
      vertex 13.6387 10.5724 -3.51
      vertex 13.0043 9.79938 -3.51
      vertex 13.5515 10.6515 -3.51
    endloop
  endfacet
  facet normal 0 0 -1
    outer loop
      vertex 12.8444 9.94437 -3.51
      vertex 13.5515 10.6515 -3.51
      vertex 13.0043 9.79938 -3.51
    endloop
  endfacet
  facet normal -0 0 -1
    outer loop
      vertex 13.5515 10.6515 -3.51
      vertex 12.8444 9.94437 -3.51
      vertex 13.4724 10.7387 -3.51
    endloop
  endfacet
  facet normal 0 0 -1
    outer loop
      vertex 12.6994 10.1043 -3.51
      vertex 13.4724 10.7387 -3.51
      vertex 12.8444 9.94437 -3.51
    endloop
  endfacet
  facet normal -0 0 -1
    outer loop
      vertex 13.4724 10.7387 -3.51
      vertex 12.6994 10.1043 -3.51
      vertex 13.4022 10.8333 -3.51
    endloop
  endfacet
  facet normal 0 0 -1
    outer loop
      vertex 12.5708 10.2777 -3.51
      vertex 13.4022 10.8333 -3.51
      vertex 12.6994 10.1043 -3.51
    endloop
  endfacet
  facet normal 0 0 -1
    outer loop
      vertex 12.4598 10.4629 -3.51
      vertex 13.3417 10.9343 -3.51
      vertex 12.5708 10.2777 -3.51
    endloop
  endfacet
  facet normal -0 0 -1
    outer loop
      vertex 13.4022 10.8333 -3.51
      vertex 12.5708 10.2777 -3.51
      vertex 13.3417 10.9343 -3.51
    endloop
  endfacet
  facet normal -0 0 -1
    outer loop
      vertex 16.3402 12.5371 -3.51
      vertex 15.4583 12.0657 -3.51
      vertex 16.2292 12.7223 -3.51
    endloop
  endfacet
  facet normal 0 0 -1
    outer loop
      vertex 15.3978 12.1667 -3.51
      vertex 16.2292 12.7223 -3.51
      vertex 15.4583 12.0657 -3.51
    endloop
  endfacet
  facet normal -0 0 -1
    outer loop
      vertex 16.2292 12.7223 -3.51
      vertex 15.3978 12.1667 -3.51
      vertex 16.1006 12.8957 -3.51
    endloop
  endfacet
  facet normal 0 0 -1
    outer loop
      vertex 15.3276 12.2613 -3.51
      vertex 16.1006 12.8957 -3.51
      vertex 15.3978 12.1667 -3.51
    endloop
  endfacet
  facet normal -0 0 -1
    outer loop
      vertex 16.1006 12.8957 -3.51
      vertex 15.3276 12.2613 -3.51
      vertex 15.9556 13.0556 -3.51
    endloop
  endfacet
  facet normal 0 0 -1
    outer loop
      vertex 15.2485 12.3485 -3.51
      vertex 15.9556 13.0556 -3.51
      vertex 15.3276 12.2613 -3.51
    endloop
  endfacet
  facet normal -0 0 -1
    outer loop
      vertex 15.9556 13.0556 -3.51
      vertex 15.2485 12.3485 -3.51
      vertex 15.7957 13.2006 -3.51
    endloop
  endfacet
  facet normal 0 0 -1
    outer loop
      vertex 15.1613 12.4276 -3.51
      vertex 15.7957 13.2006 -3.51
      vertex 15.2485 12.3485 -3.51
    endloop
  endfacet
  facet normal -0 0 -1
    outer loop
      vertex 15.7957 13.2006 -3.51
      vertex 15.1613 12.4276 -3.51
      vertex 15.6223 13.3292 -3.51
    endloop
  endfacet
  facet normal 0 0 -1
    outer loop
      vertex 15.0667 12.4978 -3.51
      vertex 15.6223 13.3292 -3.51
      vertex 15.1613 12.4276 -3.51
    endloop
  endfacet
  facet normal -0 0 -1
    outer loop
      vertex 15.6223 13.3292 -3.51
      vertex 15.0667 12.4978 -3.51
      vertex 15.4371 13.4402 -3.51
    endloop
  endfacet
  facet normal 0 0 -1
    outer loop
      vertex 14.9657 12.5583 -3.51
      vertex 15.4371 13.4402 -3.51
      vertex 15.0667 12.4978 -3.51
    endloop
  endfacet
  facet normal -0 0 -1
    outer loop
      vertex 15.4371 13.4402 -3.51
      vertex 14.9657 12.5583 -3.51
      vertex 15.2419 13.5325 -3.51
    endloop
  endfacet
  facet normal 0 0 -1
    outer loop
      vertex 14.8592 12.6087 -3.51
      vertex 15.2419 13.5325 -3.51
      vertex 14.9657 12.5583 -3.51
    endloop
  endfacet
  facet normal -0 0 -1
    outer loop
      vertex 15.2419 13.5325 -3.51
      vertex 14.8592 12.6087 -3.51
      vertex 15.0386 13.6053 -3.51
    endloop
  endfacet
  facet normal 0 0 -1
    outer loop
      vertex 14.7483 12.6483 -3.51
      vertex 15.0386 13.6053 -3.51
      vertex 14.8592 12.6087 -3.51
    endloop
  endfacet
  facet normal -0 0 -1
    outer loop
      vertex 15.0386 13.6053 -3.51
      vertex 14.7483 12.6483 -3.51
      vertex 14.8292 13.6577 -3.51
    endloop
  endfacet
  facet normal 0 0 -1
    outer loop
      vertex 14.6341 12.6769 -3.51
      vertex 14.8292 13.6577 -3.51
      vertex 14.7483 12.6483 -3.51
    endloop
  endfacet
  facet normal 0 0 -1
    outer loop
      vertex 14.6341 12.6769 -3.51
      vertex 14.6156 13.6894 -3.51
      vertex 14.8292 13.6577 -3.51
    endloop
  endfacet
  facet normal 0 0 -1
    outer loop
      vertex 14.5176 12.6942 -3.51
      vertex 14.6156 13.6894 -3.51
      vertex 14.6341 12.6769 -3.51
    endloop
  endfacet
  facet normal 0 0 -1
    outer loop
      vertex 14.4 12.7 -3.51
      vertex 14.6156 13.6894 -3.51
      vertex 14.5176 12.6942 -3.51
    endloop
  endfacet
  facet normal 0 0 -1
    outer loop
      vertex 14.4 12.7 -3.51
      vertex 14.4 13.7 -3.51
      vertex 14.6156 13.6894 -3.51
    endloop
  endfacet
  facet normal 0 0 -1
    outer loop
      vertex 14.2824 12.6942 -3.51
      vertex 14.4 13.7 -3.51
      vertex 14.4 12.7 -3.51
    endloop
  endfacet
  facet normal 0 0 -1
    outer loop
      vertex 14.2824 12.6942 -3.51
      vertex 14.1844 13.6894 -3.51
      vertex 14.4 13.7 -3.51
    endloop
  endfacet
  facet normal 0 0 -1
    outer loop
      vertex 14.1659 12.6769 -3.51
      vertex 14.1844 13.6894 -3.51
      vertex 14.2824 12.6942 -3.51
    endloop
  endfacet
  facet normal 0 0 -1
    outer loop
      vertex 13.9708 13.6577 -3.51
      vertex 14.1659 12.6769 -3.51
      vertex 14.0517 12.6483 -3.51
    endloop
  endfacet
  facet normal 0 0 -1
    outer loop
      vertex 14.1659 12.6769 -3.51
      vertex 13.9708 13.6577 -3.51
      vertex 14.1844 13.6894 -3.51
    endloop
  endfacet
  facet normal 0 0 -1
    outer loop
      vertex 13.7614 13.6053 -3.51
      vertex 14.0517 12.6483 -3.51
      vertex 13.9408 12.6087 -3.51
    endloop
  endfacet
  facet normal 0 0 -1
    outer loop
      vertex 13.5581 13.5325 -3.51
      vertex 13.9408 12.6087 -3.51
      vertex 13.8343 12.5583 -3.51
    endloop
  endfacet
  facet normal 0 0 -1
    outer loop
      vertex 14.0517 12.6483 -3.51
      vertex 13.7614 13.6053 -3.51
      vertex 13.9708 13.6577 -3.51
    endloop
  endfacet
  facet normal 0 0 -1
    outer loop
      vertex 13.3629 13.4402 -3.51
      vertex 13.8343 12.5583 -3.51
      vertex 13.7333 12.4978 -3.51
    endloop
  endfacet
  facet normal 0 0 -1
    outer loop
      vertex 13.1777 13.3292 -3.51
      vertex 13.7333 12.4978 -3.51
      vertex 13.6387 12.4276 -3.51
    endloop
  endfacet
  facet normal 0 0 -1
    outer loop
      vertex 13.9408 12.6087 -3.51
      vertex 13.5581 13.5325 -3.51
      vertex 13.7614 13.6053 -3.51
    endloop
  endfacet
  facet normal 0 0 -1
    outer loop
      vertex 13.0043 13.2006 -3.51
      vertex 13.6387 12.4276 -3.51
      vertex 13.5515 12.3485 -3.51
    endloop
  endfacet
  facet normal 0 0 -1
    outer loop
      vertex 12.8444 13.0556 -3.51
      vertex 13.5515 12.3485 -3.51
      vertex 13.4724 12.2613 -3.51
    endloop
  endfacet
  facet normal 0 0 -1
    outer loop
      vertex 12.6994 12.8957 -3.51
      vertex 13.4724 12.2613 -3.51
      vertex 13.4022 12.1667 -3.51
    endloop
  endfacet
  facet normal 0 0 -1
    outer loop
      vertex 13.8343 12.5583 -3.51
      vertex 13.3629 13.4402 -3.51
      vertex 13.5581 13.5325 -3.51
    endloop
  endfacet
  facet normal 0 0 -1
    outer loop
      vertex 12.5708 12.7223 -3.51
      vertex 13.4022 12.1667 -3.51
      vertex 13.3417 12.0657 -3.51
    endloop
  endfacet
  facet normal 0 0 -1
    outer loop
      vertex 12.4598 12.5371 -3.51
      vertex 13.3417 12.0657 -3.51
      vertex 13.2913 11.9592 -3.51
    endloop
  endfacet
  facet normal 0 0 -1
    outer loop
      vertex 12.3675 12.3419 -3.51
      vertex 13.2913 11.9592 -3.51
      vertex 13.2517 11.8483 -3.51
    endloop
  endfacet
  facet normal 0 0 -1
    outer loop
      vertex 12.2947 12.1386 -3.51
      vertex 13.2517 11.8483 -3.51
      vertex 13.2231 11.7341 -3.51
    endloop
  endfacet
  facet normal 0 0 -1
    outer loop
      vertex 12.2423 11.9292 -3.51
      vertex 13.2231 11.7341 -3.51
      vertex 13.2058 11.6176 -3.51
    endloop
  endfacet
  facet normal 0 0 -1
    outer loop
      vertex 13.7333 12.4978 -3.51
      vertex 13.1777 13.3292 -3.51
      vertex 13.3629 13.4402 -3.51
    endloop
  endfacet
  facet normal 0 0 -1
    outer loop
      vertex 12.2106 11.7156 -3.51
      vertex 13.2058 11.6176 -3.51
      vertex 13.2 11.5 -3.51
    endloop
  endfacet
  facet normal -0 0 -1
    outer loop
      vertex 13.3417 10.9343 -3.51
      vertex 12.4598 10.4629 -3.51
      vertex 13.2913 11.0408 -3.51
    endloop
  endfacet
  facet normal 0 0 -1
    outer loop
      vertex 12.3675 10.6581 -3.51
      vertex 13.2913 11.0408 -3.51
      vertex 12.4598 10.4629 -3.51
    endloop
  endfacet
  facet normal 0 0 -1
    outer loop
      vertex 13.6387 12.4276 -3.51
      vertex 13.0043 13.2006 -3.51
      vertex 13.1777 13.3292 -3.51
    endloop
  endfacet
  facet normal -0 0 -1
    outer loop
      vertex 13.2913 11.0408 -3.51
      vertex 12.3675 10.6581 -3.51
      vertex 13.2517 11.1517 -3.51
    endloop
  endfacet
  facet normal 0 0 -1
    outer loop
      vertex 13.5515 12.3485 -3.51
      vertex 12.8444 13.0556 -3.51
      vertex 13.0043 13.2006 -3.51
    endloop
  endfacet
  facet normal 0 0 -1
    outer loop
      vertex 12.2947 10.8614 -3.51
      vertex 13.2517 11.1517 -3.51
      vertex 12.3675 10.6581 -3.51
    endloop
  endfacet
  facet normal 0 0 -1
    outer loop
      vertex 13.4724 12.2613 -3.51
      vertex 12.6994 12.8957 -3.51
      vertex 12.8444 13.0556 -3.51
    endloop
  endfacet
  facet normal -0 0 -1
    outer loop
      vertex 13.2517 11.1517 -3.51
      vertex 12.2947 10.8614 -3.51
      vertex 13.2231 11.2659 -3.51
    endloop
  endfacet
  facet normal 0 0 -1
    outer loop
      vertex 13.4022 12.1667 -3.51
      vertex 12.5708 12.7223 -3.51
      vertex 12.6994 12.8957 -3.51
    endloop
  endfacet
  facet normal 0 0 -1
    outer loop
      vertex 12.2423 11.0708 -3.51
      vertex 13.2231 11.2659 -3.51
      vertex 12.2947 10.8614 -3.51
    endloop
  endfacet
  facet normal 0 0 -1
    outer loop
      vertex 13.3417 12.0657 -3.51
      vertex 12.4598 12.5371 -3.51
      vertex 12.5708 12.7223 -3.51
    endloop
  endfacet
  facet normal -0 0 -1
    outer loop
      vertex 13.2231 11.2659 -3.51
      vertex 12.2423 11.0708 -3.51
      vertex 13.2058 11.3824 -3.51
    endloop
  endfacet
  facet normal 0 0 -1
    outer loop
      vertex 13.2913 11.9592 -3.51
      vertex 12.3675 12.3419 -3.51
      vertex 12.4598 12.5371 -3.51
    endloop
  endfacet
  facet normal 0 0 -1
    outer loop
      vertex 12.2106 11.2844 -3.51
      vertex 13.2058 11.3824 -3.51
      vertex 12.2423 11.0708 -3.51
    endloop
  endfacet
  facet normal 0 0 -1
    outer loop
      vertex 13.2517 11.8483 -3.51
      vertex 12.2947 12.1386 -3.51
      vertex 12.3675 12.3419 -3.51
    endloop
  endfacet
  facet normal -0 0 -1
    outer loop
      vertex 13.2058 11.3824 -3.51
      vertex 12.2106 11.2844 -3.51
      vertex 13.2 11.5 -3.51
    endloop
  endfacet
  facet normal 0 0 -1
    outer loop
      vertex 13.2231 11.7341 -3.51
      vertex 12.2423 11.9292 -3.51
      vertex 12.2947 12.1386 -3.51
    endloop
  endfacet
  facet normal 0 0 -1
    outer loop
      vertex 12.2 11.5 -3.51
      vertex 13.2 11.5 -3.51
      vertex 12.2106 11.2844 -3.51
    endloop
  endfacet
  facet normal 0 0 -1
    outer loop
      vertex 13.2058 11.6176 -3.51
      vertex 12.2106 11.7156 -3.51
      vertex 12.2423 11.9292 -3.51
    endloop
  endfacet
  facet normal 0 0 -1
    outer loop
      vertex 13.2 11.5 -3.51
      vertex 12.2 11.5 -3.51
      vertex 12.2106 11.7156 -3.51
    endloop
  endfacet
  facet normal 0.0492599 -0.998786 0
    outer loop
      vertex 24.2824 12.6942 -3.51
      vertex 24.4 12.7 0
      vertex 24.2824 12.6942 0
    endloop
  endfacet
  facet normal 0.0492599 -0.998786 0
    outer loop
      vertex 24.4 12.7 0
      vertex 24.2824 12.6942 -3.51
      vertex 24.4 12.7 -3.51
    endloop
  endfacet
  facet normal -0.989153 -0.146887 0
    outer loop
      vertex 25.5942 11.6176 -3.51
      vertex 25.5769 11.7341 0
      vertex 25.5769 11.7341 -3.51
    endloop
  endfacet
  facet normal -0.989153 -0.146887 0
    outer loop
      vertex 25.5769 11.7341 0
      vertex 25.5942 11.6176 -3.51
      vertex 25.5942 11.6176 0
    endloop
  endfacet
  facet normal -0.998786 -0.0492599 0
    outer loop
      vertex 25.6 11.5 -3.51
      vertex 25.5942 11.6176 0
      vertex 25.5942 11.6176 -3.51
    endloop
  endfacet
  facet normal -0.998786 -0.0492599 0
    outer loop
      vertex 25.5942 11.6176 0
      vertex 25.6 11.5 -3.51
      vertex 25.6 11.5 0
    endloop
  endfacet
  facet normal -0.970042 -0.242935 0
    outer loop
      vertex 25.5769 11.7341 -3.51
      vertex 25.5483 11.8483 0
      vertex 25.5483 11.8483 -3.51
    endloop
  endfacet
  facet normal -0.970042 -0.242935 0
    outer loop
      vertex 25.5483 11.8483 0
      vertex 25.5769 11.7341 -3.51
      vertex 25.5769 11.7341 0
    endloop
  endfacet
  facet normal 0.0492599 0.998786 -0
    outer loop
      vertex 24.4 10.3 -3.51
      vertex 24.2824 10.3058 0
      vertex 24.4 10.3 0
    endloop
  endfacet
  facet normal 0.0492599 0.998786 0
    outer loop
      vertex 24.2824 10.3058 0
      vertex 24.4 10.3 -3.51
      vertex 24.2824 10.3058 -3.51
    endloop
  endfacet
  facet normal -0.803046 -0.595918 0
    outer loop
      vertex 25.3978 12.1667 -3.51
      vertex 25.3276 12.2613 0
      vertex 25.3276 12.2613 -3.51
    endloop
  endfacet
  facet normal -0.803046 -0.595918 0
    outer loop
      vertex 25.3276 12.2613 0
      vertex 25.3978 12.1667 -3.51
      vertex 25.3978 12.1667 0
    endloop
  endfacet
  facet normal -0.595918 -0.803046 0
    outer loop
      vertex 25.0667 12.4978 -3.51
      vertex 25.1613 12.4276 0
      vertex 25.0667 12.4978 0
    endloop
  endfacet
  facet normal -0.595918 -0.803046 -0
    outer loop
      vertex 25.1613 12.4276 0
      vertex 25.0667 12.4978 -3.51
      vertex 25.1613 12.4276 -3.51
    endloop
  endfacet
  facet normal 0.941761 -0.336283 0
    outer loop
      vertex 23.2517 11.8483 0
      vertex 23.2913 11.9592 -3.51
      vertex 23.2913 11.9592 0
    endloop
  endfacet
  facet normal 0.941761 -0.336283 0
    outer loop
      vertex 23.2913 11.9592 -3.51
      vertex 23.2517 11.8483 0
      vertex 23.2517 11.8483 -3.51
    endloop
  endfacet
  facet normal -0.998786 0.0492599 0
    outer loop
      vertex 25.5942 11.3824 -3.51
      vertex 25.6 11.5 0
      vertex 25.6 11.5 -3.51
    endloop
  endfacet
  facet normal -0.998786 0.0492599 0
    outer loop
      vertex 25.6 11.5 0
      vertex 25.5942 11.3824 -3.51
      vertex 25.5942 11.3824 0
    endloop
  endfacet
  facet normal 0.427758 -0.903893 0
    outer loop
      vertex 23.8343 12.5583 -3.51
      vertex 23.9408 12.6087 0
      vertex 23.8343 12.5583 0
    endloop
  endfacet
  facet normal 0.427758 -0.903893 0
    outer loop
      vertex 23.9408 12.6087 0
      vertex 23.8343 12.5583 -3.51
      vertex 23.9408 12.6087 -3.51
    endloop
  endfacet
  facet normal 0.146887 -0.989153 0
    outer loop
      vertex 24.1659 12.6769 -3.51
      vertex 24.2824 12.6942 0
      vertex 24.1659 12.6769 0
    endloop
  endfacet
  facet normal 0.146887 -0.989153 0
    outer loop
      vertex 24.2824 12.6942 0
      vertex 24.1659 12.6769 -3.51
      vertex 24.2824 12.6942 -3.51
    endloop
  endfacet
  facet normal 0.74067 -0.671869 0
    outer loop
      vertex 23.4724 12.2613 0
      vertex 23.5515 12.3485 -3.51
      vertex 23.5515 12.3485 0
    endloop
  endfacet
  facet normal 0.74067 -0.671869 0
    outer loop
      vertex 23.5515 12.3485 -3.51
      vertex 23.4724 12.2613 0
      vertex 23.4724 12.2613 -3.51
    endloop
  endfacet
  facet normal -0.427758 -0.903893 0
    outer loop
      vertex 24.8592 12.6087 -3.51
      vertex 24.9657 12.5583 0
      vertex 24.8592 12.6087 0
    endloop
  endfacet
  facet normal -0.427758 -0.903893 -0
    outer loop
      vertex 24.9657 12.5583 0
      vertex 24.8592 12.6087 -3.51
      vertex 24.9657 12.5583 -3.51
    endloop
  endfacet
  facet normal 0.857867 -0.513871 0
    outer loop
      vertex 23.3417 12.0657 0
      vertex 23.4022 12.1667 -3.51
      vertex 23.4022 12.1667 0
    endloop
  endfacet
  facet normal 0.857867 -0.513871 0
    outer loop
      vertex 23.4022 12.1667 -3.51
      vertex 23.3417 12.0657 0
      vertex 23.3417 12.0657 -3.51
    endloop
  endfacet
  facet normal -0.336283 0.941761 0
    outer loop
      vertex 24.8592 10.3913 -3.51
      vertex 24.7483 10.3517 0
      vertex 24.8592 10.3913 0
    endloop
  endfacet
  facet normal -0.336283 0.941761 0
    outer loop
      vertex 24.7483 10.3517 0
      vertex 24.8592 10.3913 -3.51
      vertex 24.7483 10.3517 -3.51
    endloop
  endfacet
  facet normal 0.336283 -0.941761 0
    outer loop
      vertex 23.9408 12.6087 -3.51
      vertex 24.0517 12.6483 0
      vertex 23.9408 12.6087 0
    endloop
  endfacet
  facet normal 0.336283 -0.941761 0
    outer loop
      vertex 24.0517 12.6483 0
      vertex 23.9408 12.6087 -3.51
      vertex 24.0517 12.6483 -3.51
    endloop
  endfacet
  facet normal 0.595918 -0.803046 0
    outer loop
      vertex 23.6387 12.4276 -3.51
      vertex 23.7333 12.4978 0
      vertex 23.6387 12.4276 0
    endloop
  endfacet
  facet normal 0.595918 -0.803046 0
    outer loop
      vertex 23.7333 12.4978 0
      vertex 23.6387 12.4276 -3.51
      vertex 23.7333 12.4978 -3.51
    endloop
  endfacet
  facet normal 0.998786 0.0492599 0
    outer loop
      vertex 23.2058 11.3824 0
      vertex 23.2 11.5 -3.51
      vertex 23.2 11.5 0
    endloop
  endfacet
  facet normal 0.998786 0.0492599 0
    outer loop
      vertex 23.2 11.5 -3.51
      vertex 23.2058 11.3824 0
      vertex 23.2058 11.3824 -3.51
    endloop
  endfacet
  facet normal 0.803046 0.595918 0
    outer loop
      vertex 23.4724 10.7387 0
      vertex 23.4022 10.8333 -3.51
      vertex 23.4022 10.8333 0
    endloop
  endfacet
  facet normal 0.803046 0.595918 0
    outer loop
      vertex 23.4022 10.8333 -3.51
      vertex 23.4724 10.7387 0
      vertex 23.4724 10.7387 -3.51
    endloop
  endfacet
  facet normal -0.989153 0.146887 0
    outer loop
      vertex 25.5769 11.2659 -3.51
      vertex 25.5942 11.3824 0
      vertex 25.5942 11.3824 -3.51
    endloop
  endfacet
  facet normal -0.989153 0.146887 0
    outer loop
      vertex 25.5942 11.3824 0
      vertex 25.5769 11.2659 -3.51
      vertex 25.5769 11.2659 0
    endloop
  endfacet
  facet normal -0.941761 -0.336283 0
    outer loop
      vertex 25.5483 11.8483 -3.51
      vertex 25.5087 11.9592 0
      vertex 25.5087 11.9592 -3.51
    endloop
  endfacet
  facet normal -0.941761 -0.336283 0
    outer loop
      vertex 25.5087 11.9592 0
      vertex 25.5483 11.8483 -3.51
      vertex 25.5483 11.8483 0
    endloop
  endfacet
  facet normal 0.857867 0.513871 0
    outer loop
      vertex 23.4022 10.8333 0
      vertex 23.3417 10.9343 -3.51
      vertex 23.3417 10.9343 0
    endloop
  endfacet
  facet normal 0.857867 0.513871 0
    outer loop
      vertex 23.3417 10.9343 -3.51
      vertex 23.4022 10.8333 0
      vertex 23.4022 10.8333 -3.51
    endloop
  endfacet
  facet normal -0.803046 0.595918 0
    outer loop
      vertex 25.3276 10.7387 -3.51
      vertex 25.3978 10.8333 0
      vertex 25.3978 10.8333 -3.51
    endloop
  endfacet
  facet normal -0.803046 0.595918 0
    outer loop
      vertex 25.3978 10.8333 0
      vertex 25.3276 10.7387 -3.51
      vertex 25.3276 10.7387 0
    endloop
  endfacet
  facet normal -0.336283 -0.941761 0
    outer loop
      vertex 24.7483 12.6483 -3.51
      vertex 24.8592 12.6087 0
      vertex 24.7483 12.6483 0
    endloop
  endfacet
  facet normal -0.336283 -0.941761 -0
    outer loop
      vertex 24.8592 12.6087 0
      vertex 24.7483 12.6483 -3.51
      vertex 24.8592 12.6087 -3.51
    endloop
  endfacet
  facet normal -0.74067 -0.671869 0
    outer loop
      vertex 25.3276 12.2613 -3.51
      vertex 25.2485 12.3485 0
      vertex 25.2485 12.3485 -3.51
    endloop
  endfacet
  facet normal -0.74067 -0.671869 0
    outer loop
      vertex 25.2485 12.3485 0
      vertex 25.3276 12.2613 -3.51
      vertex 25.3276 12.2613 0
    endloop
  endfacet
  facet normal 0.903893 -0.427758 0
    outer loop
      vertex 23.2913 11.9592 0
      vertex 23.3417 12.0657 -3.51
      vertex 23.3417 12.0657 0
    endloop
  endfacet
  facet normal 0.903893 -0.427758 0
    outer loop
      vertex 23.3417 12.0657 -3.51
      vertex 23.2913 11.9592 0
      vertex 23.2913 11.9592 -3.51
    endloop
  endfacet
  facet normal -0.146887 -0.989153 0
    outer loop
      vertex 24.5176 12.6942 -3.51
      vertex 24.6341 12.6769 0
      vertex 24.5176 12.6942 0
    endloop
  endfacet
  facet normal -0.146887 -0.989153 -0
    outer loop
      vertex 24.6341 12.6769 0
      vertex 24.5176 12.6942 -3.51
      vertex 24.6341 12.6769 -3.51
    endloop
  endfacet
  facet normal -0.513871 0.857867 0
    outer loop
      vertex 25.0667 10.5022 -3.51
      vertex 24.9657 10.4417 0
      vertex 25.0667 10.5022 0
    endloop
  endfacet
  facet normal -0.513871 0.857867 0
    outer loop
      vertex 24.9657 10.4417 0
      vertex 25.0667 10.5022 -3.51
      vertex 24.9657 10.4417 -3.51
    endloop
  endfacet
  facet normal -0.513871 -0.857867 0
    outer loop
      vertex 24.9657 12.5583 -3.51
      vertex 25.0667 12.4978 0
      vertex 24.9657 12.5583 0
    endloop
  endfacet
  facet normal -0.513871 -0.857867 -0
    outer loop
      vertex 25.0667 12.4978 0
      vertex 24.9657 12.5583 -3.51
      vertex 25.0667 12.4978 -3.51
    endloop
  endfacet
  facet normal 0.242935 -0.970042 0
    outer loop
      vertex 24.0517 12.6483 -3.51
      vertex 24.1659 12.6769 0
      vertex 24.0517 12.6483 0
    endloop
  endfacet
  facet normal 0.242935 -0.970042 0
    outer loop
      vertex 24.1659 12.6769 0
      vertex 24.0517 12.6483 -3.51
      vertex 24.1659 12.6769 -3.51
    endloop
  endfacet
  facet normal 0.903893 0.427758 0
    outer loop
      vertex 23.3417 10.9343 0
      vertex 23.2913 11.0408 -3.51
      vertex 23.2913 11.0408 0
    endloop
  endfacet
  facet normal 0.903893 0.427758 0
    outer loop
      vertex 23.2913 11.0408 -3.51
      vertex 23.3417 10.9343 0
      vertex 23.3417 10.9343 -3.51
    endloop
  endfacet
  facet normal -0.903893 -0.427758 0
    outer loop
      vertex 25.5087 11.9592 -3.51
      vertex 25.4583 12.0657 0
      vertex 25.4583 12.0657 -3.51
    endloop
  endfacet
  facet normal -0.903893 -0.427758 0
    outer loop
      vertex 25.4583 12.0657 0
      vertex 25.5087 11.9592 -3.51
      vertex 25.5087 11.9592 0
    endloop
  endfacet
  facet normal 0.146887 0.989153 -0
    outer loop
      vertex 24.2824 10.3058 -3.51
      vertex 24.1659 10.3231 0
      vertex 24.2824 10.3058 0
    endloop
  endfacet
  facet normal 0.146887 0.989153 0
    outer loop
      vertex 24.1659 10.3231 0
      vertex 24.2824 10.3058 -3.51
      vertex 24.1659 10.3231 -3.51
    endloop
  endfacet
  facet normal -0.671869 0.74067 0
    outer loop
      vertex 25.2485 10.6515 -3.51
      vertex 25.1613 10.5724 0
      vertex 25.2485 10.6515 0
    endloop
  endfacet
  facet normal -0.671869 0.74067 0
    outer loop
      vertex 25.1613 10.5724 0
      vertex 25.2485 10.6515 -3.51
      vertex 25.1613 10.5724 -3.51
    endloop
  endfacet
  facet normal 0.989153 0.146887 0
    outer loop
      vertex 23.2231 11.2659 0
      vertex 23.2058 11.3824 -3.51
      vertex 23.2058 11.3824 0
    endloop
  endfacet
  facet normal 0.989153 0.146887 0
    outer loop
      vertex 23.2058 11.3824 -3.51
      vertex 23.2231 11.2659 0
      vertex 23.2231 11.2659 -3.51
    endloop
  endfacet
  facet normal 0.595918 0.803046 -0
    outer loop
      vertex 23.7333 10.5022 -3.51
      vertex 23.6387 10.5724 0
      vertex 23.7333 10.5022 0
    endloop
  endfacet
  facet normal 0.595918 0.803046 0
    outer loop
      vertex 23.6387 10.5724 0
      vertex 23.7333 10.5022 -3.51
      vertex 23.6387 10.5724 -3.51
    endloop
  endfacet
  facet normal -0.146887 0.989153 0
    outer loop
      vertex 24.6341 10.3231 -3.51
      vertex 24.5176 10.3058 0
      vertex 24.6341 10.3231 0
    endloop
  endfacet
  facet normal -0.146887 0.989153 0
    outer loop
      vertex 24.5176 10.3058 0
      vertex 24.6341 10.3231 -3.51
      vertex 24.5176 10.3058 -3.51
    endloop
  endfacet
  facet normal 0.941761 0.336283 0
    outer loop
      vertex 23.2913 11.0408 0
      vertex 23.2517 11.1517 -3.51
      vertex 23.2517 11.1517 0
    endloop
  endfacet
  facet normal 0.941761 0.336283 0
    outer loop
      vertex 23.2517 11.1517 -3.51
      vertex 23.2913 11.0408 0
      vertex 23.2913 11.0408 -3.51
    endloop
  endfacet
  facet normal -0.595918 0.803046 0
    outer loop
      vertex 25.1613 10.5724 -3.51
      vertex 25.0667 10.5022 0
      vertex 25.1613 10.5724 0
    endloop
  endfacet
  facet normal -0.595918 0.803046 0
    outer loop
      vertex 25.0667 10.5022 0
      vertex 25.1613 10.5724 -3.51
      vertex 25.0667 10.5022 -3.51
    endloop
  endfacet
  facet normal -0.427758 0.903893 0
    outer loop
      vertex 24.9657 10.4417 -3.51
      vertex 24.8592 10.3913 0
      vertex 24.9657 10.4417 0
    endloop
  endfacet
  facet normal -0.427758 0.903893 0
    outer loop
      vertex 24.8592 10.3913 0
      vertex 24.9657 10.4417 -3.51
      vertex 24.8592 10.3913 -3.51
    endloop
  endfacet
  facet normal 0.74067 0.671869 0
    outer loop
      vertex 23.5515 10.6515 0
      vertex 23.4724 10.7387 -3.51
      vertex 23.4724 10.7387 0
    endloop
  endfacet
  facet normal 0.74067 0.671869 0
    outer loop
      vertex 23.4724 10.7387 -3.51
      vertex 23.5515 10.6515 0
      vertex 23.5515 10.6515 -3.51
    endloop
  endfacet
  facet normal 0.671869 0.74067 -0
    outer loop
      vertex 23.6387 10.5724 -3.51
      vertex 23.5515 10.6515 0
      vertex 23.6387 10.5724 0
    endloop
  endfacet
  facet normal 0.671869 0.74067 0
    outer loop
      vertex 23.5515 10.6515 0
      vertex 23.6387 10.5724 -3.51
      vertex 23.5515 10.6515 -3.51
    endloop
  endfacet
  facet normal 0.242935 0.970042 -0
    outer loop
      vertex 24.1659 10.3231 -3.51
      vertex 24.0517 10.3517 0
      vertex 24.1659 10.3231 0
    endloop
  endfacet
  facet normal 0.242935 0.970042 0
    outer loop
      vertex 24.0517 10.3517 0
      vertex 24.1659 10.3231 -3.51
      vertex 24.0517 10.3517 -3.51
    endloop
  endfacet
  facet normal -0.0492599 -0.998786 0
    outer loop
      vertex 24.4 12.7 -3.51
      vertex 24.5176 12.6942 0
      vertex 24.4 12.7 0
    endloop
  endfacet
  facet normal -0.0492599 -0.998786 -0
    outer loop
      vertex 24.5176 12.6942 0
      vertex 24.4 12.7 -3.51
      vertex 24.5176 12.6942 -3.51
    endloop
  endfacet
  facet normal -0.903893 0.427758 0
    outer loop
      vertex 25.4583 10.9343 -3.51
      vertex 25.5087 11.0408 0
      vertex 25.5087 11.0408 -3.51
    endloop
  endfacet
  facet normal -0.903893 0.427758 0
    outer loop
      vertex 25.5087 11.0408 0
      vertex 25.4583 10.9343 -3.51
      vertex 25.4583 10.9343 0
    endloop
  endfacet
  facet normal -0.671869 -0.74067 0
    outer loop
      vertex 25.1613 12.4276 -3.51
      vertex 25.2485 12.3485 0
      vertex 25.1613 12.4276 0
    endloop
  endfacet
  facet normal -0.671869 -0.74067 -0
    outer loop
      vertex 25.2485 12.3485 0
      vertex 25.1613 12.4276 -3.51
      vertex 25.2485 12.3485 -3.51
    endloop
  endfacet
  facet normal 0.970042 -0.242935 0
    outer loop
      vertex 23.2231 11.7341 0
      vertex 23.2517 11.8483 -3.51
      vertex 23.2517 11.8483 0
    endloop
  endfacet
  facet normal 0.970042 -0.242935 0
    outer loop
      vertex 23.2517 11.8483 -3.51
      vertex 23.2231 11.7341 0
      vertex 23.2231 11.7341 -3.51
    endloop
  endfacet
  facet normal -0.970042 0.242935 0
    outer loop
      vertex 25.5483 11.1517 -3.51
      vertex 25.5769 11.2659 0
      vertex 25.5769 11.2659 -3.51
    endloop
  endfacet
  facet normal -0.970042 0.242935 0
    outer loop
      vertex 25.5769 11.2659 0
      vertex 25.5483 11.1517 -3.51
      vertex 25.5483 11.1517 0
    endloop
  endfacet
  facet normal -0.242935 0.970042 0
    outer loop
      vertex 24.7483 10.3517 -3.51
      vertex 24.6341 10.3231 0
      vertex 24.7483 10.3517 0
    endloop
  endfacet
  facet normal -0.242935 0.970042 0
    outer loop
      vertex 24.6341 10.3231 0
      vertex 24.7483 10.3517 -3.51
      vertex 24.6341 10.3231 -3.51
    endloop
  endfacet
  facet normal -0.74067 0.671869 0
    outer loop
      vertex 25.2485 10.6515 -3.51
      vertex 25.3276 10.7387 0
      vertex 25.3276 10.7387 -3.51
    endloop
  endfacet
  facet normal -0.74067 0.671869 0
    outer loop
      vertex 25.3276 10.7387 0
      vertex 25.2485 10.6515 -3.51
      vertex 25.2485 10.6515 0
    endloop
  endfacet
  facet normal -0.857867 -0.513871 0
    outer loop
      vertex 25.4583 12.0657 -3.51
      vertex 25.3978 12.1667 0
      vertex 25.3978 12.1667 -3.51
    endloop
  endfacet
  facet normal -0.857867 -0.513871 0
    outer loop
      vertex 25.3978 12.1667 0
      vertex 25.4583 12.0657 -3.51
      vertex 25.4583 12.0657 0
    endloop
  endfacet
  facet normal -0.0492599 0.998786 0
    outer loop
      vertex 24.5176 10.3058 -3.51
      vertex 24.4 10.3 0
      vertex 24.5176 10.3058 0
    endloop
  endfacet
  facet normal -0.0492599 0.998786 0
    outer loop
      vertex 24.4 10.3 0
      vertex 24.5176 10.3058 -3.51
      vertex 24.4 10.3 -3.51
    endloop
  endfacet
  facet normal 0.970042 0.242935 0
    outer loop
      vertex 23.2517 11.1517 0
      vertex 23.2231 11.2659 -3.51
      vertex 23.2231 11.2659 0
    endloop
  endfacet
  facet normal 0.970042 0.242935 0
    outer loop
      vertex 23.2231 11.2659 -3.51
      vertex 23.2517 11.1517 0
      vertex 23.2517 11.1517 -3.51
    endloop
  endfacet
  facet normal 0.671869 -0.74067 0
    outer loop
      vertex 23.5515 12.3485 -3.51
      vertex 23.6387 12.4276 0
      vertex 23.5515 12.3485 0
    endloop
  endfacet
  facet normal 0.671869 -0.74067 0
    outer loop
      vertex 23.6387 12.4276 0
      vertex 23.5515 12.3485 -3.51
      vertex 23.6387 12.4276 -3.51
    endloop
  endfacet
  facet normal 0.513871 0.857867 -0
    outer loop
      vertex 23.8343 10.4417 -3.51
      vertex 23.7333 10.5022 0
      vertex 23.8343 10.4417 0
    endloop
  endfacet
  facet normal 0.513871 0.857867 0
    outer loop
      vertex 23.7333 10.5022 0
      vertex 23.8343 10.4417 -3.51
      vertex 23.7333 10.5022 -3.51
    endloop
  endfacet
  facet normal 0.336283 0.941761 -0
    outer loop
      vertex 24.0517 10.3517 -3.51
      vertex 23.9408 10.3913 0
      vertex 24.0517 10.3517 0
    endloop
  endfacet
  facet normal 0.336283 0.941761 0
    outer loop
      vertex 23.9408 10.3913 0
      vertex 24.0517 10.3517 -3.51
      vertex 23.9408 10.3913 -3.51
    endloop
  endfacet
  facet normal 0.513871 -0.857867 0
    outer loop
      vertex 23.7333 12.4978 -3.51
      vertex 23.8343 12.5583 0
      vertex 23.7333 12.4978 0
    endloop
  endfacet
  facet normal 0.513871 -0.857867 0
    outer loop
      vertex 23.8343 12.5583 0
      vertex 23.7333 12.4978 -3.51
      vertex 23.8343 12.5583 -3.51
    endloop
  endfacet
  facet normal -0.857867 0.513871 0
    outer loop
      vertex 25.3978 10.8333 -3.51
      vertex 25.4583 10.9343 0
      vertex 25.4583 10.9343 -3.51
    endloop
  endfacet
  facet normal -0.857867 0.513871 0
    outer loop
      vertex 25.4583 10.9343 0
      vertex 25.3978 10.8333 -3.51
      vertex 25.3978 10.8333 0
    endloop
  endfacet
  facet normal -0.941761 0.336283 0
    outer loop
      vertex 25.5087 11.0408 -3.51
      vertex 25.5483 11.1517 0
      vertex 25.5483 11.1517 -3.51
    endloop
  endfacet
  facet normal -0.941761 0.336283 0
    outer loop
      vertex 25.5483 11.1517 0
      vertex 25.5087 11.0408 -3.51
      vertex 25.5087 11.0408 0
    endloop
  endfacet
  facet normal 0.427758 0.903893 -0
    outer loop
      vertex 23.9408 10.3913 -3.51
      vertex 23.8343 10.4417 0
      vertex 23.9408 10.3913 0
    endloop
  endfacet
  facet normal 0.427758 0.903893 0
    outer loop
      vertex 23.8343 10.4417 0
      vertex 23.9408 10.3913 -3.51
      vertex 23.8343 10.4417 -3.51
    endloop
  endfacet
  facet normal 0.989153 -0.146887 0
    outer loop
      vertex 23.2058 11.6176 0
      vertex 23.2231 11.7341 -3.51
      vertex 23.2231 11.7341 0
    endloop
  endfacet
  facet normal 0.989153 -0.146887 0
    outer loop
      vertex 23.2231 11.7341 -3.51
      vertex 23.2058 11.6176 0
      vertex 23.2058 11.6176 -3.51
    endloop
  endfacet
  facet normal 0.998786 -0.0492599 0
    outer loop
      vertex 23.2 11.5 0
      vertex 23.2058 11.6176 -3.51
      vertex 23.2058 11.6176 0
    endloop
  endfacet
  facet normal 0.998786 -0.0492599 0
    outer loop
      vertex 23.2058 11.6176 -3.51
      vertex 23.2 11.5 0
      vertex 23.2 11.5 -3.51
    endloop
  endfacet
  facet normal -0.242935 -0.970042 0
    outer loop
      vertex 24.6341 12.6769 -3.51
      vertex 24.7483 12.6483 0
      vertex 24.6341 12.6769 0
    endloop
  endfacet
  facet normal -0.242935 -0.970042 -0
    outer loop
      vertex 24.7483 12.6483 0
      vertex 24.6341 12.6769 -3.51
      vertex 24.7483 12.6483 -3.51
    endloop
  endfacet
  facet normal 0.803046 -0.595918 0
    outer loop
      vertex 23.4022 12.1667 0
      vertex 23.4724 12.2613 -3.51
      vertex 23.4724 12.2613 0
    endloop
  endfacet
  facet normal 0.803046 -0.595918 0
    outer loop
      vertex 23.4724 12.2613 -3.51
      vertex 23.4022 12.1667 0
      vertex 23.4022 12.1667 -3.51
    endloop
  endfacet
  facet normal -0.989166 -0.1468 0
    outer loop
      vertex 26.5894 11.7156 -5
      vertex 26.5577 11.9292 -3.51
      vertex 26.5577 11.9292 -5
    endloop
  endfacet
  facet normal -0.989166 -0.1468 0
    outer loop
      vertex 26.5577 11.9292 -3.51
      vertex 26.5894 11.7156 -5
      vertex 26.5894 11.7156 -3.51
    endloop
  endfacet
  facet normal -0.998794 -0.0491058 0
    outer loop
      vertex 26.6 11.5 -5
      vertex 26.5894 11.7156 -3.51
      vertex 26.5894 11.7156 -5
    endloop
  endfacet
  facet normal -0.998794 -0.0491058 0
    outer loop
      vertex 26.5894 11.7156 -3.51
      vertex 26.6 11.5 -5
      vertex 26.6 11.5 -3.51
    endloop
  endfacet
  facet normal -0.970088 -0.242754 0
    outer loop
      vertex 26.5577 11.9292 -5
      vertex 26.5053 12.1386 -3.51
      vertex 26.5053 12.1386 -5
    endloop
  endfacet
  facet normal -0.970088 -0.242754 0
    outer loop
      vertex 26.5053 12.1386 -3.51
      vertex 26.5577 11.9292 -5
      vertex 26.5577 11.9292 -3.51
    endloop
  endfacet
  facet normal -0.740778 -0.67175 0
    outer loop
      vertex 26.1006 12.8957 -5
      vertex 25.9556 13.0556 -3.51
      vertex 25.9556 13.0556 -5
    endloop
  endfacet
  facet normal -0.740778 -0.67175 0
    outer loop
      vertex 25.9556 13.0556 -3.51
      vertex 26.1006 12.8957 -5
      vertex 26.1006 12.8957 -3.51
    endloop
  endfacet
  facet normal 0.857738 -0.514087 0
    outer loop
      vertex 22.4598 12.5371 -3.51
      vertex 22.5708 12.7223 -5
      vertex 22.5708 12.7223 -3.51
    endloop
  endfacet
  facet normal 0.857738 -0.514087 0
    outer loop
      vertex 22.5708 12.7223 -5
      vertex 22.4598 12.5371 -3.51
      vertex 22.4598 12.5371 -5
    endloop
  endfacet
  facet normal 0.427469 -0.90403 0
    outer loop
      vertex 23.3629 13.4402 -5
      vertex 23.5581 13.5325 -3.51
      vertex 23.3629 13.4402 -3.51
    endloop
  endfacet
  facet normal 0.427469 -0.90403 0
    outer loop
      vertex 23.5581 13.5325 -3.51
      vertex 23.3629 13.4402 -5
      vertex 23.5581 13.5325 -5
    endloop
  endfacet
  facet normal -0.14671 0.98918 0
    outer loop
      vertex 24.8292 9.34227 -5
      vertex 24.6156 9.31059 -3.51
      vertex 24.8292 9.34227 -3.51
    endloop
  endfacet
  facet normal -0.14671 0.98918 0
    outer loop
      vertex 24.6156 9.31059 -3.51
      vertex 24.8292 9.34227 -5
      vertex 24.6156 9.31059 -5
    endloop
  endfacet
  facet normal -0.337128 -0.941459 0
    outer loop
      vertex 25.0386 13.6053 -5
      vertex 25.2419 13.5325 -3.51
      vertex 25.0386 13.6053 -3.51
    endloop
  endfacet
  facet normal -0.337128 -0.941459 -0
    outer loop
      vertex 25.2419 13.5325 -3.51
      vertex 25.0386 13.6053 -5
      vertex 25.2419 13.5325 -5
    endloop
  endfacet
  facet normal -0.514087 -0.857738 0
    outer loop
      vertex 25.4371 13.4402 -5
      vertex 25.6223 13.3292 -3.51
      vertex 25.4371 13.4402 -3.51
    endloop
  endfacet
  facet normal -0.514087 -0.857738 -0
    outer loop
      vertex 25.6223 13.3292 -3.51
      vertex 25.4371 13.4402 -5
      vertex 25.6223 13.3292 -5
    endloop
  endfacet
  facet normal -0.998794 0.0491058 0
    outer loop
      vertex 26.5894 11.2844 -5
      vertex 26.6 11.5 -3.51
      vertex 26.6 11.5 -5
    endloop
  endfacet
  facet normal -0.998794 0.0491058 0
    outer loop
      vertex 26.6 11.5 -3.51
      vertex 26.5894 11.2844 -5
      vertex 26.5894 11.2844 -3.51
    endloop
  endfacet
  facet normal -0.803212 0.595693 0
    outer loop
      vertex 26.1006 10.1043 -5
      vertex 26.2292 10.2777 -3.51
      vertex 26.2292 10.2777 -5
    endloop
  endfacet
  facet normal -0.803212 0.595693 0
    outer loop
      vertex 26.2292 10.2777 -3.51
      vertex 26.1006 10.1043 -5
      vertex 26.1006 10.1043 -3.51
    endloop
  endfacet
  facet normal -0.0491058 -0.998794 0
    outer loop
      vertex 24.4 13.7 -5
      vertex 24.6156 13.6894 -3.51
      vertex 24.4 13.7 -3.51
    endloop
  endfacet
  facet normal -0.0491058 -0.998794 -0
    outer loop
      vertex 24.6156 13.6894 -3.51
      vertex 24.4 13.7 -5
      vertex 24.6156 13.6894 -5
    endloop
  endfacet
  facet normal 0.740841 0.671681 0
    outer loop
      vertex 22.8444 9.94437 -3.51
      vertex 22.6994 10.1043 -5
      vertex 22.6994 10.1043 -3.51
    endloop
  endfacet
  facet normal 0.740841 0.671681 0
    outer loop
      vertex 22.6994 10.1043 -5
      vertex 22.8444 9.94437 -3.51
      vertex 22.8444 9.94437 -5
    endloop
  endfacet
  facet normal 0.514087 -0.857738 0
    outer loop
      vertex 23.1777 13.3292 -5
      vertex 23.3629 13.4402 -3.51
      vertex 23.1777 13.3292 -3.51
    endloop
  endfacet
  facet normal 0.514087 -0.857738 0
    outer loop
      vertex 23.3629 13.4402 -3.51
      vertex 23.1777 13.3292 -5
      vertex 23.3629 13.4402 -5
    endloop
  endfacet
  facet normal 0.427469 0.90403 -0
    outer loop
      vertex 23.5581 9.46747 -5
      vertex 23.3629 9.55977 -3.51
      vertex 23.5581 9.46747 -3.51
    endloop
  endfacet
  facet normal 0.427469 0.90403 0
    outer loop
      vertex 23.3629 9.55977 -3.51
      vertex 23.5581 9.46747 -5
      vertex 23.3629 9.55977 -5
    endloop
  endfacet
  facet normal -0.243015 0.970022 0
    outer loop
      vertex 25.0386 9.39473 -5
      vertex 24.8292 9.34227 -3.51
      vertex 25.0386 9.39473 -3.51
    endloop
  endfacet
  facet normal -0.243015 0.970022 0
    outer loop
      vertex 24.8292 9.34227 -3.51
      vertex 25.0386 9.39473 -5
      vertex 24.8292 9.34227 -5
    endloop
  endfacet
  facet normal -0.514087 0.857738 0
    outer loop
      vertex 25.6223 9.67077 -5
      vertex 25.4371 9.55977 -3.51
      vertex 25.6223 9.67077 -3.51
    endloop
  endfacet
  facet normal -0.514087 0.857738 0
    outer loop
      vertex 25.4371 9.55977 -3.51
      vertex 25.6223 9.67077 -5
      vertex 25.4371 9.55977 -5
    endloop
  endfacet
  facet normal -0.941459 0.337128 0
    outer loop
      vertex 26.4325 10.6581 -5
      vertex 26.5053 10.8614 -3.51
      vertex 26.5053 10.8614 -5
    endloop
  endfacet
  facet normal -0.941459 0.337128 0
    outer loop
      vertex 26.5053 10.8614 -3.51
      vertex 26.4325 10.6581 -5
      vertex 26.4325 10.6581 -3.51
    endloop
  endfacet
  facet normal 0.740778 -0.67175 0
    outer loop
      vertex 22.6994 12.8957 -3.51
      vertex 22.8444 13.0556 -5
      vertex 22.8444 13.0556 -3.51
    endloop
  endfacet
  facet normal 0.740778 -0.67175 0
    outer loop
      vertex 22.8444 13.0556 -5
      vertex 22.6994 12.8957 -3.51
      vertex 22.6994 12.8957 -5
    endloop
  endfacet
  facet normal 0.0491058 -0.998794 0
    outer loop
      vertex 24.1844 13.6894 -5
      vertex 24.4 13.7 -3.51
      vertex 24.1844 13.6894 -3.51
    endloop
  endfacet
  facet normal 0.0491058 -0.998794 0
    outer loop
      vertex 24.4 13.7 -3.51
      vertex 24.1844 13.6894 -5
      vertex 24.4 13.7 -5
    endloop
  endfacet
  facet normal 0.67175 -0.740778 0
    outer loop
      vertex 22.8444 13.0556 -5
      vertex 23.0043 13.2006 -3.51
      vertex 22.8444 13.0556 -3.51
    endloop
  endfacet
  facet normal 0.67175 -0.740778 0
    outer loop
      vertex 23.0043 13.2006 -3.51
      vertex 22.8444 13.0556 -5
      vertex 23.0043 13.2006 -5
    endloop
  endfacet
  facet normal 0.1468 -0.989166 0
    outer loop
      vertex 23.9708 13.6577 -5
      vertex 24.1844 13.6894 -3.51
      vertex 23.9708 13.6577 -3.51
    endloop
  endfacet
  facet normal 0.1468 -0.989166 0
    outer loop
      vertex 24.1844 13.6894 -3.51
      vertex 23.9708 13.6577 -5
      vertex 24.1844 13.6894 -5
    endloop
  endfacet
  facet normal -0.857738 0.514087 0
    outer loop
      vertex 26.2292 10.2777 -5
      vertex 26.3402 10.4629 -3.51
      vertex 26.3402 10.4629 -5
    endloop
  endfacet
  facet normal -0.857738 0.514087 0
    outer loop
      vertex 26.3402 10.4629 -3.51
      vertex 26.2292 10.2777 -5
      vertex 26.2292 10.2777 -3.51
    endloop
  endfacet
  facet normal -0.427469 0.90403 0
    outer loop
      vertex 25.4371 9.55977 -5
      vertex 25.2419 9.46747 -3.51
      vertex 25.4371 9.55977 -3.51
    endloop
  endfacet
  facet normal -0.427469 0.90403 0
    outer loop
      vertex 25.2419 9.46747 -3.51
      vertex 25.4371 9.55977 -5
      vertex 25.2419 9.46747 -5
    endloop
  endfacet
  facet normal -0.67175 -0.740778 0
    outer loop
      vertex 25.7957 13.2006 -5
      vertex 25.9556 13.0556 -3.51
      vertex 25.7957 13.2006 -3.51
    endloop
  endfacet
  facet normal -0.67175 -0.740778 -0
    outer loop
      vertex 25.9556 13.0556 -3.51
      vertex 25.7957 13.2006 -5
      vertex 25.9556 13.0556 -5
    endloop
  endfacet
  facet normal 0.242754 -0.970088 0
    outer loop
      vertex 23.7614 13.6053 -5
      vertex 23.9708 13.6577 -3.51
      vertex 23.7614 13.6053 -3.51
    endloop
  endfacet
  facet normal 0.242754 -0.970088 0
    outer loop
      vertex 23.9708 13.6577 -3.51
      vertex 23.7614 13.6053 -5
      vertex 23.9708 13.6577 -5
    endloop
  endfacet
  facet normal -0.427469 -0.90403 0
    outer loop
      vertex 25.2419 13.5325 -5
      vertex 25.4371 13.4402 -3.51
      vertex 25.2419 13.5325 -3.51
    endloop
  endfacet
  facet normal -0.427469 -0.90403 -0
    outer loop
      vertex 25.4371 13.4402 -3.51
      vertex 25.2419 13.5325 -5
      vertex 25.4371 13.4402 -5
    endloop
  endfacet
  facet normal 0.803212 -0.595693 0
    outer loop
      vertex 22.5708 12.7223 -3.51
      vertex 22.6994 12.8957 -5
      vertex 22.6994 12.8957 -3.51
    endloop
  endfacet
  facet normal 0.803212 -0.595693 0
    outer loop
      vertex 22.6994 12.8957 -5
      vertex 22.5708 12.7223 -3.51
      vertex 22.5708 12.7223 -5
    endloop
  endfacet
  facet normal -0.0490596 0.998796 0
    outer loop
      vertex 24.6156 9.31059 -5
      vertex 24.4 9.3 -3.51
      vertex 24.6156 9.31059 -3.51
    endloop
  endfacet
  facet normal -0.0490596 0.998796 0
    outer loop
      vertex 24.4 9.3 -3.51
      vertex 24.6156 9.31059 -5
      vertex 24.4 9.3 -5
    endloop
  endfacet
  facet normal -0.803212 -0.595693 0
    outer loop
      vertex 26.2292 12.7223 -5
      vertex 26.1006 12.8957 -3.51
      vertex 26.1006 12.8957 -5
    endloop
  endfacet
  facet normal -0.803212 -0.595693 0
    outer loop
      vertex 26.1006 12.8957 -3.51
      vertex 26.2292 12.7223 -5
      vertex 26.2292 12.7223 -3.51
    endloop
  endfacet
  facet normal -0.90403 0.427469 0
    outer loop
      vertex 26.3402 10.4629 -5
      vertex 26.4325 10.6581 -3.51
      vertex 26.4325 10.6581 -5
    endloop
  endfacet
  facet normal -0.90403 0.427469 0
    outer loop
      vertex 26.4325 10.6581 -3.51
      vertex 26.3402 10.4629 -5
      vertex 26.3402 10.4629 -3.51
    endloop
  endfacet
  facet normal 0.243015 0.970022 -0
    outer loop
      vertex 23.9708 9.34227 -5
      vertex 23.7614 9.39473 -3.51
      vertex 23.9708 9.34227 -3.51
    endloop
  endfacet
  facet normal 0.243015 0.970022 0
    outer loop
      vertex 23.7614 9.39473 -3.51
      vertex 23.9708 9.34227 -5
      vertex 23.7614 9.39473 -5
    endloop
  endfacet
  facet normal 0.671724 0.740801 -0
    outer loop
      vertex 23.0043 9.79938 -5
      vertex 22.8444 9.94437 -3.51
      vertex 23.0043 9.79938 -3.51
    endloop
  endfacet
  facet normal 0.671724 0.740801 0
    outer loop
      vertex 22.8444 9.94437 -3.51
      vertex 23.0043 9.79938 -5
      vertex 22.8444 9.94437 -5
    endloop
  endfacet
  facet normal 0.998794 -0.0491058 0
    outer loop
      vertex 22.2 11.5 -3.51
      vertex 22.2106 11.7156 -5
      vertex 22.2106 11.7156 -3.51
    endloop
  endfacet
  facet normal 0.998794 -0.0491058 0
    outer loop
      vertex 22.2106 11.7156 -5
      vertex 22.2 11.5 -3.51
      vertex 22.2 11.5 -5
    endloop
  endfacet
  facet normal -0.336882 0.941547 0
    outer loop
      vertex 25.2419 9.46747 -5
      vertex 25.0386 9.39473 -3.51
      vertex 25.2419 9.46747 -3.51
    endloop
  endfacet
  facet normal -0.336882 0.941547 0
    outer loop
      vertex 25.0386 9.39473 -3.51
      vertex 25.2419 9.46747 -5
      vertex 25.0386 9.39473 -5
    endloop
  endfacet
  facet normal -0.671724 0.740801 0
    outer loop
      vertex 25.9556 9.94437 -5
      vertex 25.7957 9.79938 -3.51
      vertex 25.9556 9.94437 -3.51
    endloop
  endfacet
  facet normal -0.671724 0.740801 0
    outer loop
      vertex 25.7957 9.79938 -3.51
      vertex 25.9556 9.94437 -5
      vertex 25.7957 9.79938 -5
    endloop
  endfacet
  facet normal -0.970088 0.242754 0
    outer loop
      vertex 26.5053 10.8614 -5
      vertex 26.5577 11.0708 -3.51
      vertex 26.5577 11.0708 -5
    endloop
  endfacet
  facet normal -0.970088 0.242754 0
    outer loop
      vertex 26.5577 11.0708 -3.51
      vertex 26.5053 10.8614 -5
      vertex 26.5053 10.8614 -3.51
    endloop
  endfacet
  facet normal -0.740841 0.671681 0
    outer loop
      vertex 25.9556 9.94437 -5
      vertex 26.1006 10.1043 -3.51
      vertex 26.1006 10.1043 -5
    endloop
  endfacet
  facet normal -0.740841 0.671681 0
    outer loop
      vertex 26.1006 10.1043 -3.51
      vertex 25.9556 9.94437 -5
      vertex 25.9556 9.94437 -3.51
    endloop
  endfacet
  facet normal -0.941459 -0.337128 0
    outer loop
      vertex 26.5053 12.1386 -5
      vertex 26.4325 12.3419 -3.51
      vertex 26.4325 12.3419 -5
    endloop
  endfacet
  facet normal -0.941459 -0.337128 0
    outer loop
      vertex 26.4325 12.3419 -3.51
      vertex 26.5053 12.1386 -5
      vertex 26.5053 12.1386 -3.51
    endloop
  endfacet
  facet normal -0.595693 -0.803212 0
    outer loop
      vertex 25.6223 13.3292 -5
      vertex 25.7957 13.2006 -3.51
      vertex 25.6223 13.3292 -3.51
    endloop
  endfacet
  facet normal -0.595693 -0.803212 -0
    outer loop
      vertex 25.7957 13.2006 -3.51
      vertex 25.6223 13.3292 -5
      vertex 25.7957 13.2006 -5
    endloop
  endfacet
  facet normal 0.90403 -0.427469 0
    outer loop
      vertex 22.3675 12.3419 -3.51
      vertex 22.4598 12.5371 -5
      vertex 22.4598 12.5371 -3.51
    endloop
  endfacet
  facet normal 0.90403 -0.427469 0
    outer loop
      vertex 22.4598 12.5371 -5
      vertex 22.3675 12.3419 -3.51
      vertex 22.3675 12.3419 -5
    endloop
  endfacet
  facet normal 0.970088 0.242754 0
    outer loop
      vertex 22.2947 10.8614 -3.51
      vertex 22.2423 11.0708 -5
      vertex 22.2423 11.0708 -3.51
    endloop
  endfacet
  facet normal 0.970088 0.242754 0
    outer loop
      vertex 22.2423 11.0708 -5
      vertex 22.2947 10.8614 -3.51
      vertex 22.2947 10.8614 -5
    endloop
  endfacet
  facet normal -0.90403 -0.427469 0
    outer loop
      vertex 26.4325 12.3419 -5
      vertex 26.3402 12.5371 -3.51
      vertex 26.3402 12.5371 -5
    endloop
  endfacet
  facet normal -0.90403 -0.427469 0
    outer loop
      vertex 26.3402 12.5371 -3.51
      vertex 26.4325 12.3419 -5
      vertex 26.4325 12.3419 -3.51
    endloop
  endfacet
  facet normal -0.989166 0.1468 0
    outer loop
      vertex 26.5577 11.0708 -5
      vertex 26.5894 11.2844 -3.51
      vertex 26.5894 11.2844 -5
    endloop
  endfacet
  facet normal -0.989166 0.1468 0
    outer loop
      vertex 26.5894 11.2844 -3.51
      vertex 26.5577 11.0708 -5
      vertex 26.5577 11.0708 -3.51
    endloop
  endfacet
  facet normal -0.857738 -0.514087 0
    outer loop
      vertex 26.3402 12.5371 -5
      vertex 26.2292 12.7223 -3.51
      vertex 26.2292 12.7223 -5
    endloop
  endfacet
  facet normal -0.857738 -0.514087 0
    outer loop
      vertex 26.2292 12.7223 -3.51
      vertex 26.3402 12.5371 -5
      vertex 26.3402 12.5371 -3.51
    endloop
  endfacet
  facet normal 0.337128 -0.941459 0
    outer loop
      vertex 23.5581 13.5325 -5
      vertex 23.7614 13.6053 -3.51
      vertex 23.5581 13.5325 -3.51
    endloop
  endfacet
  facet normal 0.337128 -0.941459 0
    outer loop
      vertex 23.7614 13.6053 -3.51
      vertex 23.5581 13.5325 -5
      vertex 23.7614 13.6053 -5
    endloop
  endfacet
  facet normal 0.803212 0.595693 0
    outer loop
      vertex 22.6994 10.1043 -3.51
      vertex 22.5708 10.2777 -5
      vertex 22.5708 10.2777 -3.51
    endloop
  endfacet
  facet normal 0.803212 0.595693 0
    outer loop
      vertex 22.5708 10.2777 -5
      vertex 22.6994 10.1043 -3.51
      vertex 22.6994 10.1043 -5
    endloop
  endfacet
  facet normal 0.857738 0.514087 0
    outer loop
      vertex 22.5708 10.2777 -3.51
      vertex 22.4598 10.4629 -5
      vertex 22.4598 10.4629 -3.51
    endloop
  endfacet
  facet normal 0.857738 0.514087 0
    outer loop
      vertex 22.4598 10.4629 -5
      vertex 22.5708 10.2777 -3.51
      vertex 22.5708 10.2777 -5
    endloop
  endfacet
  facet normal 0.989166 0.1468 0
    outer loop
      vertex 22.2423 11.0708 -3.51
      vertex 22.2106 11.2844 -5
      vertex 22.2106 11.2844 -3.51
    endloop
  endfacet
  facet normal 0.989166 0.1468 0
    outer loop
      vertex 22.2106 11.2844 -5
      vertex 22.2423 11.0708 -3.51
      vertex 22.2423 11.0708 -5
    endloop
  endfacet
  facet normal 0.0490596 0.998796 -0
    outer loop
      vertex 24.4 9.3 -5
      vertex 24.1844 9.31059 -3.51
      vertex 24.4 9.3 -3.51
    endloop
  endfacet
  facet normal 0.0490596 0.998796 0
    outer loop
      vertex 24.1844 9.31059 -3.51
      vertex 24.4 9.3 -5
      vertex 24.1844 9.31059 -5
    endloop
  endfacet
  facet normal 0.970088 -0.242754 0
    outer loop
      vertex 22.2423 11.9292 -3.51
      vertex 22.2947 12.1386 -5
      vertex 22.2947 12.1386 -3.51
    endloop
  endfacet
  facet normal 0.970088 -0.242754 0
    outer loop
      vertex 22.2947 12.1386 -5
      vertex 22.2423 11.9292 -3.51
      vertex 22.2423 11.9292 -5
    endloop
  endfacet
  facet normal 0.941459 -0.337128 0
    outer loop
      vertex 22.2947 12.1386 -3.51
      vertex 22.3675 12.3419 -5
      vertex 22.3675 12.3419 -3.51
    endloop
  endfacet
  facet normal 0.941459 -0.337128 0
    outer loop
      vertex 22.3675 12.3419 -5
      vertex 22.2947 12.1386 -3.51
      vertex 22.2947 12.1386 -5
    endloop
  endfacet
  facet normal 0.90403 0.427469 0
    outer loop
      vertex 22.4598 10.4629 -3.51
      vertex 22.3675 10.6581 -5
      vertex 22.3675 10.6581 -3.51
    endloop
  endfacet
  facet normal 0.90403 0.427469 0
    outer loop
      vertex 22.3675 10.6581 -5
      vertex 22.4598 10.4629 -3.51
      vertex 22.4598 10.4629 -5
    endloop
  endfacet
  facet normal 0.989166 -0.1468 0
    outer loop
      vertex 22.2106 11.7156 -3.51
      vertex 22.2423 11.9292 -5
      vertex 22.2423 11.9292 -3.51
    endloop
  endfacet
  facet normal 0.989166 -0.1468 0
    outer loop
      vertex 22.2423 11.9292 -5
      vertex 22.2106 11.7156 -3.51
      vertex 22.2106 11.7156 -5
    endloop
  endfacet
  facet normal -0.242754 -0.970088 0
    outer loop
      vertex 24.8292 13.6577 -5
      vertex 25.0386 13.6053 -3.51
      vertex 24.8292 13.6577 -3.51
    endloop
  endfacet
  facet normal -0.242754 -0.970088 -0
    outer loop
      vertex 25.0386 13.6053 -3.51
      vertex 24.8292 13.6577 -5
      vertex 25.0386 13.6053 -5
    endloop
  endfacet
  facet normal 0.941459 0.337128 0
    outer loop
      vertex 22.3675 10.6581 -3.51
      vertex 22.2947 10.8614 -5
      vertex 22.2947 10.8614 -3.51
    endloop
  endfacet
  facet normal 0.941459 0.337128 0
    outer loop
      vertex 22.2947 10.8614 -5
      vertex 22.3675 10.6581 -3.51
      vertex 22.3675 10.6581 -5
    endloop
  endfacet
  facet normal -0.595723 0.80319 0
    outer loop
      vertex 25.7957 9.79938 -5
      vertex 25.6223 9.67077 -3.51
      vertex 25.7957 9.79938 -3.51
    endloop
  endfacet
  facet normal -0.595723 0.80319 0
    outer loop
      vertex 25.6223 9.67077 -3.51
      vertex 25.7957 9.79938 -5
      vertex 25.6223 9.67077 -5
    endloop
  endfacet
  facet normal 0.595693 -0.803212 0
    outer loop
      vertex 23.0043 13.2006 -5
      vertex 23.1777 13.3292 -3.51
      vertex 23.0043 13.2006 -3.51
    endloop
  endfacet
  facet normal 0.595693 -0.803212 0
    outer loop
      vertex 23.1777 13.3292 -3.51
      vertex 23.0043 13.2006 -5
      vertex 23.1777 13.3292 -5
    endloop
  endfacet
  facet normal 0.14671 0.98918 -0
    outer loop
      vertex 24.1844 9.31059 -5
      vertex 23.9708 9.34227 -3.51
      vertex 24.1844 9.31059 -3.51
    endloop
  endfacet
  facet normal 0.14671 0.98918 0
    outer loop
      vertex 23.9708 9.34227 -3.51
      vertex 24.1844 9.31059 -5
      vertex 23.9708 9.34227 -5
    endloop
  endfacet
  facet normal 0.595723 0.80319 -0
    outer loop
      vertex 23.1777 9.67077 -5
      vertex 23.0043 9.79938 -3.51
      vertex 23.1777 9.67077 -3.51
    endloop
  endfacet
  facet normal 0.595723 0.80319 0
    outer loop
      vertex 23.0043 9.79938 -3.51
      vertex 23.1777 9.67077 -5
      vertex 23.0043 9.79938 -5
    endloop
  endfacet
  facet normal 0.514087 0.857738 -0
    outer loop
      vertex 23.3629 9.55977 -5
      vertex 23.1777 9.67077 -3.51
      vertex 23.3629 9.55977 -3.51
    endloop
  endfacet
  facet normal 0.514087 0.857738 0
    outer loop
      vertex 23.1777 9.67077 -3.51
      vertex 23.3629 9.55977 -5
      vertex 23.1777 9.67077 -5
    endloop
  endfacet
  facet normal 0.998794 0.0491058 0
    outer loop
      vertex 22.2106 11.2844 -3.51
      vertex 22.2 11.5 -5
      vertex 22.2 11.5 -3.51
    endloop
  endfacet
  facet normal 0.998794 0.0491058 0
    outer loop
      vertex 22.2 11.5 -5
      vertex 22.2106 11.2844 -3.51
      vertex 22.2106 11.2844 -5
    endloop
  endfacet
  facet normal -0.1468 -0.989166 0
    outer loop
      vertex 24.6156 13.6894 -5
      vertex 24.8292 13.6577 -3.51
      vertex 24.6156 13.6894 -3.51
    endloop
  endfacet
  facet normal -0.1468 -0.989166 -0
    outer loop
      vertex 24.8292 13.6577 -3.51
      vertex 24.6156 13.6894 -5
      vertex 24.8292 13.6577 -5
    endloop
  endfacet
  facet normal 0.336882 0.941547 -0
    outer loop
      vertex 23.7614 9.39473 -5
      vertex 23.5581 9.46747 -3.51
      vertex 23.7614 9.39473 -3.51
    endloop
  endfacet
  facet normal 0.336882 0.941547 0
    outer loop
      vertex 23.5581 9.46747 -3.51
      vertex 23.7614 9.39473 -5
      vertex 23.5581 9.46747 -5
    endloop
  endfacet
  facet normal 0 0 -1
    outer loop
      vertex 25.6 11.5 -3.51
      vertex 26.6 11.5 -3.51
      vertex 26.5894 11.2844 -3.51
    endloop
  endfacet
  facet normal 0 0 -1
    outer loop
      vertex 25.5942 11.3824 -3.51
      vertex 26.5894 11.2844 -3.51
      vertex 26.5577 11.0708 -3.51
    endloop
  endfacet
  facet normal 0 0 -1
    outer loop
      vertex 26.6 11.5 -3.51
      vertex 25.6 11.5 -3.51
      vertex 26.5894 11.7156 -3.51
    endloop
  endfacet
  facet normal 0 0 -1
    outer loop
      vertex 25.5769 11.2659 -3.51
      vertex 26.5577 11.0708 -3.51
      vertex 26.5053 10.8614 -3.51
    endloop
  endfacet
  facet normal 0 0 -1
    outer loop
      vertex 25.5942 11.6176 -3.51
      vertex 26.5894 11.7156 -3.51
      vertex 25.6 11.5 -3.51
    endloop
  endfacet
  facet normal 0 0 -1
    outer loop
      vertex 25.5483 11.1517 -3.51
      vertex 26.5053 10.8614 -3.51
      vertex 26.4325 10.6581 -3.51
    endloop
  endfacet
  facet normal -0 0 -1
    outer loop
      vertex 26.5894 11.7156 -3.51
      vertex 25.5942 11.6176 -3.51
      vertex 26.5577 11.9292 -3.51
    endloop
  endfacet
  facet normal 0 0 -1
    outer loop
      vertex 25.5087 11.0408 -3.51
      vertex 26.4325 10.6581 -3.51
      vertex 26.3402 10.4629 -3.51
    endloop
  endfacet
  facet normal 0 0 -1
    outer loop
      vertex 25.5769 11.7341 -3.51
      vertex 26.5577 11.9292 -3.51
      vertex 25.5942 11.6176 -3.51
    endloop
  endfacet
  facet normal 0 0 -1
    outer loop
      vertex 25.4583 10.9343 -3.51
      vertex 26.3402 10.4629 -3.51
      vertex 26.2292 10.2777 -3.51
    endloop
  endfacet
  facet normal -0 0 -1
    outer loop
      vertex 26.5577 11.9292 -3.51
      vertex 25.5769 11.7341 -3.51
      vertex 26.5053 12.1386 -3.51
    endloop
  endfacet
  facet normal 0 0 -1
    outer loop
      vertex 25.3978 10.8333 -3.51
      vertex 26.2292 10.2777 -3.51
      vertex 26.1006 10.1043 -3.51
    endloop
  endfacet
  facet normal 0 0 -1
    outer loop
      vertex 25.5483 11.8483 -3.51
      vertex 26.5053 12.1386 -3.51
      vertex 25.5769 11.7341 -3.51
    endloop
  endfacet
  facet normal 0 0 -1
    outer loop
      vertex 25.3276 10.7387 -3.51
      vertex 26.1006 10.1043 -3.51
      vertex 25.9556 9.94437 -3.51
    endloop
  endfacet
  facet normal -0 0 -1
    outer loop
      vertex 26.5053 12.1386 -3.51
      vertex 25.5483 11.8483 -3.51
      vertex 26.4325 12.3419 -3.51
    endloop
  endfacet
  facet normal 0 0 -1
    outer loop
      vertex 25.2485 10.6515 -3.51
      vertex 25.9556 9.94437 -3.51
      vertex 25.7957 9.79938 -3.51
    endloop
  endfacet
  facet normal 0 0 -1
    outer loop
      vertex 25.5087 11.9592 -3.51
      vertex 26.4325 12.3419 -3.51
      vertex 25.5483 11.8483 -3.51
    endloop
  endfacet
  facet normal 0 0 -1
    outer loop
      vertex 25.1613 10.5724 -3.51
      vertex 25.7957 9.79938 -3.51
      vertex 25.6223 9.67077 -3.51
    endloop
  endfacet
  facet normal -0 0 -1
    outer loop
      vertex 26.4325 12.3419 -3.51
      vertex 25.5087 11.9592 -3.51
      vertex 26.3402 12.5371 -3.51
    endloop
  endfacet
  facet normal 0 0 -1
    outer loop
      vertex 25.4583 12.0657 -3.51
      vertex 26.3402 12.5371 -3.51
      vertex 25.5087 11.9592 -3.51
    endloop
  endfacet
  facet normal 0 0 -1
    outer loop
      vertex 26.5894 11.2844 -3.51
      vertex 25.5942 11.3824 -3.51
      vertex 25.6 11.5 -3.51
    endloop
  endfacet
  facet normal 0 0 -1
    outer loop
      vertex 26.5577 11.0708 -3.51
      vertex 25.5769 11.2659 -3.51
      vertex 25.5942 11.3824 -3.51
    endloop
  endfacet
  facet normal 0 0 -1
    outer loop
      vertex 26.5053 10.8614 -3.51
      vertex 25.5483 11.1517 -3.51
      vertex 25.5769 11.2659 -3.51
    endloop
  endfacet
  facet normal 0 0 -1
    outer loop
      vertex 26.4325 10.6581 -3.51
      vertex 25.5087 11.0408 -3.51
      vertex 25.5483 11.1517 -3.51
    endloop
  endfacet
  facet normal 0 0 -1
    outer loop
      vertex 26.3402 10.4629 -3.51
      vertex 25.4583 10.9343 -3.51
      vertex 25.5087 11.0408 -3.51
    endloop
  endfacet
  facet normal 0 0 -1
    outer loop
      vertex 25.0667 10.5022 -3.51
      vertex 25.6223 9.67077 -3.51
      vertex 25.4371 9.55977 -3.51
    endloop
  endfacet
  facet normal 0 0 -1
    outer loop
      vertex 26.2292 10.2777 -3.51
      vertex 25.3978 10.8333 -3.51
      vertex 25.4583 10.9343 -3.51
    endloop
  endfacet
  facet normal 0 0 -1
    outer loop
      vertex 26.1006 10.1043 -3.51
      vertex 25.3276 10.7387 -3.51
      vertex 25.3978 10.8333 -3.51
    endloop
  endfacet
  facet normal 0 0 -1
    outer loop
      vertex 25.9556 9.94437 -3.51
      vertex 25.2485 10.6515 -3.51
      vertex 25.3276 10.7387 -3.51
    endloop
  endfacet
  facet normal 0 0 -1
    outer loop
      vertex 24.9657 10.4417 -3.51
      vertex 25.4371 9.55977 -3.51
      vertex 25.2419 9.46747 -3.51
    endloop
  endfacet
  facet normal 0 0 -1
    outer loop
      vertex 25.7957 9.79938 -3.51
      vertex 25.1613 10.5724 -3.51
      vertex 25.2485 10.6515 -3.51
    endloop
  endfacet
  facet normal 0 0 -1
    outer loop
      vertex 25.6223 9.67077 -3.51
      vertex 25.0667 10.5022 -3.51
      vertex 25.1613 10.5724 -3.51
    endloop
  endfacet
  facet normal 0 0 -1
    outer loop
      vertex 24.8592 10.3913 -3.51
      vertex 25.2419 9.46747 -3.51
      vertex 25.0386 9.39473 -3.51
    endloop
  endfacet
  facet normal 0 0 -1
    outer loop
      vertex 25.4371 9.55977 -3.51
      vertex 24.9657 10.4417 -3.51
      vertex 25.0667 10.5022 -3.51
    endloop
  endfacet
  facet normal 0 0 -1
    outer loop
      vertex 25.2419 9.46747 -3.51
      vertex 24.8592 10.3913 -3.51
      vertex 24.9657 10.4417 -3.51
    endloop
  endfacet
  facet normal 0 0 -1
    outer loop
      vertex 24.7483 10.3517 -3.51
      vertex 25.0386 9.39473 -3.51
      vertex 24.8292 9.34227 -3.51
    endloop
  endfacet
  facet normal 0 0 -1
    outer loop
      vertex 25.0386 9.39473 -3.51
      vertex 24.7483 10.3517 -3.51
      vertex 24.8592 10.3913 -3.51
    endloop
  endfacet
  facet normal 0 0 -1
    outer loop
      vertex 24.8292 9.34227 -3.51
      vertex 24.6341 10.3231 -3.51
      vertex 24.7483 10.3517 -3.51
    endloop
  endfacet
  facet normal 0 0 -1
    outer loop
      vertex 24.6156 9.31059 -3.51
      vertex 24.6341 10.3231 -3.51
      vertex 24.8292 9.34227 -3.51
    endloop
  endfacet
  facet normal 0 0 -1
    outer loop
      vertex 24.6156 9.31059 -3.51
      vertex 24.5176 10.3058 -3.51
      vertex 24.6341 10.3231 -3.51
    endloop
  endfacet
  facet normal 0 0 -1
    outer loop
      vertex 24.4 9.3 -3.51
      vertex 24.5176 10.3058 -3.51
      vertex 24.6156 9.31059 -3.51
    endloop
  endfacet
  facet normal 0 0 -1
    outer loop
      vertex 24.4 9.3 -3.51
      vertex 24.4 10.3 -3.51
      vertex 24.5176 10.3058 -3.51
    endloop
  endfacet
  facet normal 0 0 -1
    outer loop
      vertex 24.4 9.3 -3.51
      vertex 24.2824 10.3058 -3.51
      vertex 24.4 10.3 -3.51
    endloop
  endfacet
  facet normal 0 0 -1
    outer loop
      vertex 24.1844 9.31059 -3.51
      vertex 24.2824 10.3058 -3.51
      vertex 24.4 9.3 -3.51
    endloop
  endfacet
  facet normal 0 0 -1
    outer loop
      vertex 24.1844 9.31059 -3.51
      vertex 24.1659 10.3231 -3.51
      vertex 24.2824 10.3058 -3.51
    endloop
  endfacet
  facet normal 0 0 -1
    outer loop
      vertex 23.9708 9.34227 -3.51
      vertex 24.1659 10.3231 -3.51
      vertex 24.1844 9.31059 -3.51
    endloop
  endfacet
  facet normal -0 0 -1
    outer loop
      vertex 24.1659 10.3231 -3.51
      vertex 23.9708 9.34227 -3.51
      vertex 24.0517 10.3517 -3.51
    endloop
  endfacet
  facet normal 0 0 -1
    outer loop
      vertex 23.7614 9.39473 -3.51
      vertex 24.0517 10.3517 -3.51
      vertex 23.9708 9.34227 -3.51
    endloop
  endfacet
  facet normal -0 0 -1
    outer loop
      vertex 24.0517 10.3517 -3.51
      vertex 23.7614 9.39473 -3.51
      vertex 23.9408 10.3913 -3.51
    endloop
  endfacet
  facet normal 0 0 -1
    outer loop
      vertex 23.5581 9.46747 -3.51
      vertex 23.9408 10.3913 -3.51
      vertex 23.7614 9.39473 -3.51
    endloop
  endfacet
  facet normal -0 0 -1
    outer loop
      vertex 23.9408 10.3913 -3.51
      vertex 23.5581 9.46747 -3.51
      vertex 23.8343 10.4417 -3.51
    endloop
  endfacet
  facet normal 0 0 -1
    outer loop
      vertex 23.3629 9.55977 -3.51
      vertex 23.8343 10.4417 -3.51
      vertex 23.5581 9.46747 -3.51
    endloop
  endfacet
  facet normal -0 0 -1
    outer loop
      vertex 23.8343 10.4417 -3.51
      vertex 23.3629 9.55977 -3.51
      vertex 23.7333 10.5022 -3.51
    endloop
  endfacet
  facet normal 0 0 -1
    outer loop
      vertex 23.1777 9.67077 -3.51
      vertex 23.7333 10.5022 -3.51
      vertex 23.3629 9.55977 -3.51
    endloop
  endfacet
  facet normal -0 0 -1
    outer loop
      vertex 23.7333 10.5022 -3.51
      vertex 23.1777 9.67077 -3.51
      vertex 23.6387 10.5724 -3.51
    endloop
  endfacet
  facet normal 0 0 -1
    outer loop
      vertex 23.0043 9.79938 -3.51
      vertex 23.6387 10.5724 -3.51
      vertex 23.1777 9.67077 -3.51
    endloop
  endfacet
  facet normal -0 0 -1
    outer loop
      vertex 23.6387 10.5724 -3.51
      vertex 23.0043 9.79938 -3.51
      vertex 23.5515 10.6515 -3.51
    endloop
  endfacet
  facet normal 0 0 -1
    outer loop
      vertex 22.8444 9.94437 -3.51
      vertex 23.5515 10.6515 -3.51
      vertex 23.0043 9.79938 -3.51
    endloop
  endfacet
  facet normal -0 0 -1
    outer loop
      vertex 23.5515 10.6515 -3.51
      vertex 22.8444 9.94437 -3.51
      vertex 23.4724 10.7387 -3.51
    endloop
  endfacet
  facet normal 0 0 -1
    outer loop
      vertex 22.6994 10.1043 -3.51
      vertex 23.4724 10.7387 -3.51
      vertex 22.8444 9.94437 -3.51
    endloop
  endfacet
  facet normal -0 0 -1
    outer loop
      vertex 23.4724 10.7387 -3.51
      vertex 22.6994 10.1043 -3.51
      vertex 23.4022 10.8333 -3.51
    endloop
  endfacet
  facet normal 0 0 -1
    outer loop
      vertex 22.5708 10.2777 -3.51
      vertex 23.4022 10.8333 -3.51
      vertex 22.6994 10.1043 -3.51
    endloop
  endfacet
  facet normal 0 0 -1
    outer loop
      vertex 22.4598 10.4629 -3.51
      vertex 23.3417 10.9343 -3.51
      vertex 22.5708 10.2777 -3.51
    endloop
  endfacet
  facet normal -0 0 -1
    outer loop
      vertex 23.4022 10.8333 -3.51
      vertex 22.5708 10.2777 -3.51
      vertex 23.3417 10.9343 -3.51
    endloop
  endfacet
  facet normal -0 0 -1
    outer loop
      vertex 26.3402 12.5371 -3.51
      vertex 25.4583 12.0657 -3.51
      vertex 26.2292 12.7223 -3.51
    endloop
  endfacet
  facet normal 0 0 -1
    outer loop
      vertex 25.3978 12.1667 -3.51
      vertex 26.2292 12.7223 -3.51
      vertex 25.4583 12.0657 -3.51
    endloop
  endfacet
  facet normal -0 0 -1
    outer loop
      vertex 26.2292 12.7223 -3.51
      vertex 25.3978 12.1667 -3.51
      vertex 26.1006 12.8957 -3.51
    endloop
  endfacet
  facet normal 0 0 -1
    outer loop
      vertex 25.3276 12.2613 -3.51
      vertex 26.1006 12.8957 -3.51
      vertex 25.3978 12.1667 -3.51
    endloop
  endfacet
  facet normal -0 0 -1
    outer loop
      vertex 26.1006 12.8957 -3.51
      vertex 25.3276 12.2613 -3.51
      vertex 25.9556 13.0556 -3.51
    endloop
  endfacet
  facet normal 0 0 -1
    outer loop
      vertex 25.2485 12.3485 -3.51
      vertex 25.9556 13.0556 -3.51
      vertex 25.3276 12.2613 -3.51
    endloop
  endfacet
  facet normal -0 0 -1
    outer loop
      vertex 25.9556 13.0556 -3.51
      vertex 25.2485 12.3485 -3.51
      vertex 25.7957 13.2006 -3.51
    endloop
  endfacet
  facet normal 0 0 -1
    outer loop
      vertex 25.1613 12.4276 -3.51
      vertex 25.7957 13.2006 -3.51
      vertex 25.2485 12.3485 -3.51
    endloop
  endfacet
  facet normal -0 0 -1
    outer loop
      vertex 25.7957 13.2006 -3.51
      vertex 25.1613 12.4276 -3.51
      vertex 25.6223 13.3292 -3.51
    endloop
  endfacet
  facet normal 0 0 -1
    outer loop
      vertex 25.0667 12.4978 -3.51
      vertex 25.6223 13.3292 -3.51
      vertex 25.1613 12.4276 -3.51
    endloop
  endfacet
  facet normal -0 0 -1
    outer loop
      vertex 25.6223 13.3292 -3.51
      vertex 25.0667 12.4978 -3.51
      vertex 25.4371 13.4402 -3.51
    endloop
  endfacet
  facet normal 0 0 -1
    outer loop
      vertex 24.9657 12.5583 -3.51
      vertex 25.4371 13.4402 -3.51
      vertex 25.0667 12.4978 -3.51
    endloop
  endfacet
  facet normal -0 0 -1
    outer loop
      vertex 25.4371 13.4402 -3.51
      vertex 24.9657 12.5583 -3.51
      vertex 25.2419 13.5325 -3.51
    endloop
  endfacet
  facet normal 0 0 -1
    outer loop
      vertex 24.8592 12.6087 -3.51
      vertex 25.2419 13.5325 -3.51
      vertex 24.9657 12.5583 -3.51
    endloop
  endfacet
  facet normal -0 0 -1
    outer loop
      vertex 25.2419 13.5325 -3.51
      vertex 24.8592 12.6087 -3.51
      vertex 25.0386 13.6053 -3.51
    endloop
  endfacet
  facet normal 0 0 -1
    outer loop
      vertex 24.7483 12.6483 -3.51
      vertex 25.0386 13.6053 -3.51
      vertex 24.8592 12.6087 -3.51
    endloop
  endfacet
  facet normal -0 0 -1
    outer loop
      vertex 25.0386 13.6053 -3.51
      vertex 24.7483 12.6483 -3.51
      vertex 24.8292 13.6577 -3.51
    endloop
  endfacet
  facet normal 0 0 -1
    outer loop
      vertex 24.6341 12.6769 -3.51
      vertex 24.8292 13.6577 -3.51
      vertex 24.7483 12.6483 -3.51
    endloop
  endfacet
  facet normal 0 0 -1
    outer loop
      vertex 24.6341 12.6769 -3.51
      vertex 24.6156 13.6894 -3.51
      vertex 24.8292 13.6577 -3.51
    endloop
  endfacet
  facet normal 0 0 -1
    outer loop
      vertex 24.5176 12.6942 -3.51
      vertex 24.6156 13.6894 -3.51
      vertex 24.6341 12.6769 -3.51
    endloop
  endfacet
  facet normal 0 0 -1
    outer loop
      vertex 24.4 12.7 -3.51
      vertex 24.6156 13.6894 -3.51
      vertex 24.5176 12.6942 -3.51
    endloop
  endfacet
  facet normal 0 0 -1
    outer loop
      vertex 24.4 12.7 -3.51
      vertex 24.4 13.7 -3.51
      vertex 24.6156 13.6894 -3.51
    endloop
  endfacet
  facet normal 0 0 -1
    outer loop
      vertex 24.2824 12.6942 -3.51
      vertex 24.4 13.7 -3.51
      vertex 24.4 12.7 -3.51
    endloop
  endfacet
  facet normal 0 0 -1
    outer loop
      vertex 24.2824 12.6942 -3.51
      vertex 24.1844 13.6894 -3.51
      vertex 24.4 13.7 -3.51
    endloop
  endfacet
  facet normal 0 0 -1
    outer loop
      vertex 24.1659 12.6769 -3.51
      vertex 24.1844 13.6894 -3.51
      vertex 24.2824 12.6942 -3.51
    endloop
  endfacet
  facet normal 0 0 -1
    outer loop
      vertex 23.9708 13.6577 -3.51
      vertex 24.1659 12.6769 -3.51
      vertex 24.0517 12.6483 -3.51
    endloop
  endfacet
  facet normal 0 0 -1
    outer loop
      vertex 24.1659 12.6769 -3.51
      vertex 23.9708 13.6577 -3.51
      vertex 24.1844 13.6894 -3.51
    endloop
  endfacet
  facet normal 0 0 -1
    outer loop
      vertex 23.7614 13.6053 -3.51
      vertex 24.0517 12.6483 -3.51
      vertex 23.9408 12.6087 -3.51
    endloop
  endfacet
  facet normal 0 0 -1
    outer loop
      vertex 23.5581 13.5325 -3.51
      vertex 23.9408 12.6087 -3.51
      vertex 23.8343 12.5583 -3.51
    endloop
  endfacet
  facet normal 0 0 -1
    outer loop
      vertex 24.0517 12.6483 -3.51
      vertex 23.7614 13.6053 -3.51
      vertex 23.9708 13.6577 -3.51
    endloop
  endfacet
  facet normal 0 0 -1
    outer loop
      vertex 23.3629 13.4402 -3.51
      vertex 23.8343 12.5583 -3.51
      vertex 23.7333 12.4978 -3.51
    endloop
  endfacet
  facet normal 0 0 -1
    outer loop
      vertex 23.1777 13.3292 -3.51
      vertex 23.7333 12.4978 -3.51
      vertex 23.6387 12.4276 -3.51
    endloop
  endfacet
  facet normal 0 0 -1
    outer loop
      vertex 23.9408 12.6087 -3.51
      vertex 23.5581 13.5325 -3.51
      vertex 23.7614 13.6053 -3.51
    endloop
  endfacet
  facet normal 0 0 -1
    outer loop
      vertex 23.0043 13.2006 -3.51
      vertex 23.6387 12.4276 -3.51
      vertex 23.5515 12.3485 -3.51
    endloop
  endfacet
  facet normal 0 0 -1
    outer loop
      vertex 22.8444 13.0556 -3.51
      vertex 23.5515 12.3485 -3.51
      vertex 23.4724 12.2613 -3.51
    endloop
  endfacet
  facet normal 0 0 -1
    outer loop
      vertex 22.6994 12.8957 -3.51
      vertex 23.4724 12.2613 -3.51
      vertex 23.4022 12.1667 -3.51
    endloop
  endfacet
  facet normal 0 0 -1
    outer loop
      vertex 23.8343 12.5583 -3.51
      vertex 23.3629 13.4402 -3.51
      vertex 23.5581 13.5325 -3.51
    endloop
  endfacet
  facet normal 0 0 -1
    outer loop
      vertex 22.5708 12.7223 -3.51
      vertex 23.4022 12.1667 -3.51
      vertex 23.3417 12.0657 -3.51
    endloop
  endfacet
  facet normal 0 0 -1
    outer loop
      vertex 22.4598 12.5371 -3.51
      vertex 23.3417 12.0657 -3.51
      vertex 23.2913 11.9592 -3.51
    endloop
  endfacet
  facet normal 0 0 -1
    outer loop
      vertex 22.3675 12.3419 -3.51
      vertex 23.2913 11.9592 -3.51
      vertex 23.2517 11.8483 -3.51
    endloop
  endfacet
  facet normal 0 0 -1
    outer loop
      vertex 22.2947 12.1386 -3.51
      vertex 23.2517 11.8483 -3.51
      vertex 23.2231 11.7341 -3.51
    endloop
  endfacet
  facet normal 0 0 -1
    outer loop
      vertex 22.2423 11.9292 -3.51
      vertex 23.2231 11.7341 -3.51
      vertex 23.2058 11.6176 -3.51
    endloop
  endfacet
  facet normal 0 0 -1
    outer loop
      vertex 23.7333 12.4978 -3.51
      vertex 23.1777 13.3292 -3.51
      vertex 23.3629 13.4402 -3.51
    endloop
  endfacet
  facet normal 0 0 -1
    outer loop
      vertex 22.2106 11.7156 -3.51
      vertex 23.2058 11.6176 -3.51
      vertex 23.2 11.5 -3.51
    endloop
  endfacet
  facet normal -0 0 -1
    outer loop
      vertex 23.3417 10.9343 -3.51
      vertex 22.4598 10.4629 -3.51
      vertex 23.2913 11.0408 -3.51
    endloop
  endfacet
  facet normal 0 0 -1
    outer loop
      vertex 22.3675 10.6581 -3.51
      vertex 23.2913 11.0408 -3.51
      vertex 22.4598 10.4629 -3.51
    endloop
  endfacet
  facet normal 0 0 -1
    outer loop
      vertex 23.6387 12.4276 -3.51
      vertex 23.0043 13.2006 -3.51
      vertex 23.1777 13.3292 -3.51
    endloop
  endfacet
  facet normal -0 0 -1
    outer loop
      vertex 23.2913 11.0408 -3.51
      vertex 22.3675 10.6581 -3.51
      vertex 23.2517 11.1517 -3.51
    endloop
  endfacet
  facet normal 0 0 -1
    outer loop
      vertex 23.5515 12.3485 -3.51
      vertex 22.8444 13.0556 -3.51
      vertex 23.0043 13.2006 -3.51
    endloop
  endfacet
  facet normal 0 0 -1
    outer loop
      vertex 22.2947 10.8614 -3.51
      vertex 23.2517 11.1517 -3.51
      vertex 22.3675 10.6581 -3.51
    endloop
  endfacet
  facet normal 0 0 -1
    outer loop
      vertex 23.4724 12.2613 -3.51
      vertex 22.6994 12.8957 -3.51
      vertex 22.8444 13.0556 -3.51
    endloop
  endfacet
  facet normal -0 0 -1
    outer loop
      vertex 23.2517 11.1517 -3.51
      vertex 22.2947 10.8614 -3.51
      vertex 23.2231 11.2659 -3.51
    endloop
  endfacet
  facet normal 0 0 -1
    outer loop
      vertex 23.4022 12.1667 -3.51
      vertex 22.5708 12.7223 -3.51
      vertex 22.6994 12.8957 -3.51
    endloop
  endfacet
  facet normal 0 0 -1
    outer loop
      vertex 22.2423 11.0708 -3.51
      vertex 23.2231 11.2659 -3.51
      vertex 22.2947 10.8614 -3.51
    endloop
  endfacet
  facet normal 0 0 -1
    outer loop
      vertex 23.3417 12.0657 -3.51
      vertex 22.4598 12.5371 -3.51
      vertex 22.5708 12.7223 -3.51
    endloop
  endfacet
  facet normal -0 0 -1
    outer loop
      vertex 23.2231 11.2659 -3.51
      vertex 22.2423 11.0708 -3.51
      vertex 23.2058 11.3824 -3.51
    endloop
  endfacet
  facet normal 0 0 -1
    outer loop
      vertex 23.2913 11.9592 -3.51
      vertex 22.3675 12.3419 -3.51
      vertex 22.4598 12.5371 -3.51
    endloop
  endfacet
  facet normal 0 0 -1
    outer loop
      vertex 22.2106 11.2844 -3.51
      vertex 23.2058 11.3824 -3.51
      vertex 22.2423 11.0708 -3.51
    endloop
  endfacet
  facet normal 0 0 -1
    outer loop
      vertex 23.2517 11.8483 -3.51
      vertex 22.2947 12.1386 -3.51
      vertex 22.3675 12.3419 -3.51
    endloop
  endfacet
  facet normal -0 0 -1
    outer loop
      vertex 23.2058 11.3824 -3.51
      vertex 22.2106 11.2844 -3.51
      vertex 23.2 11.5 -3.51
    endloop
  endfacet
  facet normal 0 0 -1
    outer loop
      vertex 23.2231 11.7341 -3.51
      vertex 22.2423 11.9292 -3.51
      vertex 22.2947 12.1386 -3.51
    endloop
  endfacet
  facet normal 0 0 -1
    outer loop
      vertex 22.2 11.5 -3.51
      vertex 23.2 11.5 -3.51
      vertex 22.2106 11.2844 -3.51
    endloop
  endfacet
  facet normal 0 0 -1
    outer loop
      vertex 23.2058 11.6176 -3.51
      vertex 22.2106 11.7156 -3.51
      vertex 22.2423 11.9292 -3.51
    endloop
  endfacet
  facet normal 0 0 -1
    outer loop
      vertex 23.2 11.5 -3.51
      vertex 22.2 11.5 -3.51
      vertex 22.2106 11.7156 -3.51
    endloop
  endfacet
endsolid OpenSCAD_Model
